ISO-10303-21;
HEADER;
/* Generated by software containing ST-Developer
 * from STEP Tools, Inc. (www.steptools.com) 
 */

FILE_DESCRIPTION(
/* description */ (''),
/* implementation_level */ '2;1');

FILE_NAME(
/* name */ 'rt_grip_body.step',
/* time_stamp */ '2026-07-19T17:08:19-04:00',
/* author */ (''),
/* organization */ (''),
/* preprocessor_version */ 'ST-DEVELOPER v20.1',
/* originating_system */ 'Autodesk Translation Framework v15.8.0.0',
/* authorisation */ '');

FILE_SCHEMA (('AUTOMOTIVE_DESIGN { 1 0 10303 214 3 1 1 }'));
ENDSEC;

DATA;
#10=MECHANICAL_DESIGN_GEOMETRIC_PRESENTATION_REPRESENTATION('',(#28,#29),
#2854);
#11=SHAPE_REPRESENTATION_RELATIONSHIP('SRR','None',#2861,#12);
#12=ADVANCED_BREP_SHAPE_REPRESENTATION('',(#30,#31),#2853);
#13=FACE_BOUND('',#241,.T.);
#14=FACE_BOUND('',#242,.T.);
#15=FACE_BOUND('',#243,.T.);
#16=FACE_BOUND('',#244,.T.);
#17=FACE_BOUND('',#245,.T.);
#18=FACE_BOUND('',#249,.T.);
#19=FACE_BOUND('',#255,.T.);
#20=FACE_BOUND('',#256,.T.);
#21=FACE_BOUND('',#257,.T.);
#22=FACE_BOUND('',#258,.T.);
#23=FACE_BOUND('',#259,.T.);
#24=FACE_BOUND('',#268,.T.);
#25=FACE_BOUND('',#272,.T.);
#26=FACE_BOUND('',#276,.T.);
#27=FACE_BOUND('',#280,.T.);
#28=STYLED_ITEM('',(#2870),#30);
#29=STYLED_ITEM('',(#2870),#31);
#30=MANIFOLD_SOLID_BREP('Body1',#1737);
#31=MANIFOLD_SOLID_BREP('Body1',#1738);
#32=PLANE('',#1758);
#33=PLANE('',#1759);
#34=PLANE('',#1760);
#35=PLANE('',#1761);
#36=PLANE('',#1768);
#37=PLANE('',#1769);
#38=PLANE('',#1770);
#39=PLANE('',#1771);
#40=PLANE('',#1772);
#41=PLANE('',#1773);
#42=PLANE('',#1774);
#43=PLANE('',#1775);
#44=PLANE('',#1776);
#45=PLANE('',#1777);
#46=PLANE('',#1778);
#47=PLANE('',#1779);
#48=PLANE('',#1780);
#49=PLANE('',#1781);
#50=PLANE('',#1788);
#51=PLANE('',#1789);
#52=PLANE('',#1790);
#53=PLANE('',#1792);
#54=PLANE('',#1799);
#55=PLANE('',#1800);
#56=PLANE('',#1801);
#57=PLANE('',#1802);
#58=PLANE('',#1803);
#59=PLANE('',#1810);
#60=PLANE('',#1811);
#61=PLANE('',#1812);
#62=PLANE('',#1818);
#63=PLANE('',#1819);
#64=PLANE('',#1820);
#65=PLANE('',#1821);
#66=PLANE('',#1822);
#67=PLANE('',#1823);
#68=PLANE('',#1824);
#69=PLANE('',#1830);
#70=PLANE('',#1831);
#71=PLANE('',#1832);
#72=PLANE('',#1836);
#73=PLANE('',#1837);
#74=PLANE('',#1838);
#75=PLANE('',#1839);
#76=PLANE('',#1845);
#77=PLANE('',#1846);
#78=PLANE('',#1847);
#79=PLANE('',#1848);
#80=PLANE('',#1849);
#81=PLANE('',#1850);
#82=PLANE('',#1853);
#83=PLANE('',#1858);
#84=PLANE('',#1863);
#85=PLANE('',#1868);
#86=PLANE('',#1872);
#87=PLANE('',#1873);
#88=PLANE('',#1874);
#89=PLANE('',#1875);
#90=PLANE('',#1876);
#91=PLANE('',#1877);
#92=PLANE('',#1878);
#93=PLANE('',#1879);
#94=PLANE('',#1880);
#95=PLANE('',#1881);
#96=PLANE('',#1882);
#97=PLANE('',#1883);
#98=PLANE('',#1884);
#99=PLANE('',#1885);
#100=PLANE('',#1886);
#101=FACE_OUTER_BOUND('',#192,.T.);
#102=FACE_OUTER_BOUND('',#193,.T.);
#103=FACE_OUTER_BOUND('',#194,.T.);
#104=FACE_OUTER_BOUND('',#195,.T.);
#105=FACE_OUTER_BOUND('',#196,.T.);
#106=FACE_OUTER_BOUND('',#197,.T.);
#107=FACE_OUTER_BOUND('',#198,.T.);
#108=FACE_OUTER_BOUND('',#199,.T.);
#109=FACE_OUTER_BOUND('',#200,.T.);
#110=FACE_OUTER_BOUND('',#201,.T.);
#111=FACE_OUTER_BOUND('',#202,.T.);
#112=FACE_OUTER_BOUND('',#203,.T.);
#113=FACE_OUTER_BOUND('',#204,.T.);
#114=FACE_OUTER_BOUND('',#205,.T.);
#115=FACE_OUTER_BOUND('',#206,.T.);
#116=FACE_OUTER_BOUND('',#207,.T.);
#117=FACE_OUTER_BOUND('',#208,.T.);
#118=FACE_OUTER_BOUND('',#209,.T.);
#119=FACE_OUTER_BOUND('',#210,.T.);
#120=FACE_OUTER_BOUND('',#211,.T.);
#121=FACE_OUTER_BOUND('',#212,.T.);
#122=FACE_OUTER_BOUND('',#213,.T.);
#123=FACE_OUTER_BOUND('',#214,.T.);
#124=FACE_OUTER_BOUND('',#215,.T.);
#125=FACE_OUTER_BOUND('',#216,.T.);
#126=FACE_OUTER_BOUND('',#217,.T.);
#127=FACE_OUTER_BOUND('',#218,.T.);
#128=FACE_OUTER_BOUND('',#219,.T.);
#129=FACE_OUTER_BOUND('',#220,.T.);
#130=FACE_OUTER_BOUND('',#221,.T.);
#131=FACE_OUTER_BOUND('',#222,.T.);
#132=FACE_OUTER_BOUND('',#223,.T.);
#133=FACE_OUTER_BOUND('',#224,.T.);
#134=FACE_OUTER_BOUND('',#225,.T.);
#135=FACE_OUTER_BOUND('',#226,.T.);
#136=FACE_OUTER_BOUND('',#227,.T.);
#137=FACE_OUTER_BOUND('',#228,.T.);
#138=FACE_OUTER_BOUND('',#229,.T.);
#139=FACE_OUTER_BOUND('',#230,.T.);
#140=FACE_OUTER_BOUND('',#231,.T.);
#141=FACE_OUTER_BOUND('',#232,.T.);
#142=FACE_OUTER_BOUND('',#233,.T.);
#143=FACE_OUTER_BOUND('',#234,.T.);
#144=FACE_OUTER_BOUND('',#235,.T.);
#145=FACE_OUTER_BOUND('',#236,.T.);
#146=FACE_OUTER_BOUND('',#237,.T.);
#147=FACE_OUTER_BOUND('',#238,.T.);
#148=FACE_OUTER_BOUND('',#239,.T.);
#149=FACE_OUTER_BOUND('',#240,.T.);
#150=FACE_OUTER_BOUND('',#246,.T.);
#151=FACE_OUTER_BOUND('',#247,.T.);
#152=FACE_OUTER_BOUND('',#248,.T.);
#153=FACE_OUTER_BOUND('',#250,.T.);
#154=FACE_OUTER_BOUND('',#251,.T.);
#155=FACE_OUTER_BOUND('',#252,.T.);
#156=FACE_OUTER_BOUND('',#253,.T.);
#157=FACE_OUTER_BOUND('',#254,.T.);
#158=FACE_OUTER_BOUND('',#260,.T.);
#159=FACE_OUTER_BOUND('',#261,.T.);
#160=FACE_OUTER_BOUND('',#262,.T.);
#161=FACE_OUTER_BOUND('',#263,.T.);
#162=FACE_OUTER_BOUND('',#264,.T.);
#163=FACE_OUTER_BOUND('',#265,.T.);
#164=FACE_OUTER_BOUND('',#266,.T.);
#165=FACE_OUTER_BOUND('',#267,.T.);
#166=FACE_OUTER_BOUND('',#269,.T.);
#167=FACE_OUTER_BOUND('',#270,.T.);
#168=FACE_OUTER_BOUND('',#271,.T.);
#169=FACE_OUTER_BOUND('',#273,.T.);
#170=FACE_OUTER_BOUND('',#274,.T.);
#171=FACE_OUTER_BOUND('',#275,.T.);
#172=FACE_OUTER_BOUND('',#277,.T.);
#173=FACE_OUTER_BOUND('',#278,.T.);
#174=FACE_OUTER_BOUND('',#279,.T.);
#175=FACE_OUTER_BOUND('',#281,.T.);
#176=FACE_OUTER_BOUND('',#282,.T.);
#177=FACE_OUTER_BOUND('',#283,.T.);
#178=FACE_OUTER_BOUND('',#284,.T.);
#179=FACE_OUTER_BOUND('',#285,.T.);
#180=FACE_OUTER_BOUND('',#286,.T.);
#181=FACE_OUTER_BOUND('',#287,.T.);
#182=FACE_OUTER_BOUND('',#288,.T.);
#183=FACE_OUTER_BOUND('',#289,.T.);
#184=FACE_OUTER_BOUND('',#290,.T.);
#185=FACE_OUTER_BOUND('',#291,.T.);
#186=FACE_OUTER_BOUND('',#292,.T.);
#187=FACE_OUTER_BOUND('',#293,.T.);
#188=FACE_OUTER_BOUND('',#294,.T.);
#189=FACE_OUTER_BOUND('',#295,.T.);
#190=FACE_OUTER_BOUND('',#296,.T.);
#191=FACE_OUTER_BOUND('',#297,.T.);
#192=EDGE_LOOP('',(#1140,#1141,#1142,#1143));
#193=EDGE_LOOP('',(#1144,#1145,#1146,#1147));
#194=EDGE_LOOP('',(#1148,#1149,#1150,#1151));
#195=EDGE_LOOP('',(#1152,#1153,#1154,#1155,#1156,#1157,#1158,#1159,#1160,
#1161,#1162,#1163,#1164,#1165,#1166,#1167));
#196=EDGE_LOOP('',(#1168,#1169,#1170,#1171));
#197=EDGE_LOOP('',(#1172,#1173,#1174,#1175));
#198=EDGE_LOOP('',(#1176,#1177,#1178,#1179));
#199=EDGE_LOOP('',(#1180,#1181,#1182,#1183));
#200=EDGE_LOOP('',(#1184,#1185,#1186,#1187));
#201=EDGE_LOOP('',(#1188,#1189,#1190,#1191));
#202=EDGE_LOOP('',(#1192,#1193,#1194,#1195));
#203=EDGE_LOOP('',(#1196,#1197,#1198,#1199,#1200,#1201,#1202,#1203));
#204=EDGE_LOOP('',(#1204,#1205,#1206,#1207));
#205=EDGE_LOOP('',(#1208,#1209,#1210,#1211));
#206=EDGE_LOOP('',(#1212,#1213,#1214,#1215));
#207=EDGE_LOOP('',(#1216,#1217,#1218,#1219,#1220,#1221,#1222,#1223));
#208=EDGE_LOOP('',(#1224,#1225,#1226,#1227));
#209=EDGE_LOOP('',(#1228,#1229,#1230,#1231));
#210=EDGE_LOOP('',(#1232,#1233,#1234,#1235));
#211=EDGE_LOOP('',(#1236,#1237,#1238,#1239,#1240,#1241,#1242,#1243,#1244,
#1245,#1246,#1247,#1248,#1249,#1250,#1251));
#212=EDGE_LOOP('',(#1252,#1253,#1254,#1255));
#213=EDGE_LOOP('',(#1256,#1257,#1258,#1259));
#214=EDGE_LOOP('',(#1260,#1261,#1262,#1263));
#215=EDGE_LOOP('',(#1264,#1265,#1266,#1267));
#216=EDGE_LOOP('',(#1268,#1269,#1270,#1271,#1272,#1273));
#217=EDGE_LOOP('',(#1274,#1275,#1276,#1277,#1278,#1279,#1280,#1281,#1282,
#1283,#1284,#1285,#1286,#1287,#1288,#1289,#1290));
#218=EDGE_LOOP('',(#1291,#1292,#1293,#1294,#1295,#1296));
#219=EDGE_LOOP('',(#1297,#1298,#1299,#1300));
#220=EDGE_LOOP('',(#1301,#1302,#1303,#1304));
#221=EDGE_LOOP('',(#1305,#1306,#1307,#1308));
#222=EDGE_LOOP('',(#1309,#1310,#1311,#1312,#1313,#1314));
#223=EDGE_LOOP('',(#1315,#1316,#1317,#1318,#1319,#1320));
#224=EDGE_LOOP('',(#1321,#1322,#1323,#1324,#1325,#1326,#1327,#1328,#1329,
#1330,#1331,#1332,#1333,#1334,#1335,#1336,#1337));
#225=EDGE_LOOP('',(#1338,#1339,#1340,#1341));
#226=EDGE_LOOP('',(#1342,#1343,#1344,#1345,#1346,#1347));
#227=EDGE_LOOP('',(#1348,#1349,#1350,#1351));
#228=EDGE_LOOP('',(#1352,#1353,#1354,#1355));
#229=EDGE_LOOP('',(#1356,#1357,#1358,#1359));
#230=EDGE_LOOP('',(#1360,#1361,#1362,#1363,#1364,#1365,#1366,#1367,#1368));
#231=EDGE_LOOP('',(#1369,#1370,#1371,#1372));
#232=EDGE_LOOP('',(#1373,#1374,#1375,#1376));
#233=EDGE_LOOP('',(#1377,#1378,#1379,#1380));
#234=EDGE_LOOP('',(#1381,#1382,#1383,#1384));
#235=EDGE_LOOP('',(#1385,#1386,#1387,#1388));
#236=EDGE_LOOP('',(#1389,#1390,#1391,#1392));
#237=EDGE_LOOP('',(#1393,#1394,#1395,#1396));
#238=EDGE_LOOP('',(#1397,#1398,#1399,#1400,#1401,#1402,#1403,#1404));
#239=EDGE_LOOP('',(#1405,#1406,#1407,#1408,#1409,#1410));
#240=EDGE_LOOP('',(#1411,#1412,#1413,#1414));
#241=EDGE_LOOP('',(#1415));
#242=EDGE_LOOP('',(#1416));
#243=EDGE_LOOP('',(#1417));
#244=EDGE_LOOP('',(#1418));
#245=EDGE_LOOP('',(#1419));
#246=EDGE_LOOP('',(#1420,#1421,#1422,#1423));
#247=EDGE_LOOP('',(#1424,#1425,#1426,#1427,#1428,#1429));
#248=EDGE_LOOP('',(#1430));
#249=EDGE_LOOP('',(#1431));
#250=EDGE_LOOP('',(#1432,#1433,#1434,#1435));
#251=EDGE_LOOP('',(#1436,#1437,#1438,#1439));
#252=EDGE_LOOP('',(#1440,#1441,#1442,#1443));
#253=EDGE_LOOP('',(#1444,#1445,#1446,#1447,#1448,#1449));
#254=EDGE_LOOP('',(#1450,#1451,#1452,#1453));
#255=EDGE_LOOP('',(#1454));
#256=EDGE_LOOP('',(#1455));
#257=EDGE_LOOP('',(#1456));
#258=EDGE_LOOP('',(#1457));
#259=EDGE_LOOP('',(#1458));
#260=EDGE_LOOP('',(#1459,#1460,#1461,#1462));
#261=EDGE_LOOP('',(#1463,#1464,#1465,#1466,#1467,#1468));
#262=EDGE_LOOP('',(#1469,#1470,#1471,#1472));
#263=EDGE_LOOP('',(#1473,#1474,#1475,#1476,#1477,#1478,#1479,#1480));
#264=EDGE_LOOP('',(#1481,#1482,#1483,#1484));
#265=EDGE_LOOP('',(#1485,#1486,#1487,#1488));
#266=EDGE_LOOP('',(#1489,#1490,#1491,#1492));
#267=EDGE_LOOP('',(#1493));
#268=EDGE_LOOP('',(#1494));
#269=EDGE_LOOP('',(#1495,#1496,#1497,#1498));
#270=EDGE_LOOP('',(#1499,#1500,#1501,#1502));
#271=EDGE_LOOP('',(#1503));
#272=EDGE_LOOP('',(#1504));
#273=EDGE_LOOP('',(#1505,#1506,#1507,#1508));
#274=EDGE_LOOP('',(#1509,#1510,#1511,#1512));
#275=EDGE_LOOP('',(#1513));
#276=EDGE_LOOP('',(#1514));
#277=EDGE_LOOP('',(#1515,#1516,#1517,#1518));
#278=EDGE_LOOP('',(#1519,#1520,#1521,#1522));
#279=EDGE_LOOP('',(#1523));
#280=EDGE_LOOP('',(#1524));
#281=EDGE_LOOP('',(#1525,#1526,#1527,#1528));
#282=EDGE_LOOP('',(#1529,#1530,#1531,#1532));
#283=EDGE_LOOP('',(#1533,#1534,#1535,#1536,#1537,#1538,#1539,#1540,#1541));
#284=EDGE_LOOP('',(#1542,#1543,#1544,#1545,#1546,#1547,#1548,#1549,#1550,
#1551,#1552,#1553,#1554,#1555,#1556,#1557));
#285=EDGE_LOOP('',(#1558,#1559,#1560,#1561,#1562,#1563));
#286=EDGE_LOOP('',(#1564,#1565,#1566,#1567));
#287=EDGE_LOOP('',(#1568,#1569,#1570,#1571,#1572,#1573));
#288=EDGE_LOOP('',(#1574,#1575,#1576,#1577));
#289=EDGE_LOOP('',(#1578,#1579,#1580,#1581,#1582,#1583));
#290=EDGE_LOOP('',(#1584,#1585,#1586,#1587));
#291=EDGE_LOOP('',(#1588,#1589,#1590,#1591));
#292=EDGE_LOOP('',(#1592,#1593,#1594,#1595,#1596,#1597));
#293=EDGE_LOOP('',(#1598,#1599,#1600,#1601,#1602,#1603));
#294=EDGE_LOOP('',(#1604,#1605,#1606,#1607));
#295=EDGE_LOOP('',(#1608,#1609,#1610,#1611));
#296=EDGE_LOOP('',(#1612,#1613,#1614,#1615,#1616,#1617,#1618,#1619));
#297=EDGE_LOOP('',(#1620,#1621,#1622,#1623));
#298=CIRCLE('',#1753,2.3);
#299=CIRCLE('',#1754,2.3);
#300=CIRCLE('',#1756,2.3);
#301=CIRCLE('',#1757,2.3);
#302=CIRCLE('',#1762,2.3);
#303=CIRCLE('',#1764,2.3);
#304=CIRCLE('',#1766,2.3);
#305=CIRCLE('',#1767,2.3);
#306=CIRCLE('',#1783,2.3);
#307=CIRCLE('',#1784,2.3);
#308=CIRCLE('',#1786,2.3);
#309=CIRCLE('',#1787,2.3);
#310=CIRCLE('',#1791,2.3);
#311=CIRCLE('',#1794,2.3);
#312=CIRCLE('',#1795,2.3);
#313=CIRCLE('',#1797,2.3);
#314=CIRCLE('',#1798,2.3);
#315=CIRCLE('',#1804,2.3);
#316=CIRCLE('',#1806,2.3);
#317=CIRCLE('',#1808,2.3);
#318=CIRCLE('',#1809,2.3);
#319=CIRCLE('',#1814,2.3);
#320=CIRCLE('',#1816,2.3);
#321=CIRCLE('',#1817,2.3);
#322=CIRCLE('',#1825,1.7);
#323=CIRCLE('',#1826,1.7);
#324=CIRCLE('',#1827,1.7);
#325=CIRCLE('',#1828,1.7);
#326=CIRCLE('',#1829,5.15);
#327=CIRCLE('',#1833,5.15);
#328=CIRCLE('',#1834,3.5);
#329=CIRCLE('',#1840,3.5);
#330=CIRCLE('',#1841,3.25);
#331=CIRCLE('',#1842,3.25);
#332=CIRCLE('',#1843,3.25);
#333=CIRCLE('',#1844,3.25);
#334=CIRCLE('',#1852,1.7);
#335=CIRCLE('',#1854,3.25);
#336=CIRCLE('',#1857,1.7);
#337=CIRCLE('',#1859,3.25);
#338=CIRCLE('',#1862,1.7);
#339=CIRCLE('',#1864,3.25);
#340=CIRCLE('',#1867,1.7);
#341=CIRCLE('',#1869,3.25);
#342=LINE('',#2361,#540);
#343=LINE('',#2365,#541);
#344=LINE('',#2370,#542);
#345=LINE('',#2374,#543);
#346=LINE('',#2377,#544);
#347=LINE('',#2378,#545);
#348=LINE('',#2381,#546);
#349=LINE('',#2383,#547);
#350=LINE('',#2385,#548);
#351=LINE('',#2387,#549);
#352=LINE('',#2389,#550);
#353=LINE('',#2391,#551);
#354=LINE('',#2393,#552);
#355=LINE('',#2395,#553);
#356=LINE('',#2397,#554);
#357=LINE('',#2399,#555);
#358=LINE('',#2401,#556);
#359=LINE('',#2403,#557);
#360=LINE('',#2404,#558);
#361=LINE('',#2407,#559);
#362=LINE('',#2408,#560);
#363=LINE('',#2412,#561);
#364=LINE('',#2415,#562);
#365=LINE('',#2420,#563);
#366=LINE('',#2424,#564);
#367=LINE('',#2427,#565);
#368=LINE('',#2428,#566);
#369=LINE('',#2432,#567);
#370=LINE('',#2434,#568);
#371=LINE('',#2436,#569);
#372=LINE('',#2437,#570);
#373=LINE('',#2440,#571);
#374=LINE('',#2442,#572);
#375=LINE('',#2443,#573);
#376=LINE('',#2445,#574);
#377=LINE('',#2447,#575);
#378=LINE('',#2448,#576);
#379=LINE('',#2451,#577);
#380=LINE('',#2452,#578);
#381=LINE('',#2455,#579);
#382=LINE('',#2456,#580);
#383=LINE('',#2458,#581);
#384=LINE('',#2461,#582);
#385=LINE('',#2463,#583);
#386=LINE('',#2464,#584);
#387=LINE('',#2467,#585);
#388=LINE('',#2468,#586);
#389=LINE('',#2471,#587);
#390=LINE('',#2472,#588);
#391=LINE('',#2474,#589);
#392=LINE('',#2476,#590);
#393=LINE('',#2477,#591);
#394=LINE('',#2483,#592);
#395=LINE('',#2487,#593);
#396=LINE('',#2492,#594);
#397=LINE('',#2496,#595);
#398=LINE('',#2500,#596);
#399=LINE('',#2502,#597);
#400=LINE('',#2503,#598);
#401=LINE('',#2504,#599);
#402=LINE('',#2507,#600);
#403=LINE('',#2509,#601);
#404=LINE('',#2511,#602);
#405=LINE('',#2513,#603);
#406=LINE('',#2515,#604);
#407=LINE('',#2517,#605);
#408=LINE('',#2519,#606);
#409=LINE('',#2521,#607);
#410=LINE('',#2523,#608);
#411=LINE('',#2525,#609);
#412=LINE('',#2527,#610);
#413=LINE('',#2529,#611);
#414=LINE('',#2531,#612);
#415=LINE('',#2532,#613);
#416=LINE('',#2535,#614);
#417=LINE('',#2537,#615);
#418=LINE('',#2539,#616);
#419=LINE('',#2543,#617);
#420=LINE('',#2544,#618);
#421=LINE('',#2548,#619);
#422=LINE('',#2552,#620);
#423=LINE('',#2557,#621);
#424=LINE('',#2561,#622);
#425=LINE('',#2565,#623);
#426=LINE('',#2567,#624);
#427=LINE('',#2568,#625);
#428=LINE('',#2569,#626);
#429=LINE('',#2572,#627);
#430=LINE('',#2574,#628);
#431=LINE('',#2576,#629);
#432=LINE('',#2577,#630);
#433=LINE('',#2580,#631);
#434=LINE('',#2582,#632);
#435=LINE('',#2584,#633);
#436=LINE('',#2586,#634);
#437=LINE('',#2588,#635);
#438=LINE('',#2590,#636);
#439=LINE('',#2592,#637);
#440=LINE('',#2594,#638);
#441=LINE('',#2596,#639);
#442=LINE('',#2598,#640);
#443=LINE('',#2600,#641);
#444=LINE('',#2602,#642);
#445=LINE('',#2604,#643);
#446=LINE('',#2605,#644);
#447=LINE('',#2608,#645);
#448=LINE('',#2609,#646);
#449=LINE('',#2614,#647);
#450=LINE('',#2615,#648);
#451=LINE('',#2618,#649);
#452=LINE('',#2624,#650);
#453=LINE('',#2627,#651);
#454=LINE('',#2630,#652);
#455=LINE('',#2632,#653);
#456=LINE('',#2634,#654);
#457=LINE('',#2636,#655);
#458=LINE('',#2637,#656);
#459=LINE('',#2639,#657);
#460=LINE('',#2642,#658);
#461=LINE('',#2647,#659);
#462=LINE('',#2651,#660);
#463=LINE('',#2654,#661);
#464=LINE('',#2655,#662);
#465=LINE('',#2659,#663);
#466=LINE('',#2661,#664);
#467=LINE('',#2663,#665);
#468=LINE('',#2664,#666);
#469=LINE('',#2667,#667);
#470=LINE('',#2669,#668);
#471=LINE('',#2670,#669);
#472=LINE('',#2673,#670);
#473=LINE('',#2675,#671);
#474=LINE('',#2677,#672);
#475=LINE('',#2679,#673);
#476=LINE('',#2681,#674);
#477=LINE('',#2682,#675);
#478=LINE('',#2685,#676);
#479=LINE('',#2686,#677);
#480=LINE('',#2687,#678);
#481=LINE('',#2688,#679);
#482=LINE('',#2690,#680);
#483=LINE('',#2691,#681);
#484=LINE('',#2703,#682);
#485=LINE('',#2705,#683);
#486=LINE('',#2707,#684);
#487=LINE('',#2708,#685);
#488=LINE('',#2715,#686);
#489=LINE('',#2718,#687);
#490=LINE('',#2719,#688);
#491=LINE('',#2721,#689);
#492=LINE('',#2724,#690);
#493=LINE('',#2725,#691);
#494=LINE('',#2728,#692);
#495=LINE('',#2729,#693);
#496=LINE('',#2742,#694);
#497=LINE('',#2743,#695);
#498=LINE('',#2746,#696);
#499=LINE('',#2747,#697);
#500=LINE('',#2751,#698);
#501=LINE('',#2753,#699);
#502=LINE('',#2755,#700);
#503=LINE('',#2757,#701);
#504=LINE('',#2758,#702);
#505=LINE('',#2760,#703);
#506=LINE('',#2762,#704);
#507=LINE('',#2765,#705);
#508=LINE('',#2771,#706);
#509=LINE('',#2774,#707);
#510=LINE('',#2780,#708);
#511=LINE('',#2783,#709);
#512=LINE('',#2789,#710);
#513=LINE('',#2792,#711);
#514=LINE('',#2798,#712);
#515=LINE('',#2800,#713);
#516=LINE('',#2803,#714);
#517=LINE('',#2804,#715);
#518=LINE('',#2807,#716);
#519=LINE('',#2809,#717);
#520=LINE('',#2811,#718);
#521=LINE('',#2812,#719);
#522=LINE('',#2814,#720);
#523=LINE('',#2815,#721);
#524=LINE('',#2818,#722);
#525=LINE('',#2819,#723);
#526=LINE('',#2822,#724);
#527=LINE('',#2823,#725);
#528=LINE('',#2825,#726);
#529=LINE('',#2829,#727);
#530=LINE('',#2831,#728);
#531=LINE('',#2832,#729);
#532=LINE('',#2835,#730);
#533=LINE('',#2836,#731);
#534=LINE('',#2839,#732);
#535=LINE('',#2840,#733);
#536=LINE('',#2842,#734);
#537=LINE('',#2845,#735);
#538=LINE('',#2846,#736);
#539=LINE('',#2849,#737);
#540=VECTOR('',#1891,10.);
#541=VECTOR('',#1894,10.);
#542=VECTOR('',#1899,10.);
#543=VECTOR('',#1902,10.);
#544=VECTOR('',#1907,10.);
#545=VECTOR('',#1908,10.);
#546=VECTOR('',#1911,10.);
#547=VECTOR('',#1912,10.);
#548=VECTOR('',#1913,10.);
#549=VECTOR('',#1914,10.);
#550=VECTOR('',#1915,10.);
#551=VECTOR('',#1916,10.);
#552=VECTOR('',#1917,10.);
#553=VECTOR('',#1918,10.);
#554=VECTOR('',#1919,10.);
#555=VECTOR('',#1920,10.);
#556=VECTOR('',#1921,10.);
#557=VECTOR('',#1922,10.);
#558=VECTOR('',#1923,10.);
#559=VECTOR('',#1926,10.);
#560=VECTOR('',#1927,10.);
#561=VECTOR('',#1932,10.);
#562=VECTOR('',#1935,10.);
#563=VECTOR('',#1940,10.);
#564=VECTOR('',#1947,10.);
#565=VECTOR('',#1950,10.);
#566=VECTOR('',#1951,10.);
#567=VECTOR('',#1954,10.);
#568=VECTOR('',#1955,10.);
#569=VECTOR('',#1956,10.);
#570=VECTOR('',#1957,10.);
#571=VECTOR('',#1960,10.);
#572=VECTOR('',#1961,10.);
#573=VECTOR('',#1962,10.);
#574=VECTOR('',#1963,10.);
#575=VECTOR('',#1964,10.);
#576=VECTOR('',#1965,10.);
#577=VECTOR('',#1968,10.);
#578=VECTOR('',#1969,10.);
#579=VECTOR('',#1972,10.);
#580=VECTOR('',#1973,10.);
#581=VECTOR('',#1976,10.);
#582=VECTOR('',#1979,10.);
#583=VECTOR('',#1980,10.);
#584=VECTOR('',#1981,10.);
#585=VECTOR('',#1984,10.);
#586=VECTOR('',#1985,10.);
#587=VECTOR('',#1988,10.);
#588=VECTOR('',#1989,10.);
#589=VECTOR('',#1992,10.);
#590=VECTOR('',#1995,10.);
#591=VECTOR('',#1996,10.);
#592=VECTOR('',#2003,10.);
#593=VECTOR('',#2006,10.);
#594=VECTOR('',#2011,10.);
#595=VECTOR('',#2014,10.);
#596=VECTOR('',#2019,10.);
#597=VECTOR('',#2020,10.);
#598=VECTOR('',#2021,10.);
#599=VECTOR('',#2022,10.);
#600=VECTOR('',#2025,10.);
#601=VECTOR('',#2026,10.);
#602=VECTOR('',#2027,10.);
#603=VECTOR('',#2028,10.);
#604=VECTOR('',#2029,10.);
#605=VECTOR('',#2030,10.);
#606=VECTOR('',#2031,10.);
#607=VECTOR('',#2032,10.);
#608=VECTOR('',#2033,10.);
#609=VECTOR('',#2034,10.);
#610=VECTOR('',#2035,10.);
#611=VECTOR('',#2036,10.);
#612=VECTOR('',#2037,10.);
#613=VECTOR('',#2038,10.);
#614=VECTOR('',#2041,10.);
#615=VECTOR('',#2042,10.);
#616=VECTOR('',#2043,10.);
#617=VECTOR('',#2048,10.);
#618=VECTOR('',#2049,10.);
#619=VECTOR('',#2052,10.);
#620=VECTOR('',#2055,10.);
#621=VECTOR('',#2060,10.);
#622=VECTOR('',#2063,10.);
#623=VECTOR('',#2068,10.);
#624=VECTOR('',#2069,10.);
#625=VECTOR('',#2070,10.);
#626=VECTOR('',#2071,10.);
#627=VECTOR('',#2074,10.);
#628=VECTOR('',#2075,10.);
#629=VECTOR('',#2076,10.);
#630=VECTOR('',#2077,10.);
#631=VECTOR('',#2080,10.);
#632=VECTOR('',#2081,10.);
#633=VECTOR('',#2082,10.);
#634=VECTOR('',#2083,10.);
#635=VECTOR('',#2084,10.);
#636=VECTOR('',#2085,10.);
#637=VECTOR('',#2086,10.);
#638=VECTOR('',#2087,10.);
#639=VECTOR('',#2088,10.);
#640=VECTOR('',#2089,10.);
#641=VECTOR('',#2090,10.);
#642=VECTOR('',#2091,10.);
#643=VECTOR('',#2092,10.);
#644=VECTOR('',#2093,10.);
#645=VECTOR('',#2096,10.);
#646=VECTOR('',#2097,10.);
#647=VECTOR('',#2102,10.);
#648=VECTOR('',#2103,10.);
#649=VECTOR('',#2106,10.);
#650=VECTOR('',#2113,10.);
#651=VECTOR('',#2118,10.);
#652=VECTOR('',#2121,10.);
#653=VECTOR('',#2122,10.);
#654=VECTOR('',#2123,10.);
#655=VECTOR('',#2124,10.);
#656=VECTOR('',#2125,10.);
#657=VECTOR('',#2128,10.);
#658=VECTOR('',#2131,10.);
#659=VECTOR('',#2136,10.);
#660=VECTOR('',#2143,10.);
#661=VECTOR('',#2146,10.);
#662=VECTOR('',#2147,10.);
#663=VECTOR('',#2150,10.);
#664=VECTOR('',#2151,10.);
#665=VECTOR('',#2152,10.);
#666=VECTOR('',#2153,10.);
#667=VECTOR('',#2156,10.);
#668=VECTOR('',#2157,10.);
#669=VECTOR('',#2158,10.);
#670=VECTOR('',#2161,10.);
#671=VECTOR('',#2162,10.);
#672=VECTOR('',#2163,10.);
#673=VECTOR('',#2164,10.);
#674=VECTOR('',#2165,10.);
#675=VECTOR('',#2166,10.);
#676=VECTOR('',#2169,10.);
#677=VECTOR('',#2170,10.);
#678=VECTOR('',#2171,10.);
#679=VECTOR('',#2172,10.);
#680=VECTOR('',#2175,10.);
#681=VECTOR('',#2176,10.);
#682=VECTOR('',#2189,10.);
#683=VECTOR('',#2192,10.);
#684=VECTOR('',#2193,10.);
#685=VECTOR('',#2194,10.);
#686=VECTOR('',#2203,5.15);
#687=VECTOR('',#2206,10.);
#688=VECTOR('',#2207,10.);
#689=VECTOR('',#2210,10.);
#690=VECTOR('',#2213,10.);
#691=VECTOR('',#2214,10.);
#692=VECTOR('',#2217,10.);
#693=VECTOR('',#2218,10.);
#694=VECTOR('',#2231,10.);
#695=VECTOR('',#2232,10.);
#696=VECTOR('',#2235,10.);
#697=VECTOR('',#2236,10.);
#698=VECTOR('',#2241,10.);
#699=VECTOR('',#2242,10.);
#700=VECTOR('',#2243,10.);
#701=VECTOR('',#2244,10.);
#702=VECTOR('',#2245,10.);
#703=VECTOR('',#2248,10.);
#704=VECTOR('',#2251,10.);
#705=VECTOR('',#2254,1.7);
#706=VECTOR('',#2263,3.25);
#707=VECTOR('',#2266,1.7);
#708=VECTOR('',#2275,3.25);
#709=VECTOR('',#2278,1.7);
#710=VECTOR('',#2287,3.25);
#711=VECTOR('',#2290,1.7);
#712=VECTOR('',#2299,3.25);
#713=VECTOR('',#2302,3.5);
#714=VECTOR('',#2305,10.);
#715=VECTOR('',#2306,10.);
#716=VECTOR('',#2309,10.);
#717=VECTOR('',#2310,10.);
#718=VECTOR('',#2311,10.);
#719=VECTOR('',#2312,10.);
#720=VECTOR('',#2313,10.);
#721=VECTOR('',#2314,10.);
#722=VECTOR('',#2317,10.);
#723=VECTOR('',#2318,10.);
#724=VECTOR('',#2321,10.);
#725=VECTOR('',#2322,10.);
#726=VECTOR('',#2325,10.);
#727=VECTOR('',#2330,10.);
#728=VECTOR('',#2331,10.);
#729=VECTOR('',#2332,10.);
#730=VECTOR('',#2335,10.);
#731=VECTOR('',#2336,10.);
#732=VECTOR('',#2339,10.);
#733=VECTOR('',#2340,10.);
#734=VECTOR('',#2343,10.);
#735=VECTOR('',#2348,10.);
#736=VECTOR('',#2349,10.);
#737=VECTOR('',#2354,10.);
#738=VERTEX_POINT('',#2359);
#739=VERTEX_POINT('',#2360);
#740=VERTEX_POINT('',#2362);
#741=VERTEX_POINT('',#2364);
#742=VERTEX_POINT('',#2368);
#743=VERTEX_POINT('',#2369);
#744=VERTEX_POINT('',#2371);
#745=VERTEX_POINT('',#2373);
#746=VERTEX_POINT('',#2380);
#747=VERTEX_POINT('',#2382);
#748=VERTEX_POINT('',#2384);
#749=VERTEX_POINT('',#2386);
#750=VERTEX_POINT('',#2388);
#751=VERTEX_POINT('',#2390);
#752=VERTEX_POINT('',#2392);
#753=VERTEX_POINT('',#2394);
#754=VERTEX_POINT('',#2396);
#755=VERTEX_POINT('',#2398);
#756=VERTEX_POINT('',#2400);
#757=VERTEX_POINT('',#2402);
#758=VERTEX_POINT('',#2406);
#759=VERTEX_POINT('',#2410);
#760=VERTEX_POINT('',#2414);
#761=VERTEX_POINT('',#2418);
#762=VERTEX_POINT('',#2419);
#763=VERTEX_POINT('',#2426);
#764=VERTEX_POINT('',#2430);
#765=VERTEX_POINT('',#2431);
#766=VERTEX_POINT('',#2433);
#767=VERTEX_POINT('',#2435);
#768=VERTEX_POINT('',#2439);
#769=VERTEX_POINT('',#2441);
#770=VERTEX_POINT('',#2444);
#771=VERTEX_POINT('',#2446);
#772=VERTEX_POINT('',#2450);
#773=VERTEX_POINT('',#2454);
#774=VERTEX_POINT('',#2460);
#775=VERTEX_POINT('',#2462);
#776=VERTEX_POINT('',#2466);
#777=VERTEX_POINT('',#2470);
#778=VERTEX_POINT('',#2481);
#779=VERTEX_POINT('',#2482);
#780=VERTEX_POINT('',#2484);
#781=VERTEX_POINT('',#2486);
#782=VERTEX_POINT('',#2490);
#783=VERTEX_POINT('',#2491);
#784=VERTEX_POINT('',#2493);
#785=VERTEX_POINT('',#2495);
#786=VERTEX_POINT('',#2499);
#787=VERTEX_POINT('',#2501);
#788=VERTEX_POINT('',#2506);
#789=VERTEX_POINT('',#2508);
#790=VERTEX_POINT('',#2510);
#791=VERTEX_POINT('',#2512);
#792=VERTEX_POINT('',#2514);
#793=VERTEX_POINT('',#2516);
#794=VERTEX_POINT('',#2518);
#795=VERTEX_POINT('',#2520);
#796=VERTEX_POINT('',#2522);
#797=VERTEX_POINT('',#2524);
#798=VERTEX_POINT('',#2526);
#799=VERTEX_POINT('',#2528);
#800=VERTEX_POINT('',#2530);
#801=VERTEX_POINT('',#2534);
#802=VERTEX_POINT('',#2536);
#803=VERTEX_POINT('',#2538);
#804=VERTEX_POINT('',#2542);
#805=VERTEX_POINT('',#2546);
#806=VERTEX_POINT('',#2547);
#807=VERTEX_POINT('',#2549);
#808=VERTEX_POINT('',#2551);
#809=VERTEX_POINT('',#2555);
#810=VERTEX_POINT('',#2556);
#811=VERTEX_POINT('',#2558);
#812=VERTEX_POINT('',#2560);
#813=VERTEX_POINT('',#2564);
#814=VERTEX_POINT('',#2566);
#815=VERTEX_POINT('',#2571);
#816=VERTEX_POINT('',#2573);
#817=VERTEX_POINT('',#2575);
#818=VERTEX_POINT('',#2579);
#819=VERTEX_POINT('',#2581);
#820=VERTEX_POINT('',#2583);
#821=VERTEX_POINT('',#2585);
#822=VERTEX_POINT('',#2587);
#823=VERTEX_POINT('',#2589);
#824=VERTEX_POINT('',#2591);
#825=VERTEX_POINT('',#2593);
#826=VERTEX_POINT('',#2595);
#827=VERTEX_POINT('',#2597);
#828=VERTEX_POINT('',#2599);
#829=VERTEX_POINT('',#2601);
#830=VERTEX_POINT('',#2603);
#831=VERTEX_POINT('',#2607);
#832=VERTEX_POINT('',#2611);
#833=VERTEX_POINT('',#2613);
#834=VERTEX_POINT('',#2617);
#835=VERTEX_POINT('',#2621);
#836=VERTEX_POINT('',#2623);
#837=VERTEX_POINT('',#2629);
#838=VERTEX_POINT('',#2631);
#839=VERTEX_POINT('',#2633);
#840=VERTEX_POINT('',#2635);
#841=VERTEX_POINT('',#2641);
#842=VERTEX_POINT('',#2645);
#843=VERTEX_POINT('',#2646);
#844=VERTEX_POINT('',#2653);
#845=VERTEX_POINT('',#2657);
#846=VERTEX_POINT('',#2658);
#847=VERTEX_POINT('',#2660);
#848=VERTEX_POINT('',#2662);
#849=VERTEX_POINT('',#2666);
#850=VERTEX_POINT('',#2668);
#851=VERTEX_POINT('',#2672);
#852=VERTEX_POINT('',#2674);
#853=VERTEX_POINT('',#2676);
#854=VERTEX_POINT('',#2678);
#855=VERTEX_POINT('',#2680);
#856=VERTEX_POINT('',#2684);
#857=VERTEX_POINT('',#2692);
#858=VERTEX_POINT('',#2694);
#859=VERTEX_POINT('',#2696);
#860=VERTEX_POINT('',#2698);
#861=VERTEX_POINT('',#2700);
#862=VERTEX_POINT('',#2706);
#863=VERTEX_POINT('',#2710);
#864=VERTEX_POINT('',#2712);
#865=VERTEX_POINT('',#2717);
#866=VERTEX_POINT('',#2723);
#867=VERTEX_POINT('',#2727);
#868=VERTEX_POINT('',#2730);
#869=VERTEX_POINT('',#2732);
#870=VERTEX_POINT('',#2734);
#871=VERTEX_POINT('',#2736);
#872=VERTEX_POINT('',#2738);
#873=VERTEX_POINT('',#2741);
#874=VERTEX_POINT('',#2745);
#875=VERTEX_POINT('',#2750);
#876=VERTEX_POINT('',#2752);
#877=VERTEX_POINT('',#2754);
#878=VERTEX_POINT('',#2756);
#879=VERTEX_POINT('',#2764);
#880=VERTEX_POINT('',#2768);
#881=VERTEX_POINT('',#2773);
#882=VERTEX_POINT('',#2777);
#883=VERTEX_POINT('',#2782);
#884=VERTEX_POINT('',#2786);
#885=VERTEX_POINT('',#2791);
#886=VERTEX_POINT('',#2795);
#887=VERTEX_POINT('',#2802);
#888=VERTEX_POINT('',#2806);
#889=VERTEX_POINT('',#2808);
#890=VERTEX_POINT('',#2810);
#891=VERTEX_POINT('',#2813);
#892=VERTEX_POINT('',#2817);
#893=VERTEX_POINT('',#2821);
#894=VERTEX_POINT('',#2828);
#895=VERTEX_POINT('',#2830);
#896=VERTEX_POINT('',#2834);
#897=VERTEX_POINT('',#2838);
#898=EDGE_CURVE('',#738,#739,#342,.T.);
#899=EDGE_CURVE('',#740,#738,#298,.T.);
#900=EDGE_CURVE('',#741,#740,#343,.T.);
#901=EDGE_CURVE('',#741,#739,#299,.T.);
#902=EDGE_CURVE('',#742,#743,#344,.T.);
#903=EDGE_CURVE('',#742,#744,#300,.T.);
#904=EDGE_CURVE('',#745,#744,#345,.T.);
#905=EDGE_CURVE('',#743,#745,#301,.T.);
#906=EDGE_CURVE('',#739,#742,#346,.T.);
#907=EDGE_CURVE('',#744,#741,#347,.T.);
#908=EDGE_CURVE('',#746,#740,#348,.T.);
#909=EDGE_CURVE('',#746,#747,#349,.T.);
#910=EDGE_CURVE('',#748,#747,#350,.T.);
#911=EDGE_CURVE('',#748,#749,#351,.T.);
#912=EDGE_CURVE('',#749,#750,#352,.T.);
#913=EDGE_CURVE('',#751,#750,#353,.T.);
#914=EDGE_CURVE('',#752,#751,#354,.T.);
#915=EDGE_CURVE('',#753,#752,#355,.T.);
#916=EDGE_CURVE('',#754,#753,#356,.T.);
#917=EDGE_CURVE('',#754,#755,#357,.T.);
#918=EDGE_CURVE('',#755,#756,#358,.T.);
#919=EDGE_CURVE('',#756,#757,#359,.T.);
#920=EDGE_CURVE('',#745,#757,#360,.T.);
#921=EDGE_CURVE('',#738,#758,#361,.T.);
#922=EDGE_CURVE('',#758,#746,#362,.T.);
#923=EDGE_CURVE('',#757,#759,#302,.T.);
#924=EDGE_CURVE('',#759,#743,#363,.T.);
#925=EDGE_CURVE('',#759,#760,#364,.T.);
#926=EDGE_CURVE('',#756,#760,#303,.T.);
#927=EDGE_CURVE('',#761,#762,#365,.T.);
#928=EDGE_CURVE('',#761,#755,#304,.T.);
#929=EDGE_CURVE('',#762,#754,#305,.T.);
#930=EDGE_CURVE('',#760,#761,#366,.T.);
#931=EDGE_CURVE('',#753,#763,#367,.T.);
#932=EDGE_CURVE('',#763,#762,#368,.T.);
#933=EDGE_CURVE('',#764,#765,#369,.T.);
#934=EDGE_CURVE('',#766,#764,#370,.T.);
#935=EDGE_CURVE('',#767,#766,#371,.T.);
#936=EDGE_CURVE('',#765,#767,#372,.T.);
#937=EDGE_CURVE('',#766,#768,#373,.T.);
#938=EDGE_CURVE('',#768,#769,#374,.T.);
#939=EDGE_CURVE('',#769,#749,#375,.T.);
#940=EDGE_CURVE('',#770,#748,#376,.T.);
#941=EDGE_CURVE('',#770,#771,#377,.T.);
#942=EDGE_CURVE('',#767,#771,#378,.T.);
#943=EDGE_CURVE('',#772,#764,#379,.T.);
#944=EDGE_CURVE('',#772,#768,#380,.T.);
#945=EDGE_CURVE('',#773,#769,#381,.T.);
#946=EDGE_CURVE('',#750,#773,#382,.T.);
#947=EDGE_CURVE('',#773,#772,#383,.T.);
#948=EDGE_CURVE('',#774,#765,#384,.T.);
#949=EDGE_CURVE('',#775,#774,#385,.T.);
#950=EDGE_CURVE('',#751,#775,#386,.T.);
#951=EDGE_CURVE('',#758,#776,#387,.T.);
#952=EDGE_CURVE('',#747,#776,#388,.T.);
#953=EDGE_CURVE('',#777,#752,#389,.T.);
#954=EDGE_CURVE('',#763,#777,#390,.T.);
#955=EDGE_CURVE('',#775,#777,#391,.T.);
#956=EDGE_CURVE('',#771,#774,#392,.T.);
#957=EDGE_CURVE('',#776,#770,#393,.T.);
#958=EDGE_CURVE('',#778,#779,#394,.T.);
#959=EDGE_CURVE('',#780,#778,#306,.T.);
#960=EDGE_CURVE('',#781,#780,#395,.T.);
#961=EDGE_CURVE('',#781,#779,#307,.T.);
#962=EDGE_CURVE('',#782,#783,#396,.T.);
#963=EDGE_CURVE('',#782,#784,#308,.T.);
#964=EDGE_CURVE('',#785,#784,#397,.T.);
#965=EDGE_CURVE('',#783,#785,#309,.T.);
#966=EDGE_CURVE('',#786,#782,#398,.T.);
#967=EDGE_CURVE('',#787,#786,#399,.T.);
#968=EDGE_CURVE('',#779,#787,#400,.T.);
#969=EDGE_CURVE('',#784,#781,#401,.T.);
#970=EDGE_CURVE('',#788,#780,#402,.T.);
#971=EDGE_CURVE('',#788,#789,#403,.T.);
#972=EDGE_CURVE('',#789,#790,#404,.T.);
#973=EDGE_CURVE('',#790,#791,#405,.T.);
#974=EDGE_CURVE('',#792,#791,#406,.T.);
#975=EDGE_CURVE('',#792,#793,#407,.T.);
#976=EDGE_CURVE('',#794,#793,#408,.T.);
#977=EDGE_CURVE('',#794,#795,#409,.T.);
#978=EDGE_CURVE('',#796,#795,#410,.T.);
#979=EDGE_CURVE('',#797,#796,#411,.T.);
#980=EDGE_CURVE('',#798,#797,#412,.T.);
#981=EDGE_CURVE('',#799,#798,#413,.T.);
#982=EDGE_CURVE('',#800,#799,#414,.T.);
#983=EDGE_CURVE('',#785,#800,#415,.T.);
#984=EDGE_CURVE('',#778,#801,#416,.T.);
#985=EDGE_CURVE('',#801,#802,#417,.T.);
#986=EDGE_CURVE('',#802,#803,#418,.T.);
#987=EDGE_CURVE('',#803,#788,#310,.T.);
#988=EDGE_CURVE('',#800,#804,#419,.T.);
#989=EDGE_CURVE('',#804,#783,#420,.T.);
#990=EDGE_CURVE('',#805,#806,#421,.T.);
#991=EDGE_CURVE('',#807,#805,#311,.T.);
#992=EDGE_CURVE('',#808,#807,#422,.T.);
#993=EDGE_CURVE('',#808,#806,#312,.T.);
#994=EDGE_CURVE('',#809,#810,#423,.T.);
#995=EDGE_CURVE('',#809,#811,#313,.T.);
#996=EDGE_CURVE('',#812,#811,#424,.T.);
#997=EDGE_CURVE('',#810,#812,#314,.T.);
#998=EDGE_CURVE('',#813,#809,#425,.T.);
#999=EDGE_CURVE('',#814,#813,#426,.T.);
#1000=EDGE_CURVE('',#806,#814,#427,.T.);
#1001=EDGE_CURVE('',#811,#808,#428,.T.);
#1002=EDGE_CURVE('',#815,#810,#429,.T.);
#1003=EDGE_CURVE('',#815,#816,#430,.T.);
#1004=EDGE_CURVE('',#816,#817,#431,.T.);
#1005=EDGE_CURVE('',#813,#817,#432,.T.);
#1006=EDGE_CURVE('',#818,#807,#433,.T.);
#1007=EDGE_CURVE('',#818,#819,#434,.T.);
#1008=EDGE_CURVE('',#820,#819,#435,.T.);
#1009=EDGE_CURVE('',#821,#820,#436,.T.);
#1010=EDGE_CURVE('',#821,#822,#437,.T.);
#1011=EDGE_CURVE('',#823,#822,#438,.T.);
#1012=EDGE_CURVE('',#824,#823,#439,.T.);
#1013=EDGE_CURVE('',#825,#824,#440,.T.);
#1014=EDGE_CURVE('',#826,#825,#441,.T.);
#1015=EDGE_CURVE('',#827,#826,#442,.T.);
#1016=EDGE_CURVE('',#827,#828,#443,.T.);
#1017=EDGE_CURVE('',#828,#829,#444,.T.);
#1018=EDGE_CURVE('',#829,#830,#445,.T.);
#1019=EDGE_CURVE('',#812,#830,#446,.T.);
#1020=EDGE_CURVE('',#805,#831,#447,.T.);
#1021=EDGE_CURVE('',#831,#818,#448,.T.);
#1022=EDGE_CURVE('',#830,#832,#315,.T.);
#1023=EDGE_CURVE('',#832,#833,#449,.T.);
#1024=EDGE_CURVE('',#833,#815,#450,.T.);
#1025=EDGE_CURVE('',#834,#803,#451,.T.);
#1026=EDGE_CURVE('',#834,#789,#316,.T.);
#1027=EDGE_CURVE('',#790,#835,#317,.T.);
#1028=EDGE_CURVE('',#836,#835,#452,.T.);
#1029=EDGE_CURVE('',#791,#836,#318,.T.);
#1030=EDGE_CURVE('',#835,#834,#453,.T.);
#1031=EDGE_CURVE('',#802,#837,#454,.T.);
#1032=EDGE_CURVE('',#838,#837,#455,.T.);
#1033=EDGE_CURVE('',#839,#838,#456,.T.);
#1034=EDGE_CURVE('',#840,#839,#457,.T.);
#1035=EDGE_CURVE('',#836,#840,#458,.T.);
#1036=EDGE_CURVE('',#840,#792,#459,.T.);
#1037=EDGE_CURVE('',#832,#841,#460,.T.);
#1038=EDGE_CURVE('',#829,#841,#319,.T.);
#1039=EDGE_CURVE('',#842,#843,#461,.T.);
#1040=EDGE_CURVE('',#842,#828,#320,.T.);
#1041=EDGE_CURVE('',#843,#827,#321,.T.);
#1042=EDGE_CURVE('',#841,#842,#462,.T.);
#1043=EDGE_CURVE('',#826,#844,#463,.T.);
#1044=EDGE_CURVE('',#844,#843,#464,.T.);
#1045=EDGE_CURVE('',#845,#846,#465,.T.);
#1046=EDGE_CURVE('',#847,#845,#466,.T.);
#1047=EDGE_CURVE('',#848,#847,#467,.T.);
#1048=EDGE_CURVE('',#846,#848,#468,.T.);
#1049=EDGE_CURVE('',#849,#845,#469,.T.);
#1050=EDGE_CURVE('',#850,#849,#470,.T.);
#1051=EDGE_CURVE('',#847,#850,#471,.T.);
#1052=EDGE_CURVE('',#846,#851,#472,.T.);
#1053=EDGE_CURVE('',#852,#851,#473,.T.);
#1054=EDGE_CURVE('',#853,#852,#474,.T.);
#1055=EDGE_CURVE('',#853,#854,#475,.T.);
#1056=EDGE_CURVE('',#854,#855,#476,.T.);
#1057=EDGE_CURVE('',#855,#849,#477,.T.);
#1058=EDGE_CURVE('',#848,#856,#478,.T.);
#1059=EDGE_CURVE('',#820,#856,#479,.T.);
#1060=EDGE_CURVE('',#798,#820,#480,.T.);
#1061=EDGE_CURVE('',#851,#798,#481,.T.);
#1062=EDGE_CURVE('',#795,#823,#482,.T.);
#1063=EDGE_CURVE('',#824,#794,#483,.T.);
#1064=EDGE_CURVE('',#857,#857,#322,.T.);
#1065=EDGE_CURVE('',#858,#858,#323,.T.);
#1066=EDGE_CURVE('',#859,#859,#324,.T.);
#1067=EDGE_CURVE('',#860,#860,#325,.T.);
#1068=EDGE_CURVE('',#861,#861,#326,.T.);
#1069=EDGE_CURVE('',#822,#796,#484,.T.);
#1070=EDGE_CURVE('',#793,#839,#485,.T.);
#1071=EDGE_CURVE('',#839,#862,#486,.T.);
#1072=EDGE_CURVE('',#862,#825,#487,.T.);
#1073=EDGE_CURVE('',#863,#863,#327,.T.);
#1074=EDGE_CURVE('',#864,#864,#328,.T.);
#1075=EDGE_CURVE('',#861,#863,#488,.T.);
#1076=EDGE_CURVE('',#831,#865,#489,.T.);
#1077=EDGE_CURVE('',#819,#865,#490,.T.);
#1078=EDGE_CURVE('',#844,#862,#491,.T.);
#1079=EDGE_CURVE('',#814,#866,#492,.T.);
#1080=EDGE_CURVE('',#865,#866,#493,.T.);
#1081=EDGE_CURVE('',#838,#867,#494,.T.);
#1082=EDGE_CURVE('',#867,#862,#495,.T.);
#1083=EDGE_CURVE('',#868,#868,#329,.T.);
#1084=EDGE_CURVE('',#869,#869,#330,.T.);
#1085=EDGE_CURVE('',#870,#870,#331,.T.);
#1086=EDGE_CURVE('',#871,#871,#332,.T.);
#1087=EDGE_CURVE('',#872,#872,#333,.T.);
#1088=EDGE_CURVE('',#873,#799,#496,.T.);
#1089=EDGE_CURVE('',#804,#873,#497,.T.);
#1090=EDGE_CURVE('',#874,#873,#498,.T.);
#1091=EDGE_CURVE('',#874,#786,#499,.T.);
#1092=EDGE_CURVE('',#850,#875,#500,.T.);
#1093=EDGE_CURVE('',#875,#876,#501,.T.);
#1094=EDGE_CURVE('',#876,#877,#502,.T.);
#1095=EDGE_CURVE('',#877,#878,#503,.T.);
#1096=EDGE_CURVE('',#856,#878,#504,.T.);
#1097=EDGE_CURVE('',#878,#821,#505,.T.);
#1098=EDGE_CURVE('',#797,#852,#506,.T.);
#1099=EDGE_CURVE('',#860,#879,#507,.T.);
#1100=EDGE_CURVE('',#879,#879,#334,.T.);
#1101=EDGE_CURVE('',#880,#880,#335,.T.);
#1102=EDGE_CURVE('',#880,#872,#508,.T.);
#1103=EDGE_CURVE('',#859,#881,#509,.T.);
#1104=EDGE_CURVE('',#881,#881,#336,.T.);
#1105=EDGE_CURVE('',#882,#882,#337,.T.);
#1106=EDGE_CURVE('',#882,#871,#510,.T.);
#1107=EDGE_CURVE('',#858,#883,#511,.T.);
#1108=EDGE_CURVE('',#883,#883,#338,.T.);
#1109=EDGE_CURVE('',#884,#884,#339,.T.);
#1110=EDGE_CURVE('',#884,#870,#512,.T.);
#1111=EDGE_CURVE('',#857,#885,#513,.T.);
#1112=EDGE_CURVE('',#885,#885,#340,.T.);
#1113=EDGE_CURVE('',#886,#886,#341,.T.);
#1114=EDGE_CURVE('',#886,#869,#514,.T.);
#1115=EDGE_CURVE('',#864,#868,#515,.T.);
#1116=EDGE_CURVE('',#887,#867,#516,.T.);
#1117=EDGE_CURVE('',#887,#833,#517,.T.);
#1118=EDGE_CURVE('',#888,#874,#518,.T.);
#1119=EDGE_CURVE('',#866,#889,#519,.T.);
#1120=EDGE_CURVE('',#889,#890,#520,.T.);
#1121=EDGE_CURVE('',#890,#887,#521,.T.);
#1122=EDGE_CURVE('',#837,#891,#522,.T.);
#1123=EDGE_CURVE('',#891,#888,#523,.T.);
#1124=EDGE_CURVE('',#817,#892,#524,.T.);
#1125=EDGE_CURVE('',#889,#892,#525,.T.);
#1126=EDGE_CURVE('',#893,#816,#526,.T.);
#1127=EDGE_CURVE('',#892,#893,#527,.T.);
#1128=EDGE_CURVE('',#890,#893,#528,.T.);
#1129=EDGE_CURVE('',#888,#894,#529,.T.);
#1130=EDGE_CURVE('',#894,#895,#530,.T.);
#1131=EDGE_CURVE('',#787,#895,#531,.T.);
#1132=EDGE_CURVE('',#891,#896,#532,.T.);
#1133=EDGE_CURVE('',#896,#894,#533,.T.);
#1134=EDGE_CURVE('',#897,#896,#534,.T.);
#1135=EDGE_CURVE('',#895,#897,#535,.T.);
#1136=EDGE_CURVE('',#801,#897,#536,.T.);
#1137=EDGE_CURVE('',#854,#876,#537,.T.);
#1138=EDGE_CURVE('',#875,#855,#538,.T.);
#1139=EDGE_CURVE('',#877,#853,#539,.T.);
#1140=ORIENTED_EDGE('',*,*,#898,.F.);
#1141=ORIENTED_EDGE('',*,*,#899,.F.);
#1142=ORIENTED_EDGE('',*,*,#900,.F.);
#1143=ORIENTED_EDGE('',*,*,#901,.T.);
#1144=ORIENTED_EDGE('',*,*,#902,.F.);
#1145=ORIENTED_EDGE('',*,*,#903,.T.);
#1146=ORIENTED_EDGE('',*,*,#904,.F.);
#1147=ORIENTED_EDGE('',*,*,#905,.F.);
#1148=ORIENTED_EDGE('',*,*,#906,.F.);
#1149=ORIENTED_EDGE('',*,*,#901,.F.);
#1150=ORIENTED_EDGE('',*,*,#907,.F.);
#1151=ORIENTED_EDGE('',*,*,#903,.F.);
#1152=ORIENTED_EDGE('',*,*,#904,.T.);
#1153=ORIENTED_EDGE('',*,*,#907,.T.);
#1154=ORIENTED_EDGE('',*,*,#900,.T.);
#1155=ORIENTED_EDGE('',*,*,#908,.F.);
#1156=ORIENTED_EDGE('',*,*,#909,.T.);
#1157=ORIENTED_EDGE('',*,*,#910,.F.);
#1158=ORIENTED_EDGE('',*,*,#911,.T.);
#1159=ORIENTED_EDGE('',*,*,#912,.T.);
#1160=ORIENTED_EDGE('',*,*,#913,.F.);
#1161=ORIENTED_EDGE('',*,*,#914,.F.);
#1162=ORIENTED_EDGE('',*,*,#915,.F.);
#1163=ORIENTED_EDGE('',*,*,#916,.F.);
#1164=ORIENTED_EDGE('',*,*,#917,.T.);
#1165=ORIENTED_EDGE('',*,*,#918,.T.);
#1166=ORIENTED_EDGE('',*,*,#919,.T.);
#1167=ORIENTED_EDGE('',*,*,#920,.F.);
#1168=ORIENTED_EDGE('',*,*,#899,.T.);
#1169=ORIENTED_EDGE('',*,*,#921,.T.);
#1170=ORIENTED_EDGE('',*,*,#922,.T.);
#1171=ORIENTED_EDGE('',*,*,#908,.T.);
#1172=ORIENTED_EDGE('',*,*,#905,.T.);
#1173=ORIENTED_EDGE('',*,*,#920,.T.);
#1174=ORIENTED_EDGE('',*,*,#923,.T.);
#1175=ORIENTED_EDGE('',*,*,#924,.T.);
#1176=ORIENTED_EDGE('',*,*,#925,.F.);
#1177=ORIENTED_EDGE('',*,*,#923,.F.);
#1178=ORIENTED_EDGE('',*,*,#919,.F.);
#1179=ORIENTED_EDGE('',*,*,#926,.T.);
#1180=ORIENTED_EDGE('',*,*,#927,.F.);
#1181=ORIENTED_EDGE('',*,*,#928,.T.);
#1182=ORIENTED_EDGE('',*,*,#917,.F.);
#1183=ORIENTED_EDGE('',*,*,#929,.F.);
#1184=ORIENTED_EDGE('',*,*,#930,.F.);
#1185=ORIENTED_EDGE('',*,*,#926,.F.);
#1186=ORIENTED_EDGE('',*,*,#918,.F.);
#1187=ORIENTED_EDGE('',*,*,#928,.F.);
#1188=ORIENTED_EDGE('',*,*,#929,.T.);
#1189=ORIENTED_EDGE('',*,*,#916,.T.);
#1190=ORIENTED_EDGE('',*,*,#931,.T.);
#1191=ORIENTED_EDGE('',*,*,#932,.T.);
#1192=ORIENTED_EDGE('',*,*,#933,.F.);
#1193=ORIENTED_EDGE('',*,*,#934,.F.);
#1194=ORIENTED_EDGE('',*,*,#935,.F.);
#1195=ORIENTED_EDGE('',*,*,#936,.F.);
#1196=ORIENTED_EDGE('',*,*,#935,.T.);
#1197=ORIENTED_EDGE('',*,*,#937,.T.);
#1198=ORIENTED_EDGE('',*,*,#938,.T.);
#1199=ORIENTED_EDGE('',*,*,#939,.T.);
#1200=ORIENTED_EDGE('',*,*,#911,.F.);
#1201=ORIENTED_EDGE('',*,*,#940,.F.);
#1202=ORIENTED_EDGE('',*,*,#941,.T.);
#1203=ORIENTED_EDGE('',*,*,#942,.F.);
#1204=ORIENTED_EDGE('',*,*,#934,.T.);
#1205=ORIENTED_EDGE('',*,*,#943,.F.);
#1206=ORIENTED_EDGE('',*,*,#944,.T.);
#1207=ORIENTED_EDGE('',*,*,#937,.F.);
#1208=ORIENTED_EDGE('',*,*,#939,.F.);
#1209=ORIENTED_EDGE('',*,*,#945,.F.);
#1210=ORIENTED_EDGE('',*,*,#946,.F.);
#1211=ORIENTED_EDGE('',*,*,#912,.F.);
#1212=ORIENTED_EDGE('',*,*,#938,.F.);
#1213=ORIENTED_EDGE('',*,*,#944,.F.);
#1214=ORIENTED_EDGE('',*,*,#947,.F.);
#1215=ORIENTED_EDGE('',*,*,#945,.T.);
#1216=ORIENTED_EDGE('',*,*,#933,.T.);
#1217=ORIENTED_EDGE('',*,*,#948,.F.);
#1218=ORIENTED_EDGE('',*,*,#949,.F.);
#1219=ORIENTED_EDGE('',*,*,#950,.F.);
#1220=ORIENTED_EDGE('',*,*,#913,.T.);
#1221=ORIENTED_EDGE('',*,*,#946,.T.);
#1222=ORIENTED_EDGE('',*,*,#947,.T.);
#1223=ORIENTED_EDGE('',*,*,#943,.T.);
#1224=ORIENTED_EDGE('',*,*,#951,.T.);
#1225=ORIENTED_EDGE('',*,*,#952,.F.);
#1226=ORIENTED_EDGE('',*,*,#909,.F.);
#1227=ORIENTED_EDGE('',*,*,#922,.F.);
#1228=ORIENTED_EDGE('',*,*,#915,.T.);
#1229=ORIENTED_EDGE('',*,*,#953,.F.);
#1230=ORIENTED_EDGE('',*,*,#954,.F.);
#1231=ORIENTED_EDGE('',*,*,#931,.F.);
#1232=ORIENTED_EDGE('',*,*,#953,.T.);
#1233=ORIENTED_EDGE('',*,*,#914,.T.);
#1234=ORIENTED_EDGE('',*,*,#950,.T.);
#1235=ORIENTED_EDGE('',*,*,#955,.T.);
#1236=ORIENTED_EDGE('',*,*,#902,.T.);
#1237=ORIENTED_EDGE('',*,*,#924,.F.);
#1238=ORIENTED_EDGE('',*,*,#925,.T.);
#1239=ORIENTED_EDGE('',*,*,#930,.T.);
#1240=ORIENTED_EDGE('',*,*,#927,.T.);
#1241=ORIENTED_EDGE('',*,*,#932,.F.);
#1242=ORIENTED_EDGE('',*,*,#954,.T.);
#1243=ORIENTED_EDGE('',*,*,#955,.F.);
#1244=ORIENTED_EDGE('',*,*,#949,.T.);
#1245=ORIENTED_EDGE('',*,*,#956,.F.);
#1246=ORIENTED_EDGE('',*,*,#941,.F.);
#1247=ORIENTED_EDGE('',*,*,#957,.F.);
#1248=ORIENTED_EDGE('',*,*,#951,.F.);
#1249=ORIENTED_EDGE('',*,*,#921,.F.);
#1250=ORIENTED_EDGE('',*,*,#898,.T.);
#1251=ORIENTED_EDGE('',*,*,#906,.T.);
#1252=ORIENTED_EDGE('',*,*,#952,.T.);
#1253=ORIENTED_EDGE('',*,*,#957,.T.);
#1254=ORIENTED_EDGE('',*,*,#940,.T.);
#1255=ORIENTED_EDGE('',*,*,#910,.T.);
#1256=ORIENTED_EDGE('',*,*,#936,.T.);
#1257=ORIENTED_EDGE('',*,*,#942,.T.);
#1258=ORIENTED_EDGE('',*,*,#956,.T.);
#1259=ORIENTED_EDGE('',*,*,#948,.T.);
#1260=ORIENTED_EDGE('',*,*,#958,.F.);
#1261=ORIENTED_EDGE('',*,*,#959,.F.);
#1262=ORIENTED_EDGE('',*,*,#960,.F.);
#1263=ORIENTED_EDGE('',*,*,#961,.T.);
#1264=ORIENTED_EDGE('',*,*,#962,.F.);
#1265=ORIENTED_EDGE('',*,*,#963,.T.);
#1266=ORIENTED_EDGE('',*,*,#964,.F.);
#1267=ORIENTED_EDGE('',*,*,#965,.F.);
#1268=ORIENTED_EDGE('',*,*,#966,.F.);
#1269=ORIENTED_EDGE('',*,*,#967,.F.);
#1270=ORIENTED_EDGE('',*,*,#968,.F.);
#1271=ORIENTED_EDGE('',*,*,#961,.F.);
#1272=ORIENTED_EDGE('',*,*,#969,.F.);
#1273=ORIENTED_EDGE('',*,*,#963,.F.);
#1274=ORIENTED_EDGE('',*,*,#964,.T.);
#1275=ORIENTED_EDGE('',*,*,#969,.T.);
#1276=ORIENTED_EDGE('',*,*,#960,.T.);
#1277=ORIENTED_EDGE('',*,*,#970,.F.);
#1278=ORIENTED_EDGE('',*,*,#971,.T.);
#1279=ORIENTED_EDGE('',*,*,#972,.T.);
#1280=ORIENTED_EDGE('',*,*,#973,.T.);
#1281=ORIENTED_EDGE('',*,*,#974,.F.);
#1282=ORIENTED_EDGE('',*,*,#975,.T.);
#1283=ORIENTED_EDGE('',*,*,#976,.F.);
#1284=ORIENTED_EDGE('',*,*,#977,.T.);
#1285=ORIENTED_EDGE('',*,*,#978,.F.);
#1286=ORIENTED_EDGE('',*,*,#979,.F.);
#1287=ORIENTED_EDGE('',*,*,#980,.F.);
#1288=ORIENTED_EDGE('',*,*,#981,.F.);
#1289=ORIENTED_EDGE('',*,*,#982,.F.);
#1290=ORIENTED_EDGE('',*,*,#983,.F.);
#1291=ORIENTED_EDGE('',*,*,#959,.T.);
#1292=ORIENTED_EDGE('',*,*,#984,.T.);
#1293=ORIENTED_EDGE('',*,*,#985,.T.);
#1294=ORIENTED_EDGE('',*,*,#986,.T.);
#1295=ORIENTED_EDGE('',*,*,#987,.T.);
#1296=ORIENTED_EDGE('',*,*,#970,.T.);
#1297=ORIENTED_EDGE('',*,*,#965,.T.);
#1298=ORIENTED_EDGE('',*,*,#983,.T.);
#1299=ORIENTED_EDGE('',*,*,#988,.T.);
#1300=ORIENTED_EDGE('',*,*,#989,.T.);
#1301=ORIENTED_EDGE('',*,*,#990,.F.);
#1302=ORIENTED_EDGE('',*,*,#991,.F.);
#1303=ORIENTED_EDGE('',*,*,#992,.F.);
#1304=ORIENTED_EDGE('',*,*,#993,.T.);
#1305=ORIENTED_EDGE('',*,*,#994,.F.);
#1306=ORIENTED_EDGE('',*,*,#995,.T.);
#1307=ORIENTED_EDGE('',*,*,#996,.F.);
#1308=ORIENTED_EDGE('',*,*,#997,.F.);
#1309=ORIENTED_EDGE('',*,*,#998,.F.);
#1310=ORIENTED_EDGE('',*,*,#999,.F.);
#1311=ORIENTED_EDGE('',*,*,#1000,.F.);
#1312=ORIENTED_EDGE('',*,*,#993,.F.);
#1313=ORIENTED_EDGE('',*,*,#1001,.F.);
#1314=ORIENTED_EDGE('',*,*,#995,.F.);
#1315=ORIENTED_EDGE('',*,*,#998,.T.);
#1316=ORIENTED_EDGE('',*,*,#994,.T.);
#1317=ORIENTED_EDGE('',*,*,#1002,.F.);
#1318=ORIENTED_EDGE('',*,*,#1003,.T.);
#1319=ORIENTED_EDGE('',*,*,#1004,.T.);
#1320=ORIENTED_EDGE('',*,*,#1005,.F.);
#1321=ORIENTED_EDGE('',*,*,#996,.T.);
#1322=ORIENTED_EDGE('',*,*,#1001,.T.);
#1323=ORIENTED_EDGE('',*,*,#992,.T.);
#1324=ORIENTED_EDGE('',*,*,#1006,.F.);
#1325=ORIENTED_EDGE('',*,*,#1007,.T.);
#1326=ORIENTED_EDGE('',*,*,#1008,.F.);
#1327=ORIENTED_EDGE('',*,*,#1009,.F.);
#1328=ORIENTED_EDGE('',*,*,#1010,.T.);
#1329=ORIENTED_EDGE('',*,*,#1011,.F.);
#1330=ORIENTED_EDGE('',*,*,#1012,.F.);
#1331=ORIENTED_EDGE('',*,*,#1013,.F.);
#1332=ORIENTED_EDGE('',*,*,#1014,.F.);
#1333=ORIENTED_EDGE('',*,*,#1015,.F.);
#1334=ORIENTED_EDGE('',*,*,#1016,.T.);
#1335=ORIENTED_EDGE('',*,*,#1017,.T.);
#1336=ORIENTED_EDGE('',*,*,#1018,.T.);
#1337=ORIENTED_EDGE('',*,*,#1019,.F.);
#1338=ORIENTED_EDGE('',*,*,#991,.T.);
#1339=ORIENTED_EDGE('',*,*,#1020,.T.);
#1340=ORIENTED_EDGE('',*,*,#1021,.T.);
#1341=ORIENTED_EDGE('',*,*,#1006,.T.);
#1342=ORIENTED_EDGE('',*,*,#997,.T.);
#1343=ORIENTED_EDGE('',*,*,#1019,.T.);
#1344=ORIENTED_EDGE('',*,*,#1022,.T.);
#1345=ORIENTED_EDGE('',*,*,#1023,.T.);
#1346=ORIENTED_EDGE('',*,*,#1024,.T.);
#1347=ORIENTED_EDGE('',*,*,#1002,.T.);
#1348=ORIENTED_EDGE('',*,*,#971,.F.);
#1349=ORIENTED_EDGE('',*,*,#987,.F.);
#1350=ORIENTED_EDGE('',*,*,#1025,.F.);
#1351=ORIENTED_EDGE('',*,*,#1026,.T.);
#1352=ORIENTED_EDGE('',*,*,#973,.F.);
#1353=ORIENTED_EDGE('',*,*,#1027,.T.);
#1354=ORIENTED_EDGE('',*,*,#1028,.F.);
#1355=ORIENTED_EDGE('',*,*,#1029,.F.);
#1356=ORIENTED_EDGE('',*,*,#972,.F.);
#1357=ORIENTED_EDGE('',*,*,#1026,.F.);
#1358=ORIENTED_EDGE('',*,*,#1030,.F.);
#1359=ORIENTED_EDGE('',*,*,#1027,.F.);
#1360=ORIENTED_EDGE('',*,*,#1028,.T.);
#1361=ORIENTED_EDGE('',*,*,#1030,.T.);
#1362=ORIENTED_EDGE('',*,*,#1025,.T.);
#1363=ORIENTED_EDGE('',*,*,#986,.F.);
#1364=ORIENTED_EDGE('',*,*,#1031,.T.);
#1365=ORIENTED_EDGE('',*,*,#1032,.F.);
#1366=ORIENTED_EDGE('',*,*,#1033,.F.);
#1367=ORIENTED_EDGE('',*,*,#1034,.F.);
#1368=ORIENTED_EDGE('',*,*,#1035,.F.);
#1369=ORIENTED_EDGE('',*,*,#1029,.T.);
#1370=ORIENTED_EDGE('',*,*,#1035,.T.);
#1371=ORIENTED_EDGE('',*,*,#1036,.T.);
#1372=ORIENTED_EDGE('',*,*,#974,.T.);
#1373=ORIENTED_EDGE('',*,*,#1037,.F.);
#1374=ORIENTED_EDGE('',*,*,#1022,.F.);
#1375=ORIENTED_EDGE('',*,*,#1018,.F.);
#1376=ORIENTED_EDGE('',*,*,#1038,.T.);
#1377=ORIENTED_EDGE('',*,*,#1039,.F.);
#1378=ORIENTED_EDGE('',*,*,#1040,.T.);
#1379=ORIENTED_EDGE('',*,*,#1016,.F.);
#1380=ORIENTED_EDGE('',*,*,#1041,.F.);
#1381=ORIENTED_EDGE('',*,*,#1042,.F.);
#1382=ORIENTED_EDGE('',*,*,#1038,.F.);
#1383=ORIENTED_EDGE('',*,*,#1017,.F.);
#1384=ORIENTED_EDGE('',*,*,#1040,.F.);
#1385=ORIENTED_EDGE('',*,*,#1041,.T.);
#1386=ORIENTED_EDGE('',*,*,#1015,.T.);
#1387=ORIENTED_EDGE('',*,*,#1043,.T.);
#1388=ORIENTED_EDGE('',*,*,#1044,.T.);
#1389=ORIENTED_EDGE('',*,*,#1045,.F.);
#1390=ORIENTED_EDGE('',*,*,#1046,.F.);
#1391=ORIENTED_EDGE('',*,*,#1047,.F.);
#1392=ORIENTED_EDGE('',*,*,#1048,.F.);
#1393=ORIENTED_EDGE('',*,*,#1049,.F.);
#1394=ORIENTED_EDGE('',*,*,#1050,.F.);
#1395=ORIENTED_EDGE('',*,*,#1051,.F.);
#1396=ORIENTED_EDGE('',*,*,#1046,.T.);
#1397=ORIENTED_EDGE('',*,*,#1049,.T.);
#1398=ORIENTED_EDGE('',*,*,#1045,.T.);
#1399=ORIENTED_EDGE('',*,*,#1052,.T.);
#1400=ORIENTED_EDGE('',*,*,#1053,.F.);
#1401=ORIENTED_EDGE('',*,*,#1054,.F.);
#1402=ORIENTED_EDGE('',*,*,#1055,.T.);
#1403=ORIENTED_EDGE('',*,*,#1056,.T.);
#1404=ORIENTED_EDGE('',*,*,#1057,.T.);
#1405=ORIENTED_EDGE('',*,*,#1048,.T.);
#1406=ORIENTED_EDGE('',*,*,#1058,.T.);
#1407=ORIENTED_EDGE('',*,*,#1059,.F.);
#1408=ORIENTED_EDGE('',*,*,#1060,.F.);
#1409=ORIENTED_EDGE('',*,*,#1061,.F.);
#1410=ORIENTED_EDGE('',*,*,#1052,.F.);
#1411=ORIENTED_EDGE('',*,*,#1012,.T.);
#1412=ORIENTED_EDGE('',*,*,#1062,.F.);
#1413=ORIENTED_EDGE('',*,*,#977,.F.);
#1414=ORIENTED_EDGE('',*,*,#1063,.F.);
#1415=ORIENTED_EDGE('',*,*,#1064,.T.);
#1416=ORIENTED_EDGE('',*,*,#1065,.T.);
#1417=ORIENTED_EDGE('',*,*,#1066,.T.);
#1418=ORIENTED_EDGE('',*,*,#1067,.T.);
#1419=ORIENTED_EDGE('',*,*,#1068,.T.);
#1420=ORIENTED_EDGE('',*,*,#978,.T.);
#1421=ORIENTED_EDGE('',*,*,#1062,.T.);
#1422=ORIENTED_EDGE('',*,*,#1011,.T.);
#1423=ORIENTED_EDGE('',*,*,#1069,.T.);
#1424=ORIENTED_EDGE('',*,*,#1070,.T.);
#1425=ORIENTED_EDGE('',*,*,#1071,.T.);
#1426=ORIENTED_EDGE('',*,*,#1072,.T.);
#1427=ORIENTED_EDGE('',*,*,#1013,.T.);
#1428=ORIENTED_EDGE('',*,*,#1063,.T.);
#1429=ORIENTED_EDGE('',*,*,#976,.T.);
#1430=ORIENTED_EDGE('',*,*,#1073,.T.);
#1431=ORIENTED_EDGE('',*,*,#1074,.T.);
#1432=ORIENTED_EDGE('',*,*,#1068,.F.);
#1433=ORIENTED_EDGE('',*,*,#1075,.T.);
#1434=ORIENTED_EDGE('',*,*,#1073,.F.);
#1435=ORIENTED_EDGE('',*,*,#1075,.F.);
#1436=ORIENTED_EDGE('',*,*,#1076,.T.);
#1437=ORIENTED_EDGE('',*,*,#1077,.F.);
#1438=ORIENTED_EDGE('',*,*,#1007,.F.);
#1439=ORIENTED_EDGE('',*,*,#1021,.F.);
#1440=ORIENTED_EDGE('',*,*,#1072,.F.);
#1441=ORIENTED_EDGE('',*,*,#1078,.F.);
#1442=ORIENTED_EDGE('',*,*,#1043,.F.);
#1443=ORIENTED_EDGE('',*,*,#1014,.T.);
#1444=ORIENTED_EDGE('',*,*,#1000,.T.);
#1445=ORIENTED_EDGE('',*,*,#1079,.T.);
#1446=ORIENTED_EDGE('',*,*,#1080,.F.);
#1447=ORIENTED_EDGE('',*,*,#1076,.F.);
#1448=ORIENTED_EDGE('',*,*,#1020,.F.);
#1449=ORIENTED_EDGE('',*,*,#990,.T.);
#1450=ORIENTED_EDGE('',*,*,#1033,.T.);
#1451=ORIENTED_EDGE('',*,*,#1081,.T.);
#1452=ORIENTED_EDGE('',*,*,#1082,.T.);
#1453=ORIENTED_EDGE('',*,*,#1071,.F.);
#1454=ORIENTED_EDGE('',*,*,#1083,.T.);
#1455=ORIENTED_EDGE('',*,*,#1084,.T.);
#1456=ORIENTED_EDGE('',*,*,#1085,.T.);
#1457=ORIENTED_EDGE('',*,*,#1086,.T.);
#1458=ORIENTED_EDGE('',*,*,#1087,.T.);
#1459=ORIENTED_EDGE('',*,*,#982,.T.);
#1460=ORIENTED_EDGE('',*,*,#1088,.F.);
#1461=ORIENTED_EDGE('',*,*,#1089,.F.);
#1462=ORIENTED_EDGE('',*,*,#988,.F.);
#1463=ORIENTED_EDGE('',*,*,#962,.T.);
#1464=ORIENTED_EDGE('',*,*,#989,.F.);
#1465=ORIENTED_EDGE('',*,*,#1089,.T.);
#1466=ORIENTED_EDGE('',*,*,#1090,.F.);
#1467=ORIENTED_EDGE('',*,*,#1091,.T.);
#1468=ORIENTED_EDGE('',*,*,#966,.T.);
#1469=ORIENTED_EDGE('',*,*,#1070,.F.);
#1470=ORIENTED_EDGE('',*,*,#975,.F.);
#1471=ORIENTED_EDGE('',*,*,#1036,.F.);
#1472=ORIENTED_EDGE('',*,*,#1034,.T.);
#1473=ORIENTED_EDGE('',*,*,#1051,.T.);
#1474=ORIENTED_EDGE('',*,*,#1092,.T.);
#1475=ORIENTED_EDGE('',*,*,#1093,.T.);
#1476=ORIENTED_EDGE('',*,*,#1094,.T.);
#1477=ORIENTED_EDGE('',*,*,#1095,.T.);
#1478=ORIENTED_EDGE('',*,*,#1096,.F.);
#1479=ORIENTED_EDGE('',*,*,#1058,.F.);
#1480=ORIENTED_EDGE('',*,*,#1047,.T.);
#1481=ORIENTED_EDGE('',*,*,#1009,.T.);
#1482=ORIENTED_EDGE('',*,*,#1059,.T.);
#1483=ORIENTED_EDGE('',*,*,#1096,.T.);
#1484=ORIENTED_EDGE('',*,*,#1097,.T.);
#1485=ORIENTED_EDGE('',*,*,#1053,.T.);
#1486=ORIENTED_EDGE('',*,*,#1061,.T.);
#1487=ORIENTED_EDGE('',*,*,#980,.T.);
#1488=ORIENTED_EDGE('',*,*,#1098,.T.);
#1489=ORIENTED_EDGE('',*,*,#1067,.F.);
#1490=ORIENTED_EDGE('',*,*,#1099,.T.);
#1491=ORIENTED_EDGE('',*,*,#1100,.T.);
#1492=ORIENTED_EDGE('',*,*,#1099,.F.);
#1493=ORIENTED_EDGE('',*,*,#1101,.F.);
#1494=ORIENTED_EDGE('',*,*,#1100,.F.);
#1495=ORIENTED_EDGE('',*,*,#1101,.T.);
#1496=ORIENTED_EDGE('',*,*,#1102,.T.);
#1497=ORIENTED_EDGE('',*,*,#1087,.F.);
#1498=ORIENTED_EDGE('',*,*,#1102,.F.);
#1499=ORIENTED_EDGE('',*,*,#1066,.F.);
#1500=ORIENTED_EDGE('',*,*,#1103,.T.);
#1501=ORIENTED_EDGE('',*,*,#1104,.T.);
#1502=ORIENTED_EDGE('',*,*,#1103,.F.);
#1503=ORIENTED_EDGE('',*,*,#1105,.F.);
#1504=ORIENTED_EDGE('',*,*,#1104,.F.);
#1505=ORIENTED_EDGE('',*,*,#1105,.T.);
#1506=ORIENTED_EDGE('',*,*,#1106,.T.);
#1507=ORIENTED_EDGE('',*,*,#1086,.F.);
#1508=ORIENTED_EDGE('',*,*,#1106,.F.);
#1509=ORIENTED_EDGE('',*,*,#1065,.F.);
#1510=ORIENTED_EDGE('',*,*,#1107,.T.);
#1511=ORIENTED_EDGE('',*,*,#1108,.T.);
#1512=ORIENTED_EDGE('',*,*,#1107,.F.);
#1513=ORIENTED_EDGE('',*,*,#1109,.F.);
#1514=ORIENTED_EDGE('',*,*,#1108,.F.);
#1515=ORIENTED_EDGE('',*,*,#1109,.T.);
#1516=ORIENTED_EDGE('',*,*,#1110,.T.);
#1517=ORIENTED_EDGE('',*,*,#1085,.F.);
#1518=ORIENTED_EDGE('',*,*,#1110,.F.);
#1519=ORIENTED_EDGE('',*,*,#1064,.F.);
#1520=ORIENTED_EDGE('',*,*,#1111,.T.);
#1521=ORIENTED_EDGE('',*,*,#1112,.T.);
#1522=ORIENTED_EDGE('',*,*,#1111,.F.);
#1523=ORIENTED_EDGE('',*,*,#1113,.F.);
#1524=ORIENTED_EDGE('',*,*,#1112,.F.);
#1525=ORIENTED_EDGE('',*,*,#1113,.T.);
#1526=ORIENTED_EDGE('',*,*,#1114,.T.);
#1527=ORIENTED_EDGE('',*,*,#1084,.F.);
#1528=ORIENTED_EDGE('',*,*,#1114,.F.);
#1529=ORIENTED_EDGE('',*,*,#1074,.F.);
#1530=ORIENTED_EDGE('',*,*,#1115,.T.);
#1531=ORIENTED_EDGE('',*,*,#1083,.F.);
#1532=ORIENTED_EDGE('',*,*,#1115,.F.);
#1533=ORIENTED_EDGE('',*,*,#1039,.T.);
#1534=ORIENTED_EDGE('',*,*,#1044,.F.);
#1535=ORIENTED_EDGE('',*,*,#1078,.T.);
#1536=ORIENTED_EDGE('',*,*,#1082,.F.);
#1537=ORIENTED_EDGE('',*,*,#1116,.F.);
#1538=ORIENTED_EDGE('',*,*,#1117,.T.);
#1539=ORIENTED_EDGE('',*,*,#1023,.F.);
#1540=ORIENTED_EDGE('',*,*,#1037,.T.);
#1541=ORIENTED_EDGE('',*,*,#1042,.T.);
#1542=ORIENTED_EDGE('',*,*,#1118,.T.);
#1543=ORIENTED_EDGE('',*,*,#1090,.T.);
#1544=ORIENTED_EDGE('',*,*,#1088,.T.);
#1545=ORIENTED_EDGE('',*,*,#981,.T.);
#1546=ORIENTED_EDGE('',*,*,#1060,.T.);
#1547=ORIENTED_EDGE('',*,*,#1008,.T.);
#1548=ORIENTED_EDGE('',*,*,#1077,.T.);
#1549=ORIENTED_EDGE('',*,*,#1080,.T.);
#1550=ORIENTED_EDGE('',*,*,#1119,.T.);
#1551=ORIENTED_EDGE('',*,*,#1120,.T.);
#1552=ORIENTED_EDGE('',*,*,#1121,.T.);
#1553=ORIENTED_EDGE('',*,*,#1116,.T.);
#1554=ORIENTED_EDGE('',*,*,#1081,.F.);
#1555=ORIENTED_EDGE('',*,*,#1032,.T.);
#1556=ORIENTED_EDGE('',*,*,#1122,.T.);
#1557=ORIENTED_EDGE('',*,*,#1123,.T.);
#1558=ORIENTED_EDGE('',*,*,#999,.T.);
#1559=ORIENTED_EDGE('',*,*,#1005,.T.);
#1560=ORIENTED_EDGE('',*,*,#1124,.T.);
#1561=ORIENTED_EDGE('',*,*,#1125,.F.);
#1562=ORIENTED_EDGE('',*,*,#1119,.F.);
#1563=ORIENTED_EDGE('',*,*,#1079,.F.);
#1564=ORIENTED_EDGE('',*,*,#1124,.F.);
#1565=ORIENTED_EDGE('',*,*,#1004,.F.);
#1566=ORIENTED_EDGE('',*,*,#1126,.F.);
#1567=ORIENTED_EDGE('',*,*,#1127,.F.);
#1568=ORIENTED_EDGE('',*,*,#1121,.F.);
#1569=ORIENTED_EDGE('',*,*,#1128,.T.);
#1570=ORIENTED_EDGE('',*,*,#1126,.T.);
#1571=ORIENTED_EDGE('',*,*,#1003,.F.);
#1572=ORIENTED_EDGE('',*,*,#1024,.F.);
#1573=ORIENTED_EDGE('',*,*,#1117,.F.);
#1574=ORIENTED_EDGE('',*,*,#1120,.F.);
#1575=ORIENTED_EDGE('',*,*,#1125,.T.);
#1576=ORIENTED_EDGE('',*,*,#1127,.T.);
#1577=ORIENTED_EDGE('',*,*,#1128,.F.);
#1578=ORIENTED_EDGE('',*,*,#967,.T.);
#1579=ORIENTED_EDGE('',*,*,#1091,.F.);
#1580=ORIENTED_EDGE('',*,*,#1118,.F.);
#1581=ORIENTED_EDGE('',*,*,#1129,.T.);
#1582=ORIENTED_EDGE('',*,*,#1130,.T.);
#1583=ORIENTED_EDGE('',*,*,#1131,.F.);
#1584=ORIENTED_EDGE('',*,*,#1123,.F.);
#1585=ORIENTED_EDGE('',*,*,#1132,.T.);
#1586=ORIENTED_EDGE('',*,*,#1133,.T.);
#1587=ORIENTED_EDGE('',*,*,#1129,.F.);
#1588=ORIENTED_EDGE('',*,*,#1130,.F.);
#1589=ORIENTED_EDGE('',*,*,#1133,.F.);
#1590=ORIENTED_EDGE('',*,*,#1134,.F.);
#1591=ORIENTED_EDGE('',*,*,#1135,.F.);
#1592=ORIENTED_EDGE('',*,*,#985,.F.);
#1593=ORIENTED_EDGE('',*,*,#1136,.T.);
#1594=ORIENTED_EDGE('',*,*,#1134,.T.);
#1595=ORIENTED_EDGE('',*,*,#1132,.F.);
#1596=ORIENTED_EDGE('',*,*,#1122,.F.);
#1597=ORIENTED_EDGE('',*,*,#1031,.F.);
#1598=ORIENTED_EDGE('',*,*,#968,.T.);
#1599=ORIENTED_EDGE('',*,*,#1131,.T.);
#1600=ORIENTED_EDGE('',*,*,#1135,.T.);
#1601=ORIENTED_EDGE('',*,*,#1136,.F.);
#1602=ORIENTED_EDGE('',*,*,#984,.F.);
#1603=ORIENTED_EDGE('',*,*,#958,.T.);
#1604=ORIENTED_EDGE('',*,*,#1137,.T.);
#1605=ORIENTED_EDGE('',*,*,#1093,.F.);
#1606=ORIENTED_EDGE('',*,*,#1138,.T.);
#1607=ORIENTED_EDGE('',*,*,#1056,.F.);
#1608=ORIENTED_EDGE('',*,*,#1050,.T.);
#1609=ORIENTED_EDGE('',*,*,#1057,.F.);
#1610=ORIENTED_EDGE('',*,*,#1138,.F.);
#1611=ORIENTED_EDGE('',*,*,#1092,.F.);
#1612=ORIENTED_EDGE('',*,*,#1139,.T.);
#1613=ORIENTED_EDGE('',*,*,#1054,.T.);
#1614=ORIENTED_EDGE('',*,*,#1098,.F.);
#1615=ORIENTED_EDGE('',*,*,#979,.T.);
#1616=ORIENTED_EDGE('',*,*,#1069,.F.);
#1617=ORIENTED_EDGE('',*,*,#1010,.F.);
#1618=ORIENTED_EDGE('',*,*,#1097,.F.);
#1619=ORIENTED_EDGE('',*,*,#1095,.F.);
#1620=ORIENTED_EDGE('',*,*,#1137,.F.);
#1621=ORIENTED_EDGE('',*,*,#1055,.F.);
#1622=ORIENTED_EDGE('',*,*,#1139,.F.);
#1623=ORIENTED_EDGE('',*,*,#1094,.F.);
#1624=CYLINDRICAL_SURFACE('',#1752,2.3);
#1625=CYLINDRICAL_SURFACE('',#1755,2.3);
#1626=CYLINDRICAL_SURFACE('',#1763,2.3);
#1627=CYLINDRICAL_SURFACE('',#1765,2.3);
#1628=CYLINDRICAL_SURFACE('',#1782,2.3);
#1629=CYLINDRICAL_SURFACE('',#1785,2.3);
#1630=CYLINDRICAL_SURFACE('',#1793,2.3);
#1631=CYLINDRICAL_SURFACE('',#1796,2.3);
#1632=CYLINDRICAL_SURFACE('',#1805,2.3);
#1633=CYLINDRICAL_SURFACE('',#1807,2.3);
#1634=CYLINDRICAL_SURFACE('',#1813,2.3);
#1635=CYLINDRICAL_SURFACE('',#1815,2.3);
#1636=CYLINDRICAL_SURFACE('',#1835,5.15);
#1637=CYLINDRICAL_SURFACE('',#1851,1.7);
#1638=CYLINDRICAL_SURFACE('',#1855,3.25);
#1639=CYLINDRICAL_SURFACE('',#1856,1.7);
#1640=CYLINDRICAL_SURFACE('',#1860,3.25);
#1641=CYLINDRICAL_SURFACE('',#1861,1.7);
#1642=CYLINDRICAL_SURFACE('',#1865,3.25);
#1643=CYLINDRICAL_SURFACE('',#1866,1.7);
#1644=CYLINDRICAL_SURFACE('',#1870,3.25);
#1645=CYLINDRICAL_SURFACE('',#1871,3.5);
#1646=ADVANCED_FACE('',(#101),#1624,.F.);
#1647=ADVANCED_FACE('',(#102),#1625,.F.);
#1648=ADVANCED_FACE('',(#103),#32,.F.);
#1649=ADVANCED_FACE('',(#104),#33,.F.);
#1650=ADVANCED_FACE('',(#105),#34,.T.);
#1651=ADVANCED_FACE('',(#106),#35,.T.);
#1652=ADVANCED_FACE('',(#107),#1626,.F.);
#1653=ADVANCED_FACE('',(#108),#1627,.F.);
#1654=ADVANCED_FACE('',(#109),#36,.F.);
#1655=ADVANCED_FACE('',(#110),#37,.T.);
#1656=ADVANCED_FACE('',(#111),#38,.T.);
#1657=ADVANCED_FACE('',(#112),#39,.F.);
#1658=ADVANCED_FACE('',(#113),#40,.F.);
#1659=ADVANCED_FACE('',(#114),#41,.F.);
#1660=ADVANCED_FACE('',(#115),#42,.T.);
#1661=ADVANCED_FACE('',(#116),#43,.F.);
#1662=ADVANCED_FACE('',(#117),#44,.F.);
#1663=ADVANCED_FACE('',(#118),#45,.F.);
#1664=ADVANCED_FACE('',(#119),#46,.T.);
#1665=ADVANCED_FACE('',(#120),#47,.F.);
#1666=ADVANCED_FACE('',(#121),#48,.T.);
#1667=ADVANCED_FACE('',(#122),#49,.T.);
#1668=ADVANCED_FACE('',(#123),#1628,.F.);
#1669=ADVANCED_FACE('',(#124),#1629,.F.);
#1670=ADVANCED_FACE('',(#125),#50,.F.);
#1671=ADVANCED_FACE('',(#126),#51,.F.);
#1672=ADVANCED_FACE('',(#127),#52,.T.);
#1673=ADVANCED_FACE('',(#128),#53,.T.);
#1674=ADVANCED_FACE('',(#129),#1630,.F.);
#1675=ADVANCED_FACE('',(#130),#1631,.F.);
#1676=ADVANCED_FACE('',(#131),#54,.F.);
#1677=ADVANCED_FACE('',(#132),#55,.T.);
#1678=ADVANCED_FACE('',(#133),#56,.F.);
#1679=ADVANCED_FACE('',(#134),#57,.T.);
#1680=ADVANCED_FACE('',(#135),#58,.T.);
#1681=ADVANCED_FACE('',(#136),#1632,.F.);
#1682=ADVANCED_FACE('',(#137),#1633,.F.);
#1683=ADVANCED_FACE('',(#138),#59,.F.);
#1684=ADVANCED_FACE('',(#139),#60,.F.);
#1685=ADVANCED_FACE('',(#140),#61,.T.);
#1686=ADVANCED_FACE('',(#141),#1634,.F.);
#1687=ADVANCED_FACE('',(#142),#1635,.F.);
#1688=ADVANCED_FACE('',(#143),#62,.F.);
#1689=ADVANCED_FACE('',(#144),#63,.T.);
#1690=ADVANCED_FACE('',(#145),#64,.T.);
#1691=ADVANCED_FACE('',(#146),#65,.T.);
#1692=ADVANCED_FACE('',(#147),#66,.F.);
#1693=ADVANCED_FACE('',(#148),#67,.F.);
#1694=ADVANCED_FACE('',(#149,#13,#14,#15,#16,#17),#68,.F.);
#1695=ADVANCED_FACE('',(#150),#69,.F.);
#1696=ADVANCED_FACE('',(#151),#70,.T.);
#1697=ADVANCED_FACE('',(#152,#18),#71,.T.);
#1698=ADVANCED_FACE('',(#153),#1636,.T.);
#1699=ADVANCED_FACE('',(#154),#72,.F.);
#1700=ADVANCED_FACE('',(#155),#73,.F.);
#1701=ADVANCED_FACE('',(#156),#74,.F.);
#1702=ADVANCED_FACE('',(#157,#19,#20,#21,#22,#23),#75,.F.);
#1703=ADVANCED_FACE('',(#158),#76,.F.);
#1704=ADVANCED_FACE('',(#159),#77,.F.);
#1705=ADVANCED_FACE('',(#160),#78,.F.);
#1706=ADVANCED_FACE('',(#161),#79,.F.);
#1707=ADVANCED_FACE('',(#162),#80,.F.);
#1708=ADVANCED_FACE('',(#163),#81,.F.);
#1709=ADVANCED_FACE('',(#164),#1637,.F.);
#1710=ADVANCED_FACE('',(#165,#24),#82,.F.);
#1711=ADVANCED_FACE('',(#166),#1638,.F.);
#1712=ADVANCED_FACE('',(#167),#1639,.F.);
#1713=ADVANCED_FACE('',(#168,#25),#83,.F.);
#1714=ADVANCED_FACE('',(#169),#1640,.F.);
#1715=ADVANCED_FACE('',(#170),#1641,.F.);
#1716=ADVANCED_FACE('',(#171,#26),#84,.F.);
#1717=ADVANCED_FACE('',(#172),#1642,.F.);
#1718=ADVANCED_FACE('',(#173),#1643,.F.);
#1719=ADVANCED_FACE('',(#174,#27),#85,.F.);
#1720=ADVANCED_FACE('',(#175),#1644,.F.);
#1721=ADVANCED_FACE('',(#176),#1645,.F.);
#1722=ADVANCED_FACE('',(#177),#86,.F.);
#1723=ADVANCED_FACE('',(#178),#87,.T.);
#1724=ADVANCED_FACE('',(#179),#88,.T.);
#1725=ADVANCED_FACE('',(#180),#89,.T.);
#1726=ADVANCED_FACE('',(#181),#90,.T.);
#1727=ADVANCED_FACE('',(#182),#91,.T.);
#1728=ADVANCED_FACE('',(#183),#92,.T.);
#1729=ADVANCED_FACE('',(#184),#93,.T.);
#1730=ADVANCED_FACE('',(#185),#94,.T.);
#1731=ADVANCED_FACE('',(#186),#95,.T.);
#1732=ADVANCED_FACE('',(#187),#96,.T.);
#1733=ADVANCED_FACE('',(#188),#97,.T.);
#1734=ADVANCED_FACE('',(#189),#98,.T.);
#1735=ADVANCED_FACE('',(#190),#99,.F.);
#1736=ADVANCED_FACE('',(#191),#100,.T.);
#1737=CLOSED_SHELL('',(#1646,#1647,#1648,#1649,#1650,#1651,#1652,#1653,
#1654,#1655,#1656,#1657,#1658,#1659,#1660,#1661,#1662,#1663,#1664,#1665,
#1666,#1667));
#1738=CLOSED_SHELL('',(#1668,#1669,#1670,#1671,#1672,#1673,#1674,#1675,
#1676,#1677,#1678,#1679,#1680,#1681,#1682,#1683,#1684,#1685,#1686,#1687,
#1688,#1689,#1690,#1691,#1692,#1693,#1694,#1695,#1696,#1697,#1698,#1699,
#1700,#1701,#1702,#1703,#1704,#1705,#1706,#1707,#1708,#1709,#1710,#1711,
#1712,#1713,#1714,#1715,#1716,#1717,#1718,#1719,#1720,#1721,#1722,#1723,
#1724,#1725,#1726,#1727,#1728,#1729,#1730,#1731,#1732,#1733,#1734,#1735,
#1736));
#1739=DERIVED_UNIT_ELEMENT(#1741,1.);
#1740=DERIVED_UNIT_ELEMENT(#2856,-3.);
#1741=(
MASS_UNIT()
NAMED_UNIT(*)
SI_UNIT(.KILO.,.GRAM.)
);
#1742=DERIVED_UNIT((#1739,#1740));
#1743=MEASURE_REPRESENTATION_ITEM('density measure',
POSITIVE_RATIO_MEASURE(7850.),#1742);
#1744=PROPERTY_DEFINITION_REPRESENTATION(#1749,#1746);
#1745=PROPERTY_DEFINITION_REPRESENTATION(#1750,#1747);
#1746=REPRESENTATION('material name',(#1748),#2853);
#1747=REPRESENTATION('density',(#1743),#2853);
#1748=DESCRIPTIVE_REPRESENTATION_ITEM('Steel','Steel');
#1749=PROPERTY_DEFINITION('material property','material name',#2863);
#1750=PROPERTY_DEFINITION('material property','density of part',#2863);
#1751=AXIS2_PLACEMENT_3D('',#2357,#1887,#1888);
#1752=AXIS2_PLACEMENT_3D('',#2358,#1889,#1890);
#1753=AXIS2_PLACEMENT_3D('',#2363,#1892,#1893);
#1754=AXIS2_PLACEMENT_3D('',#2366,#1895,#1896);
#1755=AXIS2_PLACEMENT_3D('',#2367,#1897,#1898);
#1756=AXIS2_PLACEMENT_3D('',#2372,#1900,#1901);
#1757=AXIS2_PLACEMENT_3D('',#2375,#1903,#1904);
#1758=AXIS2_PLACEMENT_3D('',#2376,#1905,#1906);
#1759=AXIS2_PLACEMENT_3D('',#2379,#1909,#1910);
#1760=AXIS2_PLACEMENT_3D('',#2405,#1924,#1925);
#1761=AXIS2_PLACEMENT_3D('',#2409,#1928,#1929);
#1762=AXIS2_PLACEMENT_3D('',#2411,#1930,#1931);
#1763=AXIS2_PLACEMENT_3D('',#2413,#1933,#1934);
#1764=AXIS2_PLACEMENT_3D('',#2416,#1936,#1937);
#1765=AXIS2_PLACEMENT_3D('',#2417,#1938,#1939);
#1766=AXIS2_PLACEMENT_3D('',#2421,#1941,#1942);
#1767=AXIS2_PLACEMENT_3D('',#2422,#1943,#1944);
#1768=AXIS2_PLACEMENT_3D('',#2423,#1945,#1946);
#1769=AXIS2_PLACEMENT_3D('',#2425,#1948,#1949);
#1770=AXIS2_PLACEMENT_3D('',#2429,#1952,#1953);
#1771=AXIS2_PLACEMENT_3D('',#2438,#1958,#1959);
#1772=AXIS2_PLACEMENT_3D('',#2449,#1966,#1967);
#1773=AXIS2_PLACEMENT_3D('',#2453,#1970,#1971);
#1774=AXIS2_PLACEMENT_3D('',#2457,#1974,#1975);
#1775=AXIS2_PLACEMENT_3D('',#2459,#1977,#1978);
#1776=AXIS2_PLACEMENT_3D('',#2465,#1982,#1983);
#1777=AXIS2_PLACEMENT_3D('',#2469,#1986,#1987);
#1778=AXIS2_PLACEMENT_3D('',#2473,#1990,#1991);
#1779=AXIS2_PLACEMENT_3D('',#2475,#1993,#1994);
#1780=AXIS2_PLACEMENT_3D('',#2478,#1997,#1998);
#1781=AXIS2_PLACEMENT_3D('',#2479,#1999,#2000);
#1782=AXIS2_PLACEMENT_3D('',#2480,#2001,#2002);
#1783=AXIS2_PLACEMENT_3D('',#2485,#2004,#2005);
#1784=AXIS2_PLACEMENT_3D('',#2488,#2007,#2008);
#1785=AXIS2_PLACEMENT_3D('',#2489,#2009,#2010);
#1786=AXIS2_PLACEMENT_3D('',#2494,#2012,#2013);
#1787=AXIS2_PLACEMENT_3D('',#2497,#2015,#2016);
#1788=AXIS2_PLACEMENT_3D('',#2498,#2017,#2018);
#1789=AXIS2_PLACEMENT_3D('',#2505,#2023,#2024);
#1790=AXIS2_PLACEMENT_3D('',#2533,#2039,#2040);
#1791=AXIS2_PLACEMENT_3D('',#2540,#2044,#2045);
#1792=AXIS2_PLACEMENT_3D('',#2541,#2046,#2047);
#1793=AXIS2_PLACEMENT_3D('',#2545,#2050,#2051);
#1794=AXIS2_PLACEMENT_3D('',#2550,#2053,#2054);
#1795=AXIS2_PLACEMENT_3D('',#2553,#2056,#2057);
#1796=AXIS2_PLACEMENT_3D('',#2554,#2058,#2059);
#1797=AXIS2_PLACEMENT_3D('',#2559,#2061,#2062);
#1798=AXIS2_PLACEMENT_3D('',#2562,#2064,#2065);
#1799=AXIS2_PLACEMENT_3D('',#2563,#2066,#2067);
#1800=AXIS2_PLACEMENT_3D('',#2570,#2072,#2073);
#1801=AXIS2_PLACEMENT_3D('',#2578,#2078,#2079);
#1802=AXIS2_PLACEMENT_3D('',#2606,#2094,#2095);
#1803=AXIS2_PLACEMENT_3D('',#2610,#2098,#2099);
#1804=AXIS2_PLACEMENT_3D('',#2612,#2100,#2101);
#1805=AXIS2_PLACEMENT_3D('',#2616,#2104,#2105);
#1806=AXIS2_PLACEMENT_3D('',#2619,#2107,#2108);
#1807=AXIS2_PLACEMENT_3D('',#2620,#2109,#2110);
#1808=AXIS2_PLACEMENT_3D('',#2622,#2111,#2112);
#1809=AXIS2_PLACEMENT_3D('',#2625,#2114,#2115);
#1810=AXIS2_PLACEMENT_3D('',#2626,#2116,#2117);
#1811=AXIS2_PLACEMENT_3D('',#2628,#2119,#2120);
#1812=AXIS2_PLACEMENT_3D('',#2638,#2126,#2127);
#1813=AXIS2_PLACEMENT_3D('',#2640,#2129,#2130);
#1814=AXIS2_PLACEMENT_3D('',#2643,#2132,#2133);
#1815=AXIS2_PLACEMENT_3D('',#2644,#2134,#2135);
#1816=AXIS2_PLACEMENT_3D('',#2648,#2137,#2138);
#1817=AXIS2_PLACEMENT_3D('',#2649,#2139,#2140);
#1818=AXIS2_PLACEMENT_3D('',#2650,#2141,#2142);
#1819=AXIS2_PLACEMENT_3D('',#2652,#2144,#2145);
#1820=AXIS2_PLACEMENT_3D('',#2656,#2148,#2149);
#1821=AXIS2_PLACEMENT_3D('',#2665,#2154,#2155);
#1822=AXIS2_PLACEMENT_3D('',#2671,#2159,#2160);
#1823=AXIS2_PLACEMENT_3D('',#2683,#2167,#2168);
#1824=AXIS2_PLACEMENT_3D('',#2689,#2173,#2174);
#1825=AXIS2_PLACEMENT_3D('',#2693,#2177,#2178);
#1826=AXIS2_PLACEMENT_3D('',#2695,#2179,#2180);
#1827=AXIS2_PLACEMENT_3D('',#2697,#2181,#2182);
#1828=AXIS2_PLACEMENT_3D('',#2699,#2183,#2184);
#1829=AXIS2_PLACEMENT_3D('',#2701,#2185,#2186);
#1830=AXIS2_PLACEMENT_3D('',#2702,#2187,#2188);
#1831=AXIS2_PLACEMENT_3D('',#2704,#2190,#2191);
#1832=AXIS2_PLACEMENT_3D('',#2709,#2195,#2196);
#1833=AXIS2_PLACEMENT_3D('',#2711,#2197,#2198);
#1834=AXIS2_PLACEMENT_3D('',#2713,#2199,#2200);
#1835=AXIS2_PLACEMENT_3D('',#2714,#2201,#2202);
#1836=AXIS2_PLACEMENT_3D('',#2716,#2204,#2205);
#1837=AXIS2_PLACEMENT_3D('',#2720,#2208,#2209);
#1838=AXIS2_PLACEMENT_3D('',#2722,#2211,#2212);
#1839=AXIS2_PLACEMENT_3D('',#2726,#2215,#2216);
#1840=AXIS2_PLACEMENT_3D('',#2731,#2219,#2220);
#1841=AXIS2_PLACEMENT_3D('',#2733,#2221,#2222);
#1842=AXIS2_PLACEMENT_3D('',#2735,#2223,#2224);
#1843=AXIS2_PLACEMENT_3D('',#2737,#2225,#2226);
#1844=AXIS2_PLACEMENT_3D('',#2739,#2227,#2228);
#1845=AXIS2_PLACEMENT_3D('',#2740,#2229,#2230);
#1846=AXIS2_PLACEMENT_3D('',#2744,#2233,#2234);
#1847=AXIS2_PLACEMENT_3D('',#2748,#2237,#2238);
#1848=AXIS2_PLACEMENT_3D('',#2749,#2239,#2240);
#1849=AXIS2_PLACEMENT_3D('',#2759,#2246,#2247);
#1850=AXIS2_PLACEMENT_3D('',#2761,#2249,#2250);
#1851=AXIS2_PLACEMENT_3D('',#2763,#2252,#2253);
#1852=AXIS2_PLACEMENT_3D('',#2766,#2255,#2256);
#1853=AXIS2_PLACEMENT_3D('',#2767,#2257,#2258);
#1854=AXIS2_PLACEMENT_3D('',#2769,#2259,#2260);
#1855=AXIS2_PLACEMENT_3D('',#2770,#2261,#2262);
#1856=AXIS2_PLACEMENT_3D('',#2772,#2264,#2265);
#1857=AXIS2_PLACEMENT_3D('',#2775,#2267,#2268);
#1858=AXIS2_PLACEMENT_3D('',#2776,#2269,#2270);
#1859=AXIS2_PLACEMENT_3D('',#2778,#2271,#2272);
#1860=AXIS2_PLACEMENT_3D('',#2779,#2273,#2274);
#1861=AXIS2_PLACEMENT_3D('',#2781,#2276,#2277);
#1862=AXIS2_PLACEMENT_3D('',#2784,#2279,#2280);
#1863=AXIS2_PLACEMENT_3D('',#2785,#2281,#2282);
#1864=AXIS2_PLACEMENT_3D('',#2787,#2283,#2284);
#1865=AXIS2_PLACEMENT_3D('',#2788,#2285,#2286);
#1866=AXIS2_PLACEMENT_3D('',#2790,#2288,#2289);
#1867=AXIS2_PLACEMENT_3D('',#2793,#2291,#2292);
#1868=AXIS2_PLACEMENT_3D('',#2794,#2293,#2294);
#1869=AXIS2_PLACEMENT_3D('',#2796,#2295,#2296);
#1870=AXIS2_PLACEMENT_3D('',#2797,#2297,#2298);
#1871=AXIS2_PLACEMENT_3D('',#2799,#2300,#2301);
#1872=AXIS2_PLACEMENT_3D('',#2801,#2303,#2304);
#1873=AXIS2_PLACEMENT_3D('',#2805,#2307,#2308);
#1874=AXIS2_PLACEMENT_3D('',#2816,#2315,#2316);
#1875=AXIS2_PLACEMENT_3D('',#2820,#2319,#2320);
#1876=AXIS2_PLACEMENT_3D('',#2824,#2323,#2324);
#1877=AXIS2_PLACEMENT_3D('',#2826,#2326,#2327);
#1878=AXIS2_PLACEMENT_3D('',#2827,#2328,#2329);
#1879=AXIS2_PLACEMENT_3D('',#2833,#2333,#2334);
#1880=AXIS2_PLACEMENT_3D('',#2837,#2337,#2338);
#1881=AXIS2_PLACEMENT_3D('',#2841,#2341,#2342);
#1882=AXIS2_PLACEMENT_3D('',#2843,#2344,#2345);
#1883=AXIS2_PLACEMENT_3D('',#2844,#2346,#2347);
#1884=AXIS2_PLACEMENT_3D('',#2847,#2350,#2351);
#1885=AXIS2_PLACEMENT_3D('',#2848,#2352,#2353);
#1886=AXIS2_PLACEMENT_3D('',#2850,#2355,#2356);
#1887=DIRECTION('axis',(0.,0.,1.));
#1888=DIRECTION('refdir',(1.,0.,0.));
#1889=DIRECTION('center_axis',(0.,0.,1.));
#1890=DIRECTION('ref_axis',(1.,0.,0.));
#1891=DIRECTION('',(0.,0.,-1.));
#1892=DIRECTION('center_axis',(0.,0.,-1.));
#1893=DIRECTION('ref_axis',(1.,0.,0.));
#1894=DIRECTION('',(0.,0.,1.));
#1895=DIRECTION('center_axis',(0.,0.,-1.));
#1896=DIRECTION('ref_axis',(1.,0.,0.));
#1897=DIRECTION('center_axis',(0.,0.,1.));
#1898=DIRECTION('ref_axis',(1.,0.,0.));
#1899=DIRECTION('',(0.,0.,1.));
#1900=DIRECTION('center_axis',(0.,0.,-1.));
#1901=DIRECTION('ref_axis',(1.,0.,0.));
#1902=DIRECTION('',(0.,0.,-1.));
#1903=DIRECTION('center_axis',(0.,0.,-1.));
#1904=DIRECTION('ref_axis',(1.,0.,0.));
#1905=DIRECTION('center_axis',(0.,0.,-1.));
#1906=DIRECTION('ref_axis',(-1.,0.,0.));
#1907=DIRECTION('',(0.,1.,0.));
#1908=DIRECTION('',(0.,-1.,0.));
#1909=DIRECTION('center_axis',(-1.,0.,0.));
#1910=DIRECTION('ref_axis',(0.,0.,1.));
#1911=DIRECTION('',(0.,1.,0.));
#1912=DIRECTION('',(0.,0.,-1.));
#1913=DIRECTION('',(0.,1.,0.));
#1914=DIRECTION('',(0.,0.,-1.));
#1915=DIRECTION('',(0.,1.,0.));
#1916=DIRECTION('',(0.,0.,-1.));
#1917=DIRECTION('',(0.,1.,0.));
#1918=DIRECTION('',(0.,0.,-1.));
#1919=DIRECTION('',(0.,1.,0.));
#1920=DIRECTION('',(0.,0.,-1.));
#1921=DIRECTION('',(0.,-1.,0.));
#1922=DIRECTION('',(0.,0.,1.));
#1923=DIRECTION('',(0.,1.,0.));
#1924=DIRECTION('center_axis',(0.,0.,1.));
#1925=DIRECTION('ref_axis',(1.,0.,0.));
#1926=DIRECTION('',(0.,-1.,0.));
#1927=DIRECTION('',(1.,0.,0.));
#1928=DIRECTION('center_axis',(0.,0.,1.));
#1929=DIRECTION('ref_axis',(1.,0.,0.));
#1930=DIRECTION('center_axis',(0.,0.,-1.));
#1931=DIRECTION('ref_axis',(1.,0.,0.));
#1932=DIRECTION('',(0.,-1.,0.));
#1933=DIRECTION('center_axis',(0.,0.,1.));
#1934=DIRECTION('ref_axis',(1.,0.,0.));
#1935=DIRECTION('',(0.,0.,-1.));
#1936=DIRECTION('center_axis',(0.,0.,-1.));
#1937=DIRECTION('ref_axis',(1.,0.,0.));
#1938=DIRECTION('center_axis',(0.,0.,1.));
#1939=DIRECTION('ref_axis',(1.,0.,0.));
#1940=DIRECTION('',(0.,0.,1.));
#1941=DIRECTION('center_axis',(0.,0.,-1.));
#1942=DIRECTION('ref_axis',(1.,0.,0.));
#1943=DIRECTION('center_axis',(0.,0.,-1.));
#1944=DIRECTION('ref_axis',(1.,0.,0.));
#1945=DIRECTION('center_axis',(0.,0.,-1.));
#1946=DIRECTION('ref_axis',(-1.,0.,0.));
#1947=DIRECTION('',(0.,1.,0.));
#1948=DIRECTION('center_axis',(0.,0.,1.));
#1949=DIRECTION('ref_axis',(1.,0.,0.));
#1950=DIRECTION('',(-1.,0.,0.));
#1951=DIRECTION('',(0.,-1.,0.));
#1952=DIRECTION('center_axis',(-1.,0.,0.));
#1953=DIRECTION('ref_axis',(0.,0.,1.));
#1954=DIRECTION('',(0.,0.,1.));
#1955=DIRECTION('',(0.,1.,0.));
#1956=DIRECTION('',(0.,0.,-1.));
#1957=DIRECTION('',(0.,-1.,0.));
#1958=DIRECTION('center_axis',(0.,1.,0.));
#1959=DIRECTION('ref_axis',(0.,0.,1.));
#1960=DIRECTION('',(1.,0.,0.));
#1961=DIRECTION('',(0.,0.,1.));
#1962=DIRECTION('',(1.,0.,0.));
#1963=DIRECTION('',(1.,0.,0.));
#1964=DIRECTION('',(0.,0.,-1.));
#1965=DIRECTION('',(1.,0.,0.));
#1966=DIRECTION('center_axis',(0.,0.,1.));
#1967=DIRECTION('ref_axis',(1.,0.,0.));
#1968=DIRECTION('',(-1.,0.,0.));
#1969=DIRECTION('',(0.,-1.,0.));
#1970=DIRECTION('center_axis',(0.,0.,1.));
#1971=DIRECTION('ref_axis',(1.,0.,0.));
#1972=DIRECTION('',(0.,-1.,0.));
#1973=DIRECTION('',(-1.,0.,0.));
#1974=DIRECTION('center_axis',(1.,0.,0.));
#1975=DIRECTION('ref_axis',(0.,0.,-1.));
#1976=DIRECTION('',(0.,0.,-1.));
#1977=DIRECTION('center_axis',(0.,-1.,0.));
#1978=DIRECTION('ref_axis',(0.,0.,-1.));
#1979=DIRECTION('',(-1.,0.,0.));
#1980=DIRECTION('',(0.,0.,-1.));
#1981=DIRECTION('',(-1.,0.,0.));
#1982=DIRECTION('center_axis',(0.,1.,0.));
#1983=DIRECTION('ref_axis',(0.,0.,1.));
#1984=DIRECTION('',(0.,0.,-1.));
#1985=DIRECTION('',(-1.,0.,0.));
#1986=DIRECTION('center_axis',(0.,-1.,0.));
#1987=DIRECTION('ref_axis',(0.,0.,-1.));
#1988=DIRECTION('',(1.,0.,0.));
#1989=DIRECTION('',(0.,0.,-1.));
#1990=DIRECTION('center_axis',(0.,0.,1.));
#1991=DIRECTION('ref_axis',(1.,0.,0.));
#1992=DIRECTION('',(0.,-1.,0.));
#1993=DIRECTION('center_axis',(1.,0.,0.));
#1994=DIRECTION('ref_axis',(0.,0.,-1.));
#1995=DIRECTION('',(0.,1.,0.));
#1996=DIRECTION('',(0.,-1.,0.));
#1997=DIRECTION('center_axis',(0.,0.,1.));
#1998=DIRECTION('ref_axis',(1.,0.,0.));
#1999=DIRECTION('center_axis',(0.,0.,1.));
#2000=DIRECTION('ref_axis',(1.,0.,0.));
#2001=DIRECTION('center_axis',(0.,0.,1.));
#2002=DIRECTION('ref_axis',(1.,0.,0.));
#2003=DIRECTION('',(0.,0.,-1.));
#2004=DIRECTION('center_axis',(0.,0.,-1.));
#2005=DIRECTION('ref_axis',(1.,0.,0.));
#2006=DIRECTION('',(0.,0.,1.));
#2007=DIRECTION('center_axis',(0.,0.,-1.));
#2008=DIRECTION('ref_axis',(1.,0.,0.));
#2009=DIRECTION('center_axis',(0.,0.,1.));
#2010=DIRECTION('ref_axis',(1.,0.,0.));
#2011=DIRECTION('',(0.,0.,1.));
#2012=DIRECTION('center_axis',(0.,0.,-1.));
#2013=DIRECTION('ref_axis',(1.,0.,0.));
#2014=DIRECTION('',(0.,0.,-1.));
#2015=DIRECTION('center_axis',(0.,0.,-1.));
#2016=DIRECTION('ref_axis',(1.,0.,0.));
#2017=DIRECTION('center_axis',(0.,0.,-1.));
#2018=DIRECTION('ref_axis',(-1.,0.,0.));
#2019=DIRECTION('',(1.,0.,0.));
#2020=DIRECTION('',(0.,1.,0.));
#2021=DIRECTION('',(1.,0.,0.));
#2022=DIRECTION('',(-1.,0.,0.));
#2023=DIRECTION('center_axis',(0.,1.,0.));
#2024=DIRECTION('ref_axis',(0.,0.,1.));
#2025=DIRECTION('',(1.,0.,0.));
#2026=DIRECTION('',(0.,0.,-1.));
#2027=DIRECTION('',(-1.,0.,0.));
#2028=DIRECTION('',(0.,0.,1.));
#2029=DIRECTION('',(1.,0.,0.));
#2030=DIRECTION('',(0.,0.,-1.));
#2031=DIRECTION('',(1.,0.,0.));
#2032=DIRECTION('',(0.,0.,-1.));
#2033=DIRECTION('',(-1.,0.,0.));
#2034=DIRECTION('',(0.,0.,-1.));
#2035=DIRECTION('',(1.,0.,0.));
#2036=DIRECTION('',(1.,0.,0.));
#2037=DIRECTION('',(0.,0.,-1.));
#2038=DIRECTION('',(1.,0.,0.));
#2039=DIRECTION('center_axis',(0.,0.,1.));
#2040=DIRECTION('ref_axis',(1.,0.,0.));
#2041=DIRECTION('',(-1.,0.,0.));
#2042=DIRECTION('',(0.,1.,0.));
#2043=DIRECTION('',(-1.,0.,0.));
#2044=DIRECTION('center_axis',(0.,0.,-1.));
#2045=DIRECTION('ref_axis',(1.,0.,0.));
#2046=DIRECTION('center_axis',(0.,0.,1.));
#2047=DIRECTION('ref_axis',(1.,0.,0.));
#2048=DIRECTION('',(0.,1.,0.));
#2049=DIRECTION('',(-1.,0.,0.));
#2050=DIRECTION('center_axis',(0.,0.,1.));
#2051=DIRECTION('ref_axis',(1.,0.,0.));
#2052=DIRECTION('',(0.,0.,-1.));
#2053=DIRECTION('center_axis',(0.,0.,-1.));
#2054=DIRECTION('ref_axis',(1.,0.,0.));
#2055=DIRECTION('',(0.,0.,1.));
#2056=DIRECTION('center_axis',(0.,0.,-1.));
#2057=DIRECTION('ref_axis',(1.,0.,0.));
#2058=DIRECTION('center_axis',(0.,0.,1.));
#2059=DIRECTION('ref_axis',(1.,0.,0.));
#2060=DIRECTION('',(0.,0.,1.));
#2061=DIRECTION('center_axis',(0.,0.,-1.));
#2062=DIRECTION('ref_axis',(1.,0.,0.));
#2063=DIRECTION('',(0.,0.,-1.));
#2064=DIRECTION('center_axis',(0.,0.,-1.));
#2065=DIRECTION('ref_axis',(1.,0.,0.));
#2066=DIRECTION('center_axis',(0.,0.,-1.));
#2067=DIRECTION('ref_axis',(-1.,0.,0.));
#2068=DIRECTION('',(-1.,0.,0.));
#2069=DIRECTION('',(0.,1.,0.));
#2070=DIRECTION('',(-1.,0.,0.));
#2071=DIRECTION('',(1.,0.,0.));
#2072=DIRECTION('center_axis',(0.,-1.,0.));
#2073=DIRECTION('ref_axis',(0.,0.,-1.));
#2074=DIRECTION('',(1.,0.,0.));
#2075=DIRECTION('',(0.,0.,-1.));
#2076=DIRECTION('',(1.,0.,0.));
#2077=DIRECTION('',(0.,0.,-1.));
#2078=DIRECTION('center_axis',(0.,-1.,0.));
#2079=DIRECTION('ref_axis',(0.,0.,-1.));
#2080=DIRECTION('',(-1.,0.,0.));
#2081=DIRECTION('',(0.,0.,-1.));
#2082=DIRECTION('',(-1.,0.,0.));
#2083=DIRECTION('',(-1.,0.,0.));
#2084=DIRECTION('',(0.,0.,-1.));
#2085=DIRECTION('',(1.,0.,0.));
#2086=DIRECTION('',(0.,0.,-1.));
#2087=DIRECTION('',(-1.,0.,0.));
#2088=DIRECTION('',(0.,0.,-1.));
#2089=DIRECTION('',(-1.,0.,0.));
#2090=DIRECTION('',(0.,0.,-1.));
#2091=DIRECTION('',(1.,0.,0.));
#2092=DIRECTION('',(0.,0.,1.));
#2093=DIRECTION('',(-1.,0.,0.));
#2094=DIRECTION('center_axis',(0.,0.,1.));
#2095=DIRECTION('ref_axis',(1.,0.,0.));
#2096=DIRECTION('',(1.,0.,0.));
#2097=DIRECTION('',(0.,1.,0.));
#2098=DIRECTION('center_axis',(0.,0.,1.));
#2099=DIRECTION('ref_axis',(1.,0.,0.));
#2100=DIRECTION('center_axis',(0.,0.,-1.));
#2101=DIRECTION('ref_axis',(1.,0.,0.));
#2102=DIRECTION('',(1.,0.,0.));
#2103=DIRECTION('',(0.,1.,0.));
#2104=DIRECTION('center_axis',(0.,0.,1.));
#2105=DIRECTION('ref_axis',(1.,0.,0.));
#2106=DIRECTION('',(0.,0.,1.));
#2107=DIRECTION('center_axis',(0.,0.,-1.));
#2108=DIRECTION('ref_axis',(1.,0.,0.));
#2109=DIRECTION('center_axis',(0.,0.,1.));
#2110=DIRECTION('ref_axis',(-1.,-1.22464679914735E-16,0.));
#2111=DIRECTION('center_axis',(0.,0.,-1.));
#2112=DIRECTION('ref_axis',(1.,0.,0.));
#2113=DIRECTION('',(0.,0.,-1.));
#2114=DIRECTION('center_axis',(0.,0.,-1.));
#2115=DIRECTION('ref_axis',(1.,0.,0.));
#2116=DIRECTION('center_axis',(0.,0.,-1.));
#2117=DIRECTION('ref_axis',(-1.,0.,0.));
#2118=DIRECTION('',(1.,0.,0.));
#2119=DIRECTION('center_axis',(0.,-1.,0.));
#2120=DIRECTION('ref_axis',(0.,0.,-1.));
#2121=DIRECTION('',(0.,0.,-1.));
#2122=DIRECTION('',(1.,0.,0.));
#2123=DIRECTION('',(0.,0.,-1.));
#2124=DIRECTION('',(0.,0.,-1.));
#2125=DIRECTION('',(-1.,0.,0.));
#2126=DIRECTION('center_axis',(0.,0.,1.));
#2127=DIRECTION('ref_axis',(1.,0.,0.));
#2128=DIRECTION('',(0.,-1.,0.));
#2129=DIRECTION('center_axis',(0.,0.,1.));
#2130=DIRECTION('ref_axis',(1.,0.,0.));
#2131=DIRECTION('',(0.,0.,-1.));
#2132=DIRECTION('center_axis',(0.,0.,-1.));
#2133=DIRECTION('ref_axis',(1.,0.,0.));
#2134=DIRECTION('center_axis',(0.,0.,1.));
#2135=DIRECTION('ref_axis',(-1.,-1.22464679914735E-16,0.));
#2136=DIRECTION('',(0.,0.,1.));
#2137=DIRECTION('center_axis',(0.,0.,-1.));
#2138=DIRECTION('ref_axis',(1.,0.,0.));
#2139=DIRECTION('center_axis',(0.,0.,-1.));
#2140=DIRECTION('ref_axis',(1.,0.,0.));
#2141=DIRECTION('center_axis',(0.,0.,-1.));
#2142=DIRECTION('ref_axis',(-1.,0.,0.));
#2143=DIRECTION('',(-1.,0.,0.));
#2144=DIRECTION('center_axis',(0.,0.,1.));
#2145=DIRECTION('ref_axis',(1.,0.,0.));
#2146=DIRECTION('',(0.,-1.,0.));
#2147=DIRECTION('',(1.,0.,0.));
#2148=DIRECTION('center_axis',(0.,0.,1.));
#2149=DIRECTION('ref_axis',(1.,0.,0.));
#2150=DIRECTION('',(-1.,0.,0.));
#2151=DIRECTION('',(0.,-1.,0.));
#2152=DIRECTION('',(1.,0.,0.));
#2153=DIRECTION('',(0.,1.,0.));
#2154=DIRECTION('center_axis',(-1.,0.,0.));
#2155=DIRECTION('ref_axis',(0.,0.,1.));
#2156=DIRECTION('',(0.,0.,-1.));
#2157=DIRECTION('',(0.,-1.,0.));
#2158=DIRECTION('',(0.,0.,1.));
#2159=DIRECTION('center_axis',(0.,1.,0.));
#2160=DIRECTION('ref_axis',(0.,0.,1.));
#2161=DIRECTION('',(0.,0.,-1.));
#2162=DIRECTION('',(-1.,0.,0.));
#2163=DIRECTION('',(0.,0.,-1.));
#2164=DIRECTION('',(-1.,0.,0.));
#2165=DIRECTION('',(0.,0.,-1.));
#2166=DIRECTION('',(-1.,0.,0.));
#2167=DIRECTION('center_axis',(1.,0.,0.));
#2168=DIRECTION('ref_axis',(0.,0.,-1.));
#2169=DIRECTION('',(0.,0.,-1.));
#2170=DIRECTION('',(0.,1.,0.));
#2171=DIRECTION('',(0.,1.,0.));
#2172=DIRECTION('',(0.,1.,0.));
#2173=DIRECTION('center_axis',(1.,0.,0.));
#2174=DIRECTION('ref_axis',(0.,0.,-1.));
#2175=DIRECTION('',(0.,1.,0.));
#2176=DIRECTION('',(0.,-1.,0.));
#2177=DIRECTION('center_axis',(1.,0.,0.));
#2178=DIRECTION('ref_axis',(0.,0.,-1.));
#2179=DIRECTION('center_axis',(1.,0.,0.));
#2180=DIRECTION('ref_axis',(0.,0.,-1.));
#2181=DIRECTION('center_axis',(1.,0.,0.));
#2182=DIRECTION('ref_axis',(0.,0.,-1.));
#2183=DIRECTION('center_axis',(1.,0.,0.));
#2184=DIRECTION('ref_axis',(0.,0.,-1.));
#2185=DIRECTION('center_axis',(1.,0.,0.));
#2186=DIRECTION('ref_axis',(0.,0.,-1.));
#2187=DIRECTION('center_axis',(0.,0.,1.));
#2188=DIRECTION('ref_axis',(1.,0.,0.));
#2189=DIRECTION('',(0.,-1.,0.));
#2190=DIRECTION('center_axis',(0.,0.,1.));
#2191=DIRECTION('ref_axis',(1.,0.,0.));
#2192=DIRECTION('',(0.,1.,0.));
#2193=DIRECTION('',(0.,1.,0.));
#2194=DIRECTION('',(0.,1.,0.));
#2195=DIRECTION('center_axis',(-1.,0.,0.));
#2196=DIRECTION('ref_axis',(0.,0.,1.));
#2197=DIRECTION('center_axis',(-1.,0.,0.));
#2198=DIRECTION('ref_axis',(0.,0.,-1.));
#2199=DIRECTION('center_axis',(1.,0.,0.));
#2200=DIRECTION('ref_axis',(0.,0.,-1.));
#2201=DIRECTION('center_axis',(1.,0.,0.));
#2202=DIRECTION('ref_axis',(0.,0.,-1.));
#2203=DIRECTION('',(-1.,0.,0.));
#2204=DIRECTION('center_axis',(-1.,0.,0.));
#2205=DIRECTION('ref_axis',(0.,0.,1.));
#2206=DIRECTION('',(0.,0.,-1.));
#2207=DIRECTION('',(0.,-1.,0.));
#2208=DIRECTION('center_axis',(1.,0.,0.));
#2209=DIRECTION('ref_axis',(0.,0.,-1.));
#2210=DIRECTION('',(0.,0.,-1.));
#2211=DIRECTION('center_axis',(0.,1.,0.));
#2212=DIRECTION('ref_axis',(0.,0.,1.));
#2213=DIRECTION('',(0.,0.,-1.));
#2214=DIRECTION('',(-1.,0.,0.));
#2215=DIRECTION('center_axis',(-1.,0.,0.));
#2216=DIRECTION('ref_axis',(0.,0.,1.));
#2217=DIRECTION('',(0.,1.,0.));
#2218=DIRECTION('',(0.,0.,1.));
#2219=DIRECTION('center_axis',(-1.,0.,0.));
#2220=DIRECTION('ref_axis',(0.,0.,-1.));
#2221=DIRECTION('center_axis',(-1.,0.,0.));
#2222=DIRECTION('ref_axis',(0.,0.,-1.));
#2223=DIRECTION('center_axis',(-1.,0.,0.));
#2224=DIRECTION('ref_axis',(0.,0.,-1.));
#2225=DIRECTION('center_axis',(-1.,0.,0.));
#2226=DIRECTION('ref_axis',(0.,0.,-1.));
#2227=DIRECTION('center_axis',(-1.,0.,0.));
#2228=DIRECTION('ref_axis',(0.,0.,-1.));
#2229=DIRECTION('center_axis',(-1.,0.,0.));
#2230=DIRECTION('ref_axis',(0.,0.,1.));
#2231=DIRECTION('',(0.,-1.,0.));
#2232=DIRECTION('',(0.,0.,-1.));
#2233=DIRECTION('center_axis',(0.,-1.,0.));
#2234=DIRECTION('ref_axis',(0.,0.,-1.));
#2235=DIRECTION('',(1.,0.,0.));
#2236=DIRECTION('',(0.,0.,1.));
#2237=DIRECTION('center_axis',(1.,0.,0.));
#2238=DIRECTION('ref_axis',(0.,0.,-1.));
#2239=DIRECTION('center_axis',(0.,-1.,0.));
#2240=DIRECTION('ref_axis',(0.,0.,-1.));
#2241=DIRECTION('',(1.,0.,0.));
#2242=DIRECTION('',(0.,0.,1.));
#2243=DIRECTION('',(1.,0.,0.));
#2244=DIRECTION('',(0.,0.,-1.));
#2245=DIRECTION('',(1.,0.,0.));
#2246=DIRECTION('center_axis',(0.,0.,1.));
#2247=DIRECTION('ref_axis',(1.,0.,0.));
#2248=DIRECTION('',(0.,-1.,0.));
#2249=DIRECTION('center_axis',(0.,0.,1.));
#2250=DIRECTION('ref_axis',(1.,0.,0.));
#2251=DIRECTION('',(0.,-1.,0.));
#2252=DIRECTION('center_axis',(1.,0.,0.));
#2253=DIRECTION('ref_axis',(0.,0.,-1.));
#2254=DIRECTION('',(1.,0.,0.));
#2255=DIRECTION('center_axis',(1.,0.,0.));
#2256=DIRECTION('ref_axis',(0.,0.,-1.));
#2257=DIRECTION('center_axis',(-1.,0.,0.));
#2258=DIRECTION('ref_axis',(0.,0.,1.));
#2259=DIRECTION('center_axis',(-1.,0.,0.));
#2260=DIRECTION('ref_axis',(0.,0.,-1.));
#2261=DIRECTION('center_axis',(1.,0.,0.));
#2262=DIRECTION('ref_axis',(0.,0.,-1.));
#2263=DIRECTION('',(1.,0.,0.));
#2264=DIRECTION('center_axis',(1.,0.,0.));
#2265=DIRECTION('ref_axis',(0.,0.,-1.));
#2266=DIRECTION('',(1.,0.,0.));
#2267=DIRECTION('center_axis',(1.,0.,0.));
#2268=DIRECTION('ref_axis',(0.,0.,-1.));
#2269=DIRECTION('center_axis',(-1.,0.,0.));
#2270=DIRECTION('ref_axis',(0.,0.,1.));
#2271=DIRECTION('center_axis',(-1.,0.,0.));
#2272=DIRECTION('ref_axis',(0.,0.,-1.));
#2273=DIRECTION('center_axis',(1.,0.,0.));
#2274=DIRECTION('ref_axis',(0.,0.,-1.));
#2275=DIRECTION('',(1.,0.,0.));
#2276=DIRECTION('center_axis',(1.,0.,0.));
#2277=DIRECTION('ref_axis',(0.,0.,-1.));
#2278=DIRECTION('',(1.,0.,0.));
#2279=DIRECTION('center_axis',(1.,0.,0.));
#2280=DIRECTION('ref_axis',(0.,0.,-1.));
#2281=DIRECTION('center_axis',(-1.,0.,0.));
#2282=DIRECTION('ref_axis',(0.,0.,1.));
#2283=DIRECTION('center_axis',(-1.,0.,0.));
#2284=DIRECTION('ref_axis',(0.,0.,-1.));
#2285=DIRECTION('center_axis',(1.,0.,0.));
#2286=DIRECTION('ref_axis',(0.,0.,-1.));
#2287=DIRECTION('',(1.,0.,0.));
#2288=DIRECTION('center_axis',(1.,0.,0.));
#2289=DIRECTION('ref_axis',(0.,0.,-1.));
#2290=DIRECTION('',(1.,0.,0.));
#2291=DIRECTION('center_axis',(1.,0.,0.));
#2292=DIRECTION('ref_axis',(0.,0.,-1.));
#2293=DIRECTION('center_axis',(-1.,0.,0.));
#2294=DIRECTION('ref_axis',(0.,0.,1.));
#2295=DIRECTION('center_axis',(-1.,0.,0.));
#2296=DIRECTION('ref_axis',(0.,0.,-1.));
#2297=DIRECTION('center_axis',(1.,0.,0.));
#2298=DIRECTION('ref_axis',(0.,0.,-1.));
#2299=DIRECTION('',(1.,0.,0.));
#2300=DIRECTION('center_axis',(1.,0.,0.));
#2301=DIRECTION('ref_axis',(0.,0.,-1.));
#2302=DIRECTION('',(1.,0.,0.));
#2303=DIRECTION('center_axis',(0.,1.,0.));
#2304=DIRECTION('ref_axis',(0.,0.,1.));
#2305=DIRECTION('',(-1.,0.,0.));
#2306=DIRECTION('',(0.,0.,1.));
#2307=DIRECTION('center_axis',(0.,0.,1.));
#2308=DIRECTION('ref_axis',(1.,0.,0.));
#2309=DIRECTION('',(0.,-1.,0.));
#2310=DIRECTION('',(0.,-1.,0.));
#2311=DIRECTION('',(-1.,0.,0.));
#2312=DIRECTION('',(0.,1.,0.));
#2313=DIRECTION('',(0.,1.,0.));
#2314=DIRECTION('',(1.,0.,0.));
#2315=DIRECTION('center_axis',(-1.,0.,0.));
#2316=DIRECTION('ref_axis',(0.,0.,1.));
#2317=DIRECTION('',(0.,-1.,0.));
#2318=DIRECTION('',(0.,0.,-1.));
#2319=DIRECTION('center_axis',(0.,0.,1.));
#2320=DIRECTION('ref_axis',(1.,0.,0.));
#2321=DIRECTION('',(0.,1.,0.));
#2322=DIRECTION('',(-1.,0.,0.));
#2323=DIRECTION('center_axis',(1.,0.,0.));
#2324=DIRECTION('ref_axis',(0.,0.,-1.));
#2325=DIRECTION('',(0.,0.,-1.));
#2326=DIRECTION('center_axis',(0.,1.,0.));
#2327=DIRECTION('ref_axis',(0.,0.,1.));
#2328=DIRECTION('center_axis',(-1.,0.,0.));
#2329=DIRECTION('ref_axis',(0.,0.,1.));
#2330=DIRECTION('',(0.,0.,-1.));
#2331=DIRECTION('',(0.,-1.,0.));
#2332=DIRECTION('',(0.,0.,-1.));
#2333=DIRECTION('center_axis',(0.,-1.,0.));
#2334=DIRECTION('ref_axis',(0.,0.,-1.));
#2335=DIRECTION('',(0.,0.,-1.));
#2336=DIRECTION('',(1.,0.,0.));
#2337=DIRECTION('center_axis',(0.,0.,1.));
#2338=DIRECTION('ref_axis',(1.,0.,0.));
#2339=DIRECTION('',(0.,1.,0.));
#2340=DIRECTION('',(-1.,0.,0.));
#2341=DIRECTION('center_axis',(1.,0.,0.));
#2342=DIRECTION('ref_axis',(0.,0.,-1.));
#2343=DIRECTION('',(0.,0.,-1.));
#2344=DIRECTION('center_axis',(0.,1.,0.));
#2345=DIRECTION('ref_axis',(0.,0.,1.));
#2346=DIRECTION('center_axis',(-1.,0.,0.));
#2347=DIRECTION('ref_axis',(0.,0.,1.));
#2348=DIRECTION('',(0.,1.,0.));
#2349=DIRECTION('',(0.,-1.,0.));
#2350=DIRECTION('center_axis',(0.,0.,1.));
#2351=DIRECTION('ref_axis',(1.,0.,0.));
#2352=DIRECTION('center_axis',(-1.,0.,0.));
#2353=DIRECTION('ref_axis',(0.,0.,1.));
#2354=DIRECTION('',(0.,-1.,0.));
#2355=DIRECTION('center_axis',(0.,0.,1.));
#2356=DIRECTION('ref_axis',(1.,0.,0.));
#2357=CARTESIAN_POINT('',(0.,0.,0.));
#2358=CARTESIAN_POINT('Origin',(53.5,-14.,18.8));
#2359=CARTESIAN_POINT('',(52.,-15.7435595774163,22.));
#2360=CARTESIAN_POINT('',(52.,-15.7435595774163,15.5));
#2361=CARTESIAN_POINT('',(52.,-15.7435595774163,18.8));
#2362=CARTESIAN_POINT('',(55.,-15.7435595774163,22.));
#2363=CARTESIAN_POINT('Origin',(53.5,-14.,22.));
#2364=CARTESIAN_POINT('',(55.,-15.7435595774163,15.5));
#2365=CARTESIAN_POINT('',(55.,-15.7435595774163,18.8));
#2366=CARTESIAN_POINT('Origin',(53.5,-14.,15.5));
#2367=CARTESIAN_POINT('Origin',(53.5,-14.,18.8));
#2368=CARTESIAN_POINT('',(52.,-12.2564404225837,15.5));
#2369=CARTESIAN_POINT('',(52.,-12.2564404225837,22.));
#2370=CARTESIAN_POINT('',(52.,-12.2564404225837,18.8));
#2371=CARTESIAN_POINT('',(55.,-12.2564404225837,15.5));
#2372=CARTESIAN_POINT('Origin',(53.5,-14.,15.5));
#2373=CARTESIAN_POINT('',(55.,-12.2564404225837,22.));
#2374=CARTESIAN_POINT('',(55.,-12.2564404225837,18.8));
#2375=CARTESIAN_POINT('Origin',(53.5,-14.,22.));
#2376=CARTESIAN_POINT('Origin',(53.5,-14.,15.5));
#2377=CARTESIAN_POINT('',(52.,-7.,15.5));
#2378=CARTESIAN_POINT('',(55.,-7.,15.5));
#2379=CARTESIAN_POINT('Origin',(55.,0.,-18.25));
#2380=CARTESIAN_POINT('',(55.,-20.,22.));
#2381=CARTESIAN_POINT('',(55.,0.,22.));
#2382=CARTESIAN_POINT('',(55.,-20.,8.));
#2383=CARTESIAN_POINT('',(55.,-20.,15.));
#2384=CARTESIAN_POINT('',(55.,-28.,8.));
#2385=CARTESIAN_POINT('',(55.,0.,8.));
#2386=CARTESIAN_POINT('',(55.,-28.,4.));
#2387=CARTESIAN_POINT('',(55.,-28.,-5.25));
#2388=CARTESIAN_POINT('',(55.,28.,4.));
#2389=CARTESIAN_POINT('',(55.,0.,4.));
#2390=CARTESIAN_POINT('',(55.,28.,8.));
#2391=CARTESIAN_POINT('',(55.,28.,-4.25));
#2392=CARTESIAN_POINT('',(55.,20.,8.));
#2393=CARTESIAN_POINT('',(55.,0.,8.));
#2394=CARTESIAN_POINT('',(55.,20.,22.));
#2395=CARTESIAN_POINT('',(55.,20.,15.));
#2396=CARTESIAN_POINT('',(55.,15.7435595774163,22.));
#2397=CARTESIAN_POINT('',(55.,0.,22.));
#2398=CARTESIAN_POINT('',(55.,15.7435595774163,15.5));
#2399=CARTESIAN_POINT('',(55.,15.7435595774163,18.8));
#2400=CARTESIAN_POINT('',(55.,12.2564404225837,15.5));
#2401=CARTESIAN_POINT('',(55.,7.,15.5));
#2402=CARTESIAN_POINT('',(55.,12.2564404225837,22.));
#2403=CARTESIAN_POINT('',(55.,12.2564404225837,18.8));
#2404=CARTESIAN_POINT('',(55.,0.,22.));
#2405=CARTESIAN_POINT('Origin',(53.5,0.,22.));
#2406=CARTESIAN_POINT('',(52.,-20.,22.));
#2407=CARTESIAN_POINT('',(52.,0.,22.));
#2408=CARTESIAN_POINT('',(53.5,-20.,22.));
#2409=CARTESIAN_POINT('Origin',(53.5,0.,22.));
#2410=CARTESIAN_POINT('',(52.,12.2564404225837,22.));
#2411=CARTESIAN_POINT('Origin',(53.5,14.,22.));
#2412=CARTESIAN_POINT('',(52.,0.,22.));
#2413=CARTESIAN_POINT('Origin',(53.5,14.,18.8));
#2414=CARTESIAN_POINT('',(52.,12.2564404225837,15.5));
#2415=CARTESIAN_POINT('',(52.,12.2564404225837,18.8));
#2416=CARTESIAN_POINT('Origin',(53.5,14.,15.5));
#2417=CARTESIAN_POINT('Origin',(53.5,14.,18.8));
#2418=CARTESIAN_POINT('',(52.,15.7435595774163,15.5));
#2419=CARTESIAN_POINT('',(52.,15.7435595774163,22.));
#2420=CARTESIAN_POINT('',(52.,15.7435595774163,18.8));
#2421=CARTESIAN_POINT('Origin',(53.5,14.,15.5));
#2422=CARTESIAN_POINT('Origin',(53.5,14.,22.));
#2423=CARTESIAN_POINT('Origin',(53.5,14.,15.5));
#2424=CARTESIAN_POINT('',(52.,7.,15.5));
#2425=CARTESIAN_POINT('Origin',(53.5,0.,22.));
#2426=CARTESIAN_POINT('',(52.,20.,22.));
#2427=CARTESIAN_POINT('',(53.5,20.,22.));
#2428=CARTESIAN_POINT('',(52.,0.,22.));
#2429=CARTESIAN_POINT('Origin',(46.2,0.,4.625));
#2430=CARTESIAN_POINT('',(46.2,28.,3.35));
#2431=CARTESIAN_POINT('',(46.2,28.,6.));
#2432=CARTESIAN_POINT('',(46.2,28.,-0.3125));
#2433=CARTESIAN_POINT('',(46.2,-28.,3.35));
#2434=CARTESIAN_POINT('',(46.2,0.,3.35));
#2435=CARTESIAN_POINT('',(46.2,-28.,6.));
#2436=CARTESIAN_POINT('',(46.2,-28.,-0.3125));
#2437=CARTESIAN_POINT('',(46.2,0.,6.));
#2438=CARTESIAN_POINT('Origin',(49.,-28.,-5.25));
#2439=CARTESIAN_POINT('',(51.9,-28.,3.35));
#2440=CARTESIAN_POINT('',(48.25,-28.,3.35));
#2441=CARTESIAN_POINT('',(51.9,-28.,4.));
#2442=CARTESIAN_POINT('',(51.9,-28.,-2.625));
#2443=CARTESIAN_POINT('',(51.25,-28.,4.));
#2444=CARTESIAN_POINT('',(52.,-28.,8.));
#2445=CARTESIAN_POINT('',(53.5,-28.,8.));
#2446=CARTESIAN_POINT('',(52.,-28.,6.));
#2447=CARTESIAN_POINT('',(52.,-28.,-4.25));
#2448=CARTESIAN_POINT('',(49.,-28.,6.));
#2449=CARTESIAN_POINT('Origin',(47.5,0.,3.35));
#2450=CARTESIAN_POINT('',(51.9,28.,3.35));
#2451=CARTESIAN_POINT('',(48.25,28.,3.35));
#2452=CARTESIAN_POINT('',(51.9,0.,3.35));
#2453=CARTESIAN_POINT('Origin',(53.5,0.,4.));
#2454=CARTESIAN_POINT('',(51.9,28.,4.));
#2455=CARTESIAN_POINT('',(51.9,0.,4.));
#2456=CARTESIAN_POINT('',(51.25,28.,4.));
#2457=CARTESIAN_POINT('Origin',(51.9,0.,0.));
#2458=CARTESIAN_POINT('',(51.9,28.,-2.625));
#2459=CARTESIAN_POINT('Origin',(49.,28.,-5.25));
#2460=CARTESIAN_POINT('',(52.,28.,6.));
#2461=CARTESIAN_POINT('',(49.,28.,6.));
#2462=CARTESIAN_POINT('',(52.,28.,8.));
#2463=CARTESIAN_POINT('',(52.,28.,-4.25));
#2464=CARTESIAN_POINT('',(53.5,28.,8.));
#2465=CARTESIAN_POINT('Origin',(53.5,-20.,15.));
#2466=CARTESIAN_POINT('',(52.,-20.,8.));
#2467=CARTESIAN_POINT('',(52.,-20.,15.));
#2468=CARTESIAN_POINT('',(53.5,-20.,8.));
#2469=CARTESIAN_POINT('Origin',(53.5,20.,15.));
#2470=CARTESIAN_POINT('',(52.,20.,8.));
#2471=CARTESIAN_POINT('',(53.5,20.,8.));
#2472=CARTESIAN_POINT('',(52.,20.,15.));
#2473=CARTESIAN_POINT('Origin',(53.5,0.,8.));
#2474=CARTESIAN_POINT('',(52.,0.,8.));
#2475=CARTESIAN_POINT('Origin',(52.,0.,-4.25));
#2476=CARTESIAN_POINT('',(52.,0.,6.));
#2477=CARTESIAN_POINT('',(52.,0.,8.));
#2478=CARTESIAN_POINT('Origin',(53.5,0.,8.));
#2479=CARTESIAN_POINT('Origin',(49.,0.,6.));
#2480=CARTESIAN_POINT('Origin',(30.,-18.,18.8));
#2481=CARTESIAN_POINT('',(27.7,-18.,22.));
#2482=CARTESIAN_POINT('',(27.7,-18.,15.5));
#2483=CARTESIAN_POINT('',(27.7,-18.,18.8));
#2484=CARTESIAN_POINT('',(28.8642183308399,-20.,22.));
#2485=CARTESIAN_POINT('Origin',(30.,-18.,22.));
#2486=CARTESIAN_POINT('',(28.8642183308399,-20.,15.5));
#2487=CARTESIAN_POINT('',(28.8642183308399,-20.,18.8));
#2488=CARTESIAN_POINT('Origin',(30.,-18.,15.5));
#2489=CARTESIAN_POINT('Origin',(30.,-18.,18.8));
#2490=CARTESIAN_POINT('',(31.1357816691601,-16.,15.5));
#2491=CARTESIAN_POINT('',(31.1357816691601,-16.,22.));
#2492=CARTESIAN_POINT('',(31.1357816691601,-16.,18.8));
#2493=CARTESIAN_POINT('',(31.1357816691601,-20.,15.5));
#2494=CARTESIAN_POINT('Origin',(30.,-18.,15.5));
#2495=CARTESIAN_POINT('',(31.1357816691601,-20.,22.));
#2496=CARTESIAN_POINT('',(31.1357816691601,-20.,18.8));
#2497=CARTESIAN_POINT('Origin',(30.,-18.,22.));
#2498=CARTESIAN_POINT('Origin',(30.,-18.,15.5));
#2499=CARTESIAN_POINT('',(30.8,-16.,15.5));
#2500=CARTESIAN_POINT('',(24.975,-16.,15.5));
#2501=CARTESIAN_POINT('',(30.8,-18.,15.5));
#2502=CARTESIAN_POINT('',(30.8,-17.475,15.5));
#2503=CARTESIAN_POINT('',(29.45,-18.,15.5));
#2504=CARTESIAN_POINT('',(16.25,-20.,15.5));
#2505=CARTESIAN_POINT('Origin',(2.5,-20.,0.));
#2506=CARTESIAN_POINT('',(13.1357816691601,-20.,22.));
#2507=CARTESIAN_POINT('',(19.95,-20.,22.));
#2508=CARTESIAN_POINT('',(13.1357816691601,-20.,15.5));
#2509=CARTESIAN_POINT('',(13.1357816691601,-20.,18.8));
#2510=CARTESIAN_POINT('',(10.8642183308399,-20.,15.5));
#2511=CARTESIAN_POINT('',(7.25,-20.,15.5));
#2512=CARTESIAN_POINT('',(10.8642183308399,-20.,22.));
#2513=CARTESIAN_POINT('',(10.8642183308399,-20.,18.8));
#2514=CARTESIAN_POINT('',(5.,-20.,22.));
#2515=CARTESIAN_POINT('',(19.95,-20.,22.));
#2516=CARTESIAN_POINT('',(5.,-20.,20.));
#2517=CARTESIAN_POINT('',(5.,-20.,2.75));
#2518=CARTESIAN_POINT('',(0.,-20.,20.));
#2519=CARTESIAN_POINT('',(2.5,-20.,20.));
#2520=CARTESIAN_POINT('',(0.,-20.,-20.));
#2521=CARTESIAN_POINT('',(0.,-20.,0.));
#2522=CARTESIAN_POINT('',(55.,-20.,-20.));
#2523=CARTESIAN_POINT('',(30.,-20.,-20.));
#2524=CARTESIAN_POINT('',(55.,-20.,-16.5));
#2525=CARTESIAN_POINT('',(55.,-20.,-18.25));
#2526=CARTESIAN_POINT('',(43.,-20.,-16.5));
#2527=CARTESIAN_POINT('',(30.,-20.,-16.5));
#2528=CARTESIAN_POINT('',(34.9,-20.,-16.5));
#2529=CARTESIAN_POINT('',(30.,-20.,-16.5));
#2530=CARTESIAN_POINT('',(34.9,-20.,22.));
#2531=CARTESIAN_POINT('',(34.9,-20.,2.75));
#2532=CARTESIAN_POINT('',(19.95,-20.,22.));
#2533=CARTESIAN_POINT('Origin',(19.95,-18.,22.));
#2534=CARTESIAN_POINT('',(27.,-18.,22.));
#2535=CARTESIAN_POINT('',(24.425,-18.,22.));
#2536=CARTESIAN_POINT('',(27.,-16.,22.));
#2537=CARTESIAN_POINT('',(27.,-17.475,22.));
#2538=CARTESIAN_POINT('',(13.1357816691601,-16.,22.));
#2539=CARTESIAN_POINT('',(19.95,-16.,22.));
#2540=CARTESIAN_POINT('Origin',(12.,-18.,22.));
#2541=CARTESIAN_POINT('Origin',(19.95,-18.,22.));
#2542=CARTESIAN_POINT('',(34.9,-16.,22.));
#2543=CARTESIAN_POINT('',(34.9,-18.,22.));
#2544=CARTESIAN_POINT('',(19.95,-16.,22.));
#2545=CARTESIAN_POINT('Origin',(30.,18.,18.8));
#2546=CARTESIAN_POINT('',(31.1357816691601,16.,22.));
#2547=CARTESIAN_POINT('',(31.1357816691601,16.,15.5));
#2548=CARTESIAN_POINT('',(31.1357816691601,16.,18.8));
#2549=CARTESIAN_POINT('',(31.1357816691601,20.,22.));
#2550=CARTESIAN_POINT('Origin',(30.,18.,22.));
#2551=CARTESIAN_POINT('',(31.1357816691601,20.,15.5));
#2552=CARTESIAN_POINT('',(31.1357816691601,20.,18.8));
#2553=CARTESIAN_POINT('Origin',(30.,18.,15.5));
#2554=CARTESIAN_POINT('Origin',(30.,18.,18.8));
#2555=CARTESIAN_POINT('',(27.7,18.,15.5));
#2556=CARTESIAN_POINT('',(27.7,18.,22.));
#2557=CARTESIAN_POINT('',(27.7,18.,18.8));
#2558=CARTESIAN_POINT('',(28.8642183308399,20.,15.5));
#2559=CARTESIAN_POINT('Origin',(30.,18.,15.5));
#2560=CARTESIAN_POINT('',(28.8642183308399,20.,22.));
#2561=CARTESIAN_POINT('',(28.8642183308399,20.,18.8));
#2562=CARTESIAN_POINT('Origin',(30.,18.,22.));
#2563=CARTESIAN_POINT('Origin',(30.,18.,15.5));
#2564=CARTESIAN_POINT('',(30.8,18.,15.5));
#2565=CARTESIAN_POINT('',(29.45,18.,15.5));
#2566=CARTESIAN_POINT('',(30.8,16.,15.5));
#2567=CARTESIAN_POINT('',(30.8,17.475,15.5));
#2568=CARTESIAN_POINT('',(24.975,16.,15.5));
#2569=CARTESIAN_POINT('',(16.25,20.,15.5));
#2570=CARTESIAN_POINT('Origin',(28.9,18.,2.75));
#2571=CARTESIAN_POINT('',(27.,18.,22.));
#2572=CARTESIAN_POINT('',(24.425,18.,22.));
#2573=CARTESIAN_POINT('',(27.,18.,-16.6));
#2574=CARTESIAN_POINT('',(27.,18.,2.75));
#2575=CARTESIAN_POINT('',(30.8,18.,-16.6));
#2576=CARTESIAN_POINT('',(28.9,18.,-16.6));
#2577=CARTESIAN_POINT('',(30.8,18.,2.75));
#2578=CARTESIAN_POINT('Origin',(2.5,20.,0.));
#2579=CARTESIAN_POINT('',(34.9,20.,22.));
#2580=CARTESIAN_POINT('',(19.95,20.,22.));
#2581=CARTESIAN_POINT('',(34.9,20.,-16.5));
#2582=CARTESIAN_POINT('',(34.9,20.,2.75));
#2583=CARTESIAN_POINT('',(43.,20.,-16.5));
#2584=CARTESIAN_POINT('',(30.,20.,-16.5));
#2585=CARTESIAN_POINT('',(55.,20.,-16.5));
#2586=CARTESIAN_POINT('',(30.,20.,-16.5));
#2587=CARTESIAN_POINT('',(55.,20.,-20.));
#2588=CARTESIAN_POINT('',(55.,20.,-18.25));
#2589=CARTESIAN_POINT('',(0.,20.,-20.));
#2590=CARTESIAN_POINT('',(30.,20.,-20.));
#2591=CARTESIAN_POINT('',(0.,20.,20.));
#2592=CARTESIAN_POINT('',(0.,20.,0.));
#2593=CARTESIAN_POINT('',(5.,20.,20.));
#2594=CARTESIAN_POINT('',(2.5,20.,20.));
#2595=CARTESIAN_POINT('',(5.,20.,22.));
#2596=CARTESIAN_POINT('',(5.,20.,2.75));
#2597=CARTESIAN_POINT('',(10.8642183308399,20.,22.));
#2598=CARTESIAN_POINT('',(19.95,20.,22.));
#2599=CARTESIAN_POINT('',(10.8642183308399,20.,15.5));
#2600=CARTESIAN_POINT('',(10.8642183308399,20.,18.8));
#2601=CARTESIAN_POINT('',(13.1357816691601,20.,15.5));
#2602=CARTESIAN_POINT('',(7.25,20.,15.5));
#2603=CARTESIAN_POINT('',(13.1357816691601,20.,22.));
#2604=CARTESIAN_POINT('',(13.1357816691601,20.,18.8));
#2605=CARTESIAN_POINT('',(19.95,20.,22.));
#2606=CARTESIAN_POINT('Origin',(19.95,18.,22.));
#2607=CARTESIAN_POINT('',(34.9,16.,22.));
#2608=CARTESIAN_POINT('',(19.95,16.,22.));
#2609=CARTESIAN_POINT('',(34.9,18.,22.));
#2610=CARTESIAN_POINT('Origin',(19.95,18.,22.));
#2611=CARTESIAN_POINT('',(13.1357816691601,16.,22.));
#2612=CARTESIAN_POINT('Origin',(12.,18.,22.));
#2613=CARTESIAN_POINT('',(27.,16.,22.));
#2614=CARTESIAN_POINT('',(19.95,16.,22.));
#2615=CARTESIAN_POINT('',(27.,17.475,22.));
#2616=CARTESIAN_POINT('Origin',(12.,-18.,18.8));
#2617=CARTESIAN_POINT('',(13.1357816691601,-16.,15.5));
#2618=CARTESIAN_POINT('',(13.1357816691601,-16.,18.8));
#2619=CARTESIAN_POINT('Origin',(12.,-18.,15.5));
#2620=CARTESIAN_POINT('Origin',(12.,-18.,18.8));
#2621=CARTESIAN_POINT('',(10.8642183308399,-16.,15.5));
#2622=CARTESIAN_POINT('Origin',(12.,-18.,15.5));
#2623=CARTESIAN_POINT('',(10.8642183308399,-16.,22.));
#2624=CARTESIAN_POINT('',(10.8642183308399,-16.,18.8));
#2625=CARTESIAN_POINT('Origin',(12.,-18.,22.));
#2626=CARTESIAN_POINT('Origin',(12.,-18.,15.5));
#2627=CARTESIAN_POINT('',(15.975,-16.,15.5));
#2628=CARTESIAN_POINT('Origin',(19.95,-16.,2.75));
#2629=CARTESIAN_POINT('',(27.,-16.,-16.5));
#2630=CARTESIAN_POINT('',(27.,-16.,2.75));
#2631=CARTESIAN_POINT('',(5.,-16.,-16.5));
#2632=CARTESIAN_POINT('',(24.975,-16.,-16.5));
#2633=CARTESIAN_POINT('',(5.,-16.,20.));
#2634=CARTESIAN_POINT('',(5.,-16.,1.375));
#2635=CARTESIAN_POINT('',(5.,-16.,22.));
#2636=CARTESIAN_POINT('',(5.,-16.,2.75));
#2637=CARTESIAN_POINT('',(19.95,-16.,22.));
#2638=CARTESIAN_POINT('Origin',(19.95,-18.,22.));
#2639=CARTESIAN_POINT('',(5.,-18.,22.));
#2640=CARTESIAN_POINT('Origin',(12.,18.,18.8));
#2641=CARTESIAN_POINT('',(13.1357816691601,16.,15.5));
#2642=CARTESIAN_POINT('',(13.1357816691601,16.,18.8));
#2643=CARTESIAN_POINT('Origin',(12.,18.,15.5));
#2644=CARTESIAN_POINT('Origin',(12.,18.,18.8));
#2645=CARTESIAN_POINT('',(10.8642183308399,16.,15.5));
#2646=CARTESIAN_POINT('',(10.8642183308399,16.,22.));
#2647=CARTESIAN_POINT('',(10.8642183308399,16.,18.8));
#2648=CARTESIAN_POINT('Origin',(12.,18.,15.5));
#2649=CARTESIAN_POINT('Origin',(12.,18.,22.));
#2650=CARTESIAN_POINT('Origin',(12.,18.,15.5));
#2651=CARTESIAN_POINT('',(15.975,16.,15.5));
#2652=CARTESIAN_POINT('Origin',(19.95,18.,22.));
#2653=CARTESIAN_POINT('',(5.,16.,22.));
#2654=CARTESIAN_POINT('',(5.,18.,22.));
#2655=CARTESIAN_POINT('',(19.95,16.,22.));
#2656=CARTESIAN_POINT('Origin',(44.05,0.,-16.4));
#2657=CARTESIAN_POINT('',(46.2,-28.,-16.4));
#2658=CARTESIAN_POINT('',(43.,-28.,-16.4));
#2659=CARTESIAN_POINT('',(46.525,-28.,-16.4));
#2660=CARTESIAN_POINT('',(46.2,28.,-16.4));
#2661=CARTESIAN_POINT('',(46.2,0.,-16.4));
#2662=CARTESIAN_POINT('',(43.,28.,-16.4));
#2663=CARTESIAN_POINT('',(46.525,28.,-16.4));
#2664=CARTESIAN_POINT('',(43.,0.,-16.4));
#2665=CARTESIAN_POINT('Origin',(46.2,0.,-13.775));
#2666=CARTESIAN_POINT('',(46.2,-28.,-11.35));
#2667=CARTESIAN_POINT('',(46.2,-28.,-9.5125));
#2668=CARTESIAN_POINT('',(46.2,28.,-11.35));
#2669=CARTESIAN_POINT('',(46.2,0.,-11.35));
#2670=CARTESIAN_POINT('',(46.2,28.,-9.5125));
#2671=CARTESIAN_POINT('Origin',(49.,-28.,-5.25));
#2672=CARTESIAN_POINT('',(43.,-28.,-16.5));
#2673=CARTESIAN_POINT('',(43.,-28.,-5.25));
#2674=CARTESIAN_POINT('',(55.,-28.,-16.5));
#2675=CARTESIAN_POINT('',(49.,-28.,-16.5));
#2676=CARTESIAN_POINT('',(55.,-28.,-4.));
#2677=CARTESIAN_POINT('',(55.,-28.,-5.25));
#2678=CARTESIAN_POINT('',(52.,-28.,-4.));
#2679=CARTESIAN_POINT('',(51.25,-28.,-4.));
#2680=CARTESIAN_POINT('',(52.,-28.,-11.35));
#2681=CARTESIAN_POINT('',(52.,-28.,-4.625));
#2682=CARTESIAN_POINT('',(48.25,-28.,-11.35));
#2683=CARTESIAN_POINT('Origin',(43.,0.,-5.25));
#2684=CARTESIAN_POINT('',(43.,28.,-16.5));
#2685=CARTESIAN_POINT('',(43.,28.,-5.25));
#2686=CARTESIAN_POINT('',(43.,0.,-16.5));
#2687=CARTESIAN_POINT('',(43.,0.,-16.5));
#2688=CARTESIAN_POINT('',(43.,0.,-16.5));
#2689=CARTESIAN_POINT('Origin',(0.,0.,0.));
#2690=CARTESIAN_POINT('',(0.,0.,-20.));
#2691=CARTESIAN_POINT('',(0.,0.,20.));
#2692=CARTESIAN_POINT('',(0.,-5.65685424949238,-3.95685424949238));
#2693=CARTESIAN_POINT('Origin',(0.,-5.65685424949238,-5.65685424949238));
#2694=CARTESIAN_POINT('',(0.,-5.65685424949238,7.35685424949238));
#2695=CARTESIAN_POINT('Origin',(0.,-5.65685424949238,5.65685424949238));
#2696=CARTESIAN_POINT('',(0.,5.65685424949238,-3.95685424949238));
#2697=CARTESIAN_POINT('Origin',(0.,5.65685424949238,-5.65685424949238));
#2698=CARTESIAN_POINT('',(0.,5.65685424949238,7.35685424949238));
#2699=CARTESIAN_POINT('Origin',(0.,5.65685424949238,5.65685424949238));
#2700=CARTESIAN_POINT('',(0.,-6.30693101560887E-16,5.15));
#2701=CARTESIAN_POINT('Origin',(0.,0.,0.));
#2702=CARTESIAN_POINT('Origin',(2.5,0.,-20.));
#2703=CARTESIAN_POINT('',(55.,0.,-20.));
#2704=CARTESIAN_POINT('Origin',(2.5,0.,20.));
#2705=CARTESIAN_POINT('',(5.,0.,20.));
#2706=CARTESIAN_POINT('',(5.,16.,20.));
#2707=CARTESIAN_POINT('',(5.,0.,20.));
#2708=CARTESIAN_POINT('',(5.,0.,20.));
#2709=CARTESIAN_POINT('Origin',(-4.,0.,0.));
#2710=CARTESIAN_POINT('',(-4.,-6.30693101560887E-16,5.15));
#2711=CARTESIAN_POINT('Origin',(-4.,0.,0.));
#2712=CARTESIAN_POINT('',(-4.,-4.28626379701574E-16,3.5));
#2713=CARTESIAN_POINT('Origin',(-4.,0.,0.));
#2714=CARTESIAN_POINT('Origin',(-1.975,0.,0.));
#2715=CARTESIAN_POINT('',(-1.975,-6.30693101560887E-16,5.15));
#2716=CARTESIAN_POINT('Origin',(34.9,18.,2.75));
#2717=CARTESIAN_POINT('',(34.9,16.,-16.5));
#2718=CARTESIAN_POINT('',(34.9,16.,2.75));
#2719=CARTESIAN_POINT('',(34.9,9.,-16.5));
#2720=CARTESIAN_POINT('Origin',(5.,18.,2.75));
#2721=CARTESIAN_POINT('',(5.,16.,2.75));
#2722=CARTESIAN_POINT('Origin',(19.95,16.,2.75));
#2723=CARTESIAN_POINT('',(30.8,16.,-16.5));
#2724=CARTESIAN_POINT('',(30.8,16.,2.75));
#2725=CARTESIAN_POINT('',(24.975,16.,-16.5));
#2726=CARTESIAN_POINT('Origin',(5.,0.,0.));
#2727=CARTESIAN_POINT('',(5.,16.,-16.5));
#2728=CARTESIAN_POINT('',(5.,0.,-16.5));
#2729=CARTESIAN_POINT('',(5.,16.,1.375));
#2730=CARTESIAN_POINT('',(5.,4.28626379701574E-16,3.5));
#2731=CARTESIAN_POINT('Origin',(5.,0.,0.));
#2732=CARTESIAN_POINT('',(5.,-5.65685424949238,-2.40685424949238));
#2733=CARTESIAN_POINT('Origin',(5.,-5.65685424949238,-5.65685424949238));
#2734=CARTESIAN_POINT('',(5.,-5.65685424949238,8.90685424949238));
#2735=CARTESIAN_POINT('Origin',(5.,-5.65685424949238,5.65685424949238));
#2736=CARTESIAN_POINT('',(5.,5.65685424949238,-2.40685424949238));
#2737=CARTESIAN_POINT('Origin',(5.,5.65685424949238,-5.65685424949238));
#2738=CARTESIAN_POINT('',(5.,5.65685424949238,8.90685424949238));
#2739=CARTESIAN_POINT('Origin',(5.,5.65685424949238,5.65685424949238));
#2740=CARTESIAN_POINT('Origin',(34.9,-18.,2.75));
#2741=CARTESIAN_POINT('',(34.9,-16.,-16.5));
#2742=CARTESIAN_POINT('',(34.9,-9.,-16.5));
#2743=CARTESIAN_POINT('',(34.9,-16.,2.75));
#2744=CARTESIAN_POINT('Origin',(19.95,-16.,2.75));
#2745=CARTESIAN_POINT('',(30.8,-16.,-16.5));
#2746=CARTESIAN_POINT('',(24.975,-16.,-16.5));
#2747=CARTESIAN_POINT('',(30.8,-16.,2.75));
#2748=CARTESIAN_POINT('Origin',(5.,-18.,2.75));
#2749=CARTESIAN_POINT('Origin',(49.,28.,-5.25));
#2750=CARTESIAN_POINT('',(52.,28.,-11.35));
#2751=CARTESIAN_POINT('',(48.25,28.,-11.35));
#2752=CARTESIAN_POINT('',(52.,28.,-4.));
#2753=CARTESIAN_POINT('',(52.,28.,-4.625));
#2754=CARTESIAN_POINT('',(55.,28.,-4.));
#2755=CARTESIAN_POINT('',(51.25,28.,-4.));
#2756=CARTESIAN_POINT('',(55.,28.,-16.5));
#2757=CARTESIAN_POINT('',(55.,28.,-4.25));
#2758=CARTESIAN_POINT('',(49.,28.,-16.5));
#2759=CARTESIAN_POINT('Origin',(49.,0.,-16.5));
#2760=CARTESIAN_POINT('',(55.,0.,-16.5));
#2761=CARTESIAN_POINT('Origin',(49.,0.,-16.5));
#2762=CARTESIAN_POINT('',(55.,0.,-16.5));
#2763=CARTESIAN_POINT('Origin',(2.05,5.65685424949238,5.65685424949238));
#2764=CARTESIAN_POINT('',(2.,5.65685424949238,7.35685424949238));
#2765=CARTESIAN_POINT('',(2.05,5.65685424949238,7.35685424949238));
#2766=CARTESIAN_POINT('Origin',(2.,5.65685424949238,5.65685424949238));
#2767=CARTESIAN_POINT('Origin',(2.,5.65685424949238,5.65685424949238));
#2768=CARTESIAN_POINT('',(2.,5.65685424949238,8.90685424949238));
#2769=CARTESIAN_POINT('Origin',(2.,5.65685424949238,5.65685424949238));
#2770=CARTESIAN_POINT('Origin',(3.55,5.65685424949238,5.65685424949238));
#2771=CARTESIAN_POINT('',(3.55,5.65685424949238,8.90685424949238));
#2772=CARTESIAN_POINT('Origin',(2.05,5.65685424949238,-5.65685424949238));
#2773=CARTESIAN_POINT('',(2.,5.65685424949238,-3.95685424949238));
#2774=CARTESIAN_POINT('',(2.05,5.65685424949238,-3.95685424949238));
#2775=CARTESIAN_POINT('Origin',(2.,5.65685424949238,-5.65685424949238));
#2776=CARTESIAN_POINT('Origin',(2.,5.65685424949238,-5.65685424949238));
#2777=CARTESIAN_POINT('',(2.,5.65685424949238,-2.40685424949238));
#2778=CARTESIAN_POINT('Origin',(2.,5.65685424949238,-5.65685424949238));
#2779=CARTESIAN_POINT('Origin',(3.55,5.65685424949238,-5.65685424949238));
#2780=CARTESIAN_POINT('',(3.55,5.65685424949238,-2.40685424949238));
#2781=CARTESIAN_POINT('Origin',(2.05,-5.65685424949238,5.65685424949238));
#2782=CARTESIAN_POINT('',(2.,-5.65685424949238,7.35685424949238));
#2783=CARTESIAN_POINT('',(2.05,-5.65685424949238,7.35685424949238));
#2784=CARTESIAN_POINT('Origin',(2.,-5.65685424949238,5.65685424949238));
#2785=CARTESIAN_POINT('Origin',(2.,-5.65685424949238,5.65685424949238));
#2786=CARTESIAN_POINT('',(2.,-5.65685424949238,8.90685424949238));
#2787=CARTESIAN_POINT('Origin',(2.,-5.65685424949238,5.65685424949238));
#2788=CARTESIAN_POINT('Origin',(3.55,-5.65685424949238,5.65685424949238));
#2789=CARTESIAN_POINT('',(3.55,-5.65685424949238,8.90685424949238));
#2790=CARTESIAN_POINT('Origin',(2.05,-5.65685424949238,-5.65685424949238));
#2791=CARTESIAN_POINT('',(2.,-5.65685424949238,-3.95685424949238));
#2792=CARTESIAN_POINT('',(2.05,-5.65685424949238,-3.95685424949238));
#2793=CARTESIAN_POINT('Origin',(2.,-5.65685424949238,-5.65685424949238));
#2794=CARTESIAN_POINT('Origin',(2.,-5.65685424949238,-5.65685424949238));
#2795=CARTESIAN_POINT('',(2.,-5.65685424949238,-2.40685424949238));
#2796=CARTESIAN_POINT('Origin',(2.,-5.65685424949238,-5.65685424949238));
#2797=CARTESIAN_POINT('Origin',(3.55,-5.65685424949238,-5.65685424949238));
#2798=CARTESIAN_POINT('',(3.55,-5.65685424949238,-2.40685424949238));
#2799=CARTESIAN_POINT('Origin',(0.45,0.,0.));
#2800=CARTESIAN_POINT('',(0.45,-4.28626379701574E-16,3.5));
#2801=CARTESIAN_POINT('Origin',(19.95,16.,2.75));
#2802=CARTESIAN_POINT('',(27.,16.,-16.5));
#2803=CARTESIAN_POINT('',(24.975,16.,-16.5));
#2804=CARTESIAN_POINT('',(27.,16.,2.75));
#2805=CARTESIAN_POINT('Origin',(30.,0.,-16.5));
#2806=CARTESIAN_POINT('',(30.8,-15.9,-16.5));
#2807=CARTESIAN_POINT('',(30.8,-8.475,-16.5));
#2808=CARTESIAN_POINT('',(30.8,15.9,-16.5));
#2809=CARTESIAN_POINT('',(30.8,8.475,-16.5));
#2810=CARTESIAN_POINT('',(27.,15.9,-16.5));
#2811=CARTESIAN_POINT('',(29.45,15.9,-16.5));
#2812=CARTESIAN_POINT('',(27.,8.475,-16.5));
#2813=CARTESIAN_POINT('',(27.,-15.9,-16.5));
#2814=CARTESIAN_POINT('',(27.,-8.475,-16.5));
#2815=CARTESIAN_POINT('',(29.45,-15.9,-16.5));
#2816=CARTESIAN_POINT('Origin',(30.8,16.95,2.75));
#2817=CARTESIAN_POINT('',(30.8,15.9,-16.6));
#2818=CARTESIAN_POINT('',(30.8,16.95,-16.6));
#2819=CARTESIAN_POINT('',(30.8,15.9,2.75));
#2820=CARTESIAN_POINT('Origin',(28.9,16.95,-16.6));
#2821=CARTESIAN_POINT('',(27.,15.9,-16.6));
#2822=CARTESIAN_POINT('',(27.,16.95,-16.6));
#2823=CARTESIAN_POINT('',(28.9,15.9,-16.6));
#2824=CARTESIAN_POINT('Origin',(27.,16.95,2.75));
#2825=CARTESIAN_POINT('',(27.,15.9,2.75));
#2826=CARTESIAN_POINT('Origin',(28.9,15.9,2.75));
#2827=CARTESIAN_POINT('Origin',(30.8,-16.95,2.75));
#2828=CARTESIAN_POINT('',(30.8,-15.9,-16.6));
#2829=CARTESIAN_POINT('',(30.8,-15.9,2.75));
#2830=CARTESIAN_POINT('',(30.8,-18.,-16.6));
#2831=CARTESIAN_POINT('',(30.8,-16.95,-16.6));
#2832=CARTESIAN_POINT('',(30.8,-18.,2.75));
#2833=CARTESIAN_POINT('Origin',(28.9,-15.9,2.75));
#2834=CARTESIAN_POINT('',(27.,-15.9,-16.6));
#2835=CARTESIAN_POINT('',(27.,-15.9,2.75));
#2836=CARTESIAN_POINT('',(28.9,-15.9,-16.6));
#2837=CARTESIAN_POINT('Origin',(28.9,-16.95,-16.6));
#2838=CARTESIAN_POINT('',(27.,-18.,-16.6));
#2839=CARTESIAN_POINT('',(27.,-16.95,-16.6));
#2840=CARTESIAN_POINT('',(28.9,-18.,-16.6));
#2841=CARTESIAN_POINT('Origin',(27.,-16.95,2.75));
#2842=CARTESIAN_POINT('',(27.,-18.,2.75));
#2843=CARTESIAN_POINT('Origin',(28.9,-18.,2.75));
#2844=CARTESIAN_POINT('Origin',(52.,0.,-4.));
#2845=CARTESIAN_POINT('',(52.,0.,-4.));
#2846=CARTESIAN_POINT('',(52.,0.,-11.35));
#2847=CARTESIAN_POINT('Origin',(47.5,0.,-11.35));
#2848=CARTESIAN_POINT('Origin',(55.,0.,-18.25));
#2849=CARTESIAN_POINT('',(55.,0.,-4.));
#2850=CARTESIAN_POINT('Origin',(53.5,0.,-4.));
#2851=UNCERTAINTY_MEASURE_WITH_UNIT(LENGTH_MEASURE(0.01),#2855,
'DISTANCE_ACCURACY_VALUE',
'Maximum model space distance between geometric entities at asserted c
onnectivities');
#2852=UNCERTAINTY_MEASURE_WITH_UNIT(LENGTH_MEASURE(0.01),#2855,
'DISTANCE_ACCURACY_VALUE',
'Maximum model space distance between geometric entities at asserted c
onnectivities');
#2853=(
GEOMETRIC_REPRESENTATION_CONTEXT(3)
GLOBAL_UNCERTAINTY_ASSIGNED_CONTEXT((#2851))
GLOBAL_UNIT_ASSIGNED_CONTEXT((#2855,#2857,#2858))
REPRESENTATION_CONTEXT('','3D')
);
#2854=(
GEOMETRIC_REPRESENTATION_CONTEXT(3)
GLOBAL_UNCERTAINTY_ASSIGNED_CONTEXT((#2852))
GLOBAL_UNIT_ASSIGNED_CONTEXT((#2855,#2857,#2858))
REPRESENTATION_CONTEXT('','3D')
);
#2855=(
LENGTH_UNIT()
NAMED_UNIT(*)
SI_UNIT(.MILLI.,.METRE.)
);
#2856=(
LENGTH_UNIT()
NAMED_UNIT(*)
SI_UNIT($,.METRE.)
);
#2857=(
NAMED_UNIT(*)
PLANE_ANGLE_UNIT()
SI_UNIT($,.RADIAN.)
);
#2858=(
NAMED_UNIT(*)
SI_UNIT($,.STERADIAN.)
SOLID_ANGLE_UNIT()
);
#2859=SHAPE_DEFINITION_REPRESENTATION(#2860,#2861);
#2860=PRODUCT_DEFINITION_SHAPE('',$,#2863);
#2861=SHAPE_REPRESENTATION('',(#1751),#2853);
#2862=PRODUCT_DEFINITION_CONTEXT('part definition',#2867,'design');
#2863=PRODUCT_DEFINITION('rt_grip_body','rt_grip_body',#2864,#2862);
#2864=PRODUCT_DEFINITION_FORMATION('',$,#2869);
#2865=PRODUCT_RELATED_PRODUCT_CATEGORY('rt_grip_body','rt_grip_body',(#2869));
#2866=APPLICATION_PROTOCOL_DEFINITION('international standard',
'automotive_design',2009,#2867);
#2867=APPLICATION_CONTEXT(
'Core Data for Automotive Mechanical Design Process');
#2868=PRODUCT_CONTEXT('part definition',#2867,'mechanical');
#2869=PRODUCT('rt_grip_body','rt_grip_body',$,(#2868));
#2870=PRESENTATION_STYLE_ASSIGNMENT((#2871));
#2871=SURFACE_STYLE_USAGE(.BOTH.,#2872);
#2872=SURFACE_SIDE_STYLE('',(#2873));
#2873=SURFACE_STYLE_FILL_AREA(#2874);
#2874=FILL_AREA_STYLE('Steel - Satin',(#2875));
#2875=FILL_AREA_STYLE_COLOUR('Steel - Satin',#2876);
#2876=COLOUR_RGB('Steel - Satin',0.627450980392157,0.627450980392157,0.627450980392157);
ENDSEC;
END-ISO-10303-21;
