ISO-10303-21;
HEADER;
/* Generated by software containing ST-Developer
 * from STEP Tools, Inc. (www.steptools.com) 
 */

FILE_DESCRIPTION(
/* description */ (''),
/* implementation_level */ '2;1');

FILE_NAME(
/* name */ 'rt_grip_jaw_p.step',
/* time_stamp */ '2026-07-19T17:08:20-04:00',
/* author */ (''),
/* organization */ (''),
/* preprocessor_version */ 'ST-DEVELOPER v20.1',
/* originating_system */ 'Autodesk Translation Framework v15.8.0.0',
/* authorisation */ '');

FILE_SCHEMA (('AUTOMOTIVE_DESIGN { 1 0 10303 214 3 1 1 }'));
ENDSEC;

DATA;
#10=MECHANICAL_DESIGN_GEOMETRIC_PRESENTATION_REPRESENTATION('',(#13),#6242);
#11=SHAPE_REPRESENTATION_RELATIONSHIP('SRR','None',#6249,#12);
#12=ADVANCED_BREP_SHAPE_REPRESENTATION('',(#14),#6241);
#13=STYLED_ITEM('',(#6258),#14);
#14=MANIFOLD_SOLID_BREP('Body1',#3484);
#15=FACE_BOUND('',#406,.T.);
#16=PLANE('',#3501);
#17=PLANE('',#3502);
#18=PLANE('',#3652);
#19=PLANE('',#3806);
#20=PLANE('',#3808);
#21=PLANE('',#3838);
#22=PLANE('',#3875);
#23=PLANE('',#3936);
#24=PLANE('',#3944);
#25=PLANE('',#3945);
#26=PLANE('',#3946);
#27=PLANE('',#3947);
#28=PLANE('',#3948);
#29=PLANE('',#3949);
#30=PLANE('',#3950);
#31=PLANE('',#3951);
#32=PLANE('',#3952);
#33=PLANE('',#3953);
#34=PLANE('',#3954);
#35=PLANE('',#3955);
#36=PLANE('',#3956);
#37=PLANE('',#3957);
#38=PLANE('',#3958);
#39=PLANE('',#3959);
#40=PLANE('',#3960);
#41=PLANE('',#3961);
#42=PLANE('',#3962);
#43=PLANE('',#3963);
#44=PLANE('',#3964);
#45=PLANE('',#3965);
#46=PLANE('',#3966);
#47=PLANE('',#3967);
#48=PLANE('',#3968);
#49=PLANE('',#3969);
#50=PLANE('',#3970);
#51=PLANE('',#3971);
#52=FACE_OUTER_BOUND('',#234,.T.);
#53=FACE_OUTER_BOUND('',#235,.T.);
#54=FACE_OUTER_BOUND('',#236,.T.);
#55=FACE_OUTER_BOUND('',#237,.T.);
#56=FACE_OUTER_BOUND('',#238,.T.);
#57=FACE_OUTER_BOUND('',#239,.T.);
#58=FACE_OUTER_BOUND('',#240,.T.);
#59=FACE_OUTER_BOUND('',#241,.T.);
#60=FACE_OUTER_BOUND('',#242,.T.);
#61=FACE_OUTER_BOUND('',#243,.T.);
#62=FACE_OUTER_BOUND('',#244,.T.);
#63=FACE_OUTER_BOUND('',#245,.T.);
#64=FACE_OUTER_BOUND('',#246,.T.);
#65=FACE_OUTER_BOUND('',#247,.T.);
#66=FACE_OUTER_BOUND('',#248,.T.);
#67=FACE_OUTER_BOUND('',#249,.T.);
#68=FACE_OUTER_BOUND('',#250,.T.);
#69=FACE_OUTER_BOUND('',#251,.T.);
#70=FACE_OUTER_BOUND('',#252,.T.);
#71=FACE_OUTER_BOUND('',#253,.T.);
#72=FACE_OUTER_BOUND('',#254,.T.);
#73=FACE_OUTER_BOUND('',#255,.T.);
#74=FACE_OUTER_BOUND('',#256,.T.);
#75=FACE_OUTER_BOUND('',#257,.T.);
#76=FACE_OUTER_BOUND('',#258,.T.);
#77=FACE_OUTER_BOUND('',#259,.T.);
#78=FACE_OUTER_BOUND('',#260,.T.);
#79=FACE_OUTER_BOUND('',#261,.T.);
#80=FACE_OUTER_BOUND('',#262,.T.);
#81=FACE_OUTER_BOUND('',#263,.T.);
#82=FACE_OUTER_BOUND('',#264,.T.);
#83=FACE_OUTER_BOUND('',#265,.T.);
#84=FACE_OUTER_BOUND('',#266,.T.);
#85=FACE_OUTER_BOUND('',#267,.T.);
#86=FACE_OUTER_BOUND('',#268,.T.);
#87=FACE_OUTER_BOUND('',#269,.T.);
#88=FACE_OUTER_BOUND('',#270,.T.);
#89=FACE_OUTER_BOUND('',#271,.T.);
#90=FACE_OUTER_BOUND('',#272,.T.);
#91=FACE_OUTER_BOUND('',#273,.T.);
#92=FACE_OUTER_BOUND('',#274,.T.);
#93=FACE_OUTER_BOUND('',#275,.T.);
#94=FACE_OUTER_BOUND('',#276,.T.);
#95=FACE_OUTER_BOUND('',#277,.T.);
#96=FACE_OUTER_BOUND('',#278,.T.);
#97=FACE_OUTER_BOUND('',#279,.T.);
#98=FACE_OUTER_BOUND('',#280,.T.);
#99=FACE_OUTER_BOUND('',#281,.T.);
#100=FACE_OUTER_BOUND('',#282,.T.);
#101=FACE_OUTER_BOUND('',#283,.T.);
#102=FACE_OUTER_BOUND('',#284,.T.);
#103=FACE_OUTER_BOUND('',#285,.T.);
#104=FACE_OUTER_BOUND('',#286,.T.);
#105=FACE_OUTER_BOUND('',#287,.T.);
#106=FACE_OUTER_BOUND('',#288,.T.);
#107=FACE_OUTER_BOUND('',#289,.T.);
#108=FACE_OUTER_BOUND('',#290,.T.);
#109=FACE_OUTER_BOUND('',#291,.T.);
#110=FACE_OUTER_BOUND('',#292,.T.);
#111=FACE_OUTER_BOUND('',#293,.T.);
#112=FACE_OUTER_BOUND('',#294,.T.);
#113=FACE_OUTER_BOUND('',#295,.T.);
#114=FACE_OUTER_BOUND('',#296,.T.);
#115=FACE_OUTER_BOUND('',#297,.T.);
#116=FACE_OUTER_BOUND('',#298,.T.);
#117=FACE_OUTER_BOUND('',#299,.T.);
#118=FACE_OUTER_BOUND('',#300,.T.);
#119=FACE_OUTER_BOUND('',#301,.T.);
#120=FACE_OUTER_BOUND('',#302,.T.);
#121=FACE_OUTER_BOUND('',#303,.T.);
#122=FACE_OUTER_BOUND('',#304,.T.);
#123=FACE_OUTER_BOUND('',#305,.T.);
#124=FACE_OUTER_BOUND('',#306,.T.);
#125=FACE_OUTER_BOUND('',#307,.T.);
#126=FACE_OUTER_BOUND('',#308,.T.);
#127=FACE_OUTER_BOUND('',#309,.T.);
#128=FACE_OUTER_BOUND('',#310,.T.);
#129=FACE_OUTER_BOUND('',#311,.T.);
#130=FACE_OUTER_BOUND('',#312,.T.);
#131=FACE_OUTER_BOUND('',#313,.T.);
#132=FACE_OUTER_BOUND('',#314,.T.);
#133=FACE_OUTER_BOUND('',#315,.T.);
#134=FACE_OUTER_BOUND('',#316,.T.);
#135=FACE_OUTER_BOUND('',#317,.T.);
#136=FACE_OUTER_BOUND('',#318,.T.);
#137=FACE_OUTER_BOUND('',#319,.T.);
#138=FACE_OUTER_BOUND('',#320,.T.);
#139=FACE_OUTER_BOUND('',#321,.T.);
#140=FACE_OUTER_BOUND('',#322,.T.);
#141=FACE_OUTER_BOUND('',#323,.T.);
#142=FACE_OUTER_BOUND('',#324,.T.);
#143=FACE_OUTER_BOUND('',#325,.T.);
#144=FACE_OUTER_BOUND('',#326,.T.);
#145=FACE_OUTER_BOUND('',#327,.T.);
#146=FACE_OUTER_BOUND('',#328,.T.);
#147=FACE_OUTER_BOUND('',#329,.T.);
#148=FACE_OUTER_BOUND('',#330,.T.);
#149=FACE_OUTER_BOUND('',#331,.T.);
#150=FACE_OUTER_BOUND('',#332,.T.);
#151=FACE_OUTER_BOUND('',#333,.T.);
#152=FACE_OUTER_BOUND('',#334,.T.);
#153=FACE_OUTER_BOUND('',#335,.T.);
#154=FACE_OUTER_BOUND('',#336,.T.);
#155=FACE_OUTER_BOUND('',#337,.T.);
#156=FACE_OUTER_BOUND('',#338,.T.);
#157=FACE_OUTER_BOUND('',#339,.T.);
#158=FACE_OUTER_BOUND('',#340,.T.);
#159=FACE_OUTER_BOUND('',#341,.T.);
#160=FACE_OUTER_BOUND('',#342,.T.);
#161=FACE_OUTER_BOUND('',#343,.T.);
#162=FACE_OUTER_BOUND('',#344,.T.);
#163=FACE_OUTER_BOUND('',#345,.T.);
#164=FACE_OUTER_BOUND('',#346,.T.);
#165=FACE_OUTER_BOUND('',#347,.T.);
#166=FACE_OUTER_BOUND('',#348,.T.);
#167=FACE_OUTER_BOUND('',#349,.T.);
#168=FACE_OUTER_BOUND('',#350,.T.);
#169=FACE_OUTER_BOUND('',#351,.T.);
#170=FACE_OUTER_BOUND('',#352,.T.);
#171=FACE_OUTER_BOUND('',#353,.T.);
#172=FACE_OUTER_BOUND('',#354,.T.);
#173=FACE_OUTER_BOUND('',#355,.T.);
#174=FACE_OUTER_BOUND('',#356,.T.);
#175=FACE_OUTER_BOUND('',#357,.T.);
#176=FACE_OUTER_BOUND('',#358,.T.);
#177=FACE_OUTER_BOUND('',#359,.T.);
#178=FACE_OUTER_BOUND('',#360,.T.);
#179=FACE_OUTER_BOUND('',#361,.T.);
#180=FACE_OUTER_BOUND('',#362,.T.);
#181=FACE_OUTER_BOUND('',#363,.T.);
#182=FACE_OUTER_BOUND('',#364,.T.);
#183=FACE_OUTER_BOUND('',#365,.T.);
#184=FACE_OUTER_BOUND('',#366,.T.);
#185=FACE_OUTER_BOUND('',#367,.T.);
#186=FACE_OUTER_BOUND('',#368,.T.);
#187=FACE_OUTER_BOUND('',#369,.T.);
#188=FACE_OUTER_BOUND('',#370,.T.);
#189=FACE_OUTER_BOUND('',#371,.T.);
#190=FACE_OUTER_BOUND('',#372,.T.);
#191=FACE_OUTER_BOUND('',#373,.T.);
#192=FACE_OUTER_BOUND('',#374,.T.);
#193=FACE_OUTER_BOUND('',#375,.T.);
#194=FACE_OUTER_BOUND('',#376,.T.);
#195=FACE_OUTER_BOUND('',#377,.T.);
#196=FACE_OUTER_BOUND('',#378,.T.);
#197=FACE_OUTER_BOUND('',#379,.T.);
#198=FACE_OUTER_BOUND('',#380,.T.);
#199=FACE_OUTER_BOUND('',#381,.T.);
#200=FACE_OUTER_BOUND('',#382,.T.);
#201=FACE_OUTER_BOUND('',#383,.T.);
#202=FACE_OUTER_BOUND('',#384,.T.);
#203=FACE_OUTER_BOUND('',#385,.T.);
#204=FACE_OUTER_BOUND('',#386,.T.);
#205=FACE_OUTER_BOUND('',#387,.T.);
#206=FACE_OUTER_BOUND('',#388,.T.);
#207=FACE_OUTER_BOUND('',#389,.T.);
#208=FACE_OUTER_BOUND('',#390,.T.);
#209=FACE_OUTER_BOUND('',#391,.T.);
#210=FACE_OUTER_BOUND('',#392,.T.);
#211=FACE_OUTER_BOUND('',#393,.T.);
#212=FACE_OUTER_BOUND('',#394,.T.);
#213=FACE_OUTER_BOUND('',#395,.T.);
#214=FACE_OUTER_BOUND('',#396,.T.);
#215=FACE_OUTER_BOUND('',#397,.T.);
#216=FACE_OUTER_BOUND('',#398,.T.);
#217=FACE_OUTER_BOUND('',#399,.T.);
#218=FACE_OUTER_BOUND('',#400,.T.);
#219=FACE_OUTER_BOUND('',#401,.T.);
#220=FACE_OUTER_BOUND('',#402,.T.);
#221=FACE_OUTER_BOUND('',#403,.T.);
#222=FACE_OUTER_BOUND('',#404,.T.);
#223=FACE_OUTER_BOUND('',#405,.T.);
#224=FACE_OUTER_BOUND('',#407,.T.);
#225=FACE_OUTER_BOUND('',#408,.T.);
#226=FACE_OUTER_BOUND('',#409,.T.);
#227=FACE_OUTER_BOUND('',#410,.T.);
#228=FACE_OUTER_BOUND('',#411,.T.);
#229=FACE_OUTER_BOUND('',#412,.T.);
#230=FACE_OUTER_BOUND('',#413,.T.);
#231=FACE_OUTER_BOUND('',#414,.T.);
#232=FACE_OUTER_BOUND('',#415,.T.);
#233=FACE_OUTER_BOUND('',#416,.T.);
#234=EDGE_LOOP('',(#2086,#2087,#2088,#2089));
#235=EDGE_LOOP('',(#2090,#2091,#2092,#2093));
#236=EDGE_LOOP('',(#2094,#2095,#2096,#2097,#2098,#2099,#2100,#2101,#2102,
#2103,#2104,#2105,#2106,#2107,#2108,#2109,#2110,#2111,#2112,#2113,#2114,
#2115,#2116,#2117,#2118,#2119,#2120,#2121,#2122,#2123,#2124,#2125,#2126,
#2127,#2128,#2129,#2130,#2131,#2132,#2133,#2134,#2135,#2136,#2137,#2138,
#2139,#2140,#2141,#2142,#2143,#2144,#2145,#2146,#2147,#2148,#2149,#2150,
#2151,#2152,#2153,#2154,#2155,#2156,#2157,#2158,#2159,#2160,#2161,#2162,
#2163,#2164,#2165,#2166,#2167,#2168,#2169,#2170,#2171,#2172,#2173,#2174,
#2175,#2176,#2177,#2178,#2179,#2180,#2181,#2182,#2183,#2184,#2185,#2186,
#2187,#2188,#2189,#2190,#2191,#2192,#2193,#2194,#2195,#2196,#2197,#2198,
#2199,#2200,#2201,#2202,#2203,#2204,#2205,#2206,#2207,#2208,#2209,#2210,
#2211,#2212,#2213,#2214,#2215,#2216,#2217,#2218,#2219,#2220,#2221,#2222,
#2223,#2224,#2225,#2226,#2227,#2228,#2229,#2230,#2231,#2232,#2233,#2234,
#2235,#2236,#2237,#2238,#2239,#2240,#2241,#2242,#2243,#2244,#2245,#2246,
#2247));
#237=EDGE_LOOP('',(#2248,#2249,#2250,#2251));
#238=EDGE_LOOP('',(#2252,#2253,#2254,#2255));
#239=EDGE_LOOP('',(#2256,#2257,#2258,#2259,#2260,#2261,#2262,#2263,#2264,
#2265,#2266,#2267,#2268,#2269,#2270,#2271,#2272,#2273,#2274,#2275,#2276,
#2277,#2278,#2279,#2280,#2281,#2282,#2283,#2284,#2285,#2286,#2287,#2288,
#2289,#2290,#2291,#2292,#2293,#2294,#2295,#2296,#2297,#2298,#2299,#2300,
#2301,#2302,#2303,#2304,#2305,#2306,#2307,#2308,#2309,#2310,#2311,#2312,
#2313,#2314,#2315,#2316,#2317,#2318,#2319,#2320,#2321,#2322,#2323,#2324,
#2325,#2326,#2327,#2328,#2329,#2330,#2331,#2332,#2333,#2334,#2335,#2336,
#2337,#2338,#2339,#2340,#2341,#2342,#2343,#2344,#2345,#2346,#2347,#2348,
#2349,#2350,#2351,#2352,#2353,#2354,#2355,#2356,#2357,#2358,#2359,#2360,
#2361,#2362,#2363,#2364,#2365,#2366,#2367,#2368,#2369,#2370,#2371,#2372,
#2373,#2374,#2375,#2376,#2377,#2378,#2379,#2380,#2381,#2382,#2383,#2384,
#2385,#2386,#2387,#2388,#2389,#2390,#2391,#2392,#2393,#2394,#2395,#2396,
#2397,#2398,#2399,#2400,#2401,#2402,#2403,#2404,#2405,#2406,#2407,#2408,
#2409));
#240=EDGE_LOOP('',(#2410,#2411,#2412,#2413));
#241=EDGE_LOOP('',(#2414,#2415,#2416,#2417));
#242=EDGE_LOOP('',(#2418,#2419,#2420,#2421));
#243=EDGE_LOOP('',(#2422,#2423,#2424,#2425));
#244=EDGE_LOOP('',(#2426,#2427,#2428,#2429));
#245=EDGE_LOOP('',(#2430,#2431,#2432,#2433));
#246=EDGE_LOOP('',(#2434,#2435,#2436,#2437));
#247=EDGE_LOOP('',(#2438,#2439,#2440,#2441));
#248=EDGE_LOOP('',(#2442,#2443,#2444,#2445));
#249=EDGE_LOOP('',(#2446,#2447,#2448,#2449));
#250=EDGE_LOOP('',(#2450,#2451,#2452,#2453));
#251=EDGE_LOOP('',(#2454,#2455,#2456,#2457));
#252=EDGE_LOOP('',(#2458,#2459,#2460,#2461));
#253=EDGE_LOOP('',(#2462,#2463,#2464,#2465));
#254=EDGE_LOOP('',(#2466,#2467,#2468,#2469));
#255=EDGE_LOOP('',(#2470,#2471,#2472,#2473));
#256=EDGE_LOOP('',(#2474,#2475,#2476,#2477));
#257=EDGE_LOOP('',(#2478,#2479,#2480,#2481));
#258=EDGE_LOOP('',(#2482,#2483,#2484,#2485));
#259=EDGE_LOOP('',(#2486,#2487,#2488,#2489));
#260=EDGE_LOOP('',(#2490,#2491,#2492,#2493));
#261=EDGE_LOOP('',(#2494,#2495,#2496,#2497));
#262=EDGE_LOOP('',(#2498,#2499,#2500,#2501));
#263=EDGE_LOOP('',(#2502,#2503,#2504,#2505));
#264=EDGE_LOOP('',(#2506,#2507,#2508,#2509));
#265=EDGE_LOOP('',(#2510,#2511,#2512,#2513));
#266=EDGE_LOOP('',(#2514,#2515,#2516,#2517));
#267=EDGE_LOOP('',(#2518,#2519,#2520,#2521));
#268=EDGE_LOOP('',(#2522,#2523,#2524,#2525));
#269=EDGE_LOOP('',(#2526,#2527,#2528,#2529));
#270=EDGE_LOOP('',(#2530,#2531,#2532,#2533));
#271=EDGE_LOOP('',(#2534,#2535,#2536,#2537));
#272=EDGE_LOOP('',(#2538,#2539,#2540,#2541));
#273=EDGE_LOOP('',(#2542,#2543,#2544,#2545));
#274=EDGE_LOOP('',(#2546,#2547,#2548,#2549));
#275=EDGE_LOOP('',(#2550,#2551,#2552,#2553));
#276=EDGE_LOOP('',(#2554,#2555,#2556,#2557));
#277=EDGE_LOOP('',(#2558,#2559,#2560,#2561));
#278=EDGE_LOOP('',(#2562,#2563,#2564,#2565));
#279=EDGE_LOOP('',(#2566,#2567,#2568,#2569));
#280=EDGE_LOOP('',(#2570,#2571,#2572,#2573));
#281=EDGE_LOOP('',(#2574,#2575,#2576,#2577));
#282=EDGE_LOOP('',(#2578,#2579,#2580,#2581));
#283=EDGE_LOOP('',(#2582,#2583,#2584,#2585));
#284=EDGE_LOOP('',(#2586,#2587,#2588,#2589));
#285=EDGE_LOOP('',(#2590,#2591,#2592,#2593));
#286=EDGE_LOOP('',(#2594,#2595,#2596,#2597));
#287=EDGE_LOOP('',(#2598,#2599,#2600,#2601));
#288=EDGE_LOOP('',(#2602,#2603,#2604,#2605));
#289=EDGE_LOOP('',(#2606,#2607,#2608,#2609));
#290=EDGE_LOOP('',(#2610,#2611,#2612,#2613));
#291=EDGE_LOOP('',(#2614,#2615,#2616,#2617));
#292=EDGE_LOOP('',(#2618,#2619,#2620,#2621));
#293=EDGE_LOOP('',(#2622,#2623,#2624,#2625));
#294=EDGE_LOOP('',(#2626,#2627,#2628,#2629));
#295=EDGE_LOOP('',(#2630,#2631,#2632,#2633));
#296=EDGE_LOOP('',(#2634,#2635,#2636,#2637));
#297=EDGE_LOOP('',(#2638,#2639,#2640,#2641));
#298=EDGE_LOOP('',(#2642,#2643,#2644,#2645));
#299=EDGE_LOOP('',(#2646,#2647,#2648,#2649));
#300=EDGE_LOOP('',(#2650,#2651,#2652,#2653));
#301=EDGE_LOOP('',(#2654,#2655,#2656,#2657));
#302=EDGE_LOOP('',(#2658,#2659,#2660,#2661));
#303=EDGE_LOOP('',(#2662,#2663,#2664,#2665));
#304=EDGE_LOOP('',(#2666,#2667,#2668,#2669));
#305=EDGE_LOOP('',(#2670,#2671,#2672,#2673));
#306=EDGE_LOOP('',(#2674,#2675,#2676,#2677));
#307=EDGE_LOOP('',(#2678,#2679,#2680,#2681));
#308=EDGE_LOOP('',(#2682,#2683,#2684,#2685));
#309=EDGE_LOOP('',(#2686,#2687,#2688,#2689));
#310=EDGE_LOOP('',(#2690,#2691,#2692,#2693));
#311=EDGE_LOOP('',(#2694,#2695,#2696,#2697));
#312=EDGE_LOOP('',(#2698,#2699,#2700,#2701));
#313=EDGE_LOOP('',(#2702,#2703,#2704,#2705));
#314=EDGE_LOOP('',(#2706,#2707,#2708,#2709));
#315=EDGE_LOOP('',(#2710,#2711,#2712,#2713));
#316=EDGE_LOOP('',(#2714,#2715,#2716,#2717));
#317=EDGE_LOOP('',(#2718,#2719,#2720,#2721));
#318=EDGE_LOOP('',(#2722,#2723,#2724,#2725));
#319=EDGE_LOOP('',(#2726,#2727,#2728,#2729));
#320=EDGE_LOOP('',(#2730,#2731,#2732,#2733));
#321=EDGE_LOOP('',(#2734,#2735,#2736,#2737));
#322=EDGE_LOOP('',(#2738,#2739,#2740,#2741));
#323=EDGE_LOOP('',(#2742,#2743,#2744,#2745));
#324=EDGE_LOOP('',(#2746,#2747,#2748,#2749));
#325=EDGE_LOOP('',(#2750,#2751,#2752,#2753));
#326=EDGE_LOOP('',(#2754,#2755,#2756,#2757));
#327=EDGE_LOOP('',(#2758,#2759,#2760,#2761));
#328=EDGE_LOOP('',(#2762,#2763,#2764,#2765));
#329=EDGE_LOOP('',(#2766,#2767,#2768,#2769));
#330=EDGE_LOOP('',(#2770,#2771,#2772,#2773));
#331=EDGE_LOOP('',(#2774,#2775,#2776,#2777));
#332=EDGE_LOOP('',(#2778,#2779,#2780,#2781));
#333=EDGE_LOOP('',(#2782,#2783,#2784,#2785));
#334=EDGE_LOOP('',(#2786,#2787,#2788,#2789));
#335=EDGE_LOOP('',(#2790,#2791,#2792,#2793));
#336=EDGE_LOOP('',(#2794,#2795,#2796,#2797));
#337=EDGE_LOOP('',(#2798,#2799,#2800,#2801));
#338=EDGE_LOOP('',(#2802,#2803,#2804,#2805));
#339=EDGE_LOOP('',(#2806,#2807,#2808,#2809));
#340=EDGE_LOOP('',(#2810,#2811,#2812,#2813));
#341=EDGE_LOOP('',(#2814,#2815,#2816,#2817));
#342=EDGE_LOOP('',(#2818,#2819,#2820,#2821));
#343=EDGE_LOOP('',(#2822,#2823,#2824,#2825));
#344=EDGE_LOOP('',(#2826,#2827,#2828,#2829));
#345=EDGE_LOOP('',(#2830,#2831,#2832,#2833));
#346=EDGE_LOOP('',(#2834,#2835,#2836,#2837));
#347=EDGE_LOOP('',(#2838,#2839,#2840,#2841));
#348=EDGE_LOOP('',(#2842,#2843,#2844,#2845));
#349=EDGE_LOOP('',(#2846,#2847,#2848,#2849));
#350=EDGE_LOOP('',(#2850,#2851,#2852,#2853));
#351=EDGE_LOOP('',(#2854,#2855,#2856,#2857));
#352=EDGE_LOOP('',(#2858,#2859,#2860,#2861));
#353=EDGE_LOOP('',(#2862,#2863,#2864,#2865));
#354=EDGE_LOOP('',(#2866,#2867,#2868,#2869));
#355=EDGE_LOOP('',(#2870,#2871,#2872,#2873));
#356=EDGE_LOOP('',(#2874,#2875,#2876,#2877));
#357=EDGE_LOOP('',(#2878,#2879,#2880,#2881));
#358=EDGE_LOOP('',(#2882,#2883,#2884,#2885));
#359=EDGE_LOOP('',(#2886,#2887,#2888,#2889));
#360=EDGE_LOOP('',(#2890,#2891,#2892,#2893));
#361=EDGE_LOOP('',(#2894,#2895,#2896,#2897));
#362=EDGE_LOOP('',(#2898,#2899,#2900,#2901));
#363=EDGE_LOOP('',(#2902,#2903,#2904,#2905));
#364=EDGE_LOOP('',(#2906,#2907,#2908,#2909));
#365=EDGE_LOOP('',(#2910,#2911,#2912,#2913));
#366=EDGE_LOOP('',(#2914,#2915,#2916,#2917));
#367=EDGE_LOOP('',(#2918,#2919,#2920,#2921));
#368=EDGE_LOOP('',(#2922,#2923,#2924,#2925));
#369=EDGE_LOOP('',(#2926,#2927,#2928,#2929));
#370=EDGE_LOOP('',(#2930,#2931,#2932,#2933));
#371=EDGE_LOOP('',(#2934,#2935,#2936,#2937));
#372=EDGE_LOOP('',(#2938,#2939,#2940,#2941));
#373=EDGE_LOOP('',(#2942,#2943,#2944,#2945));
#374=EDGE_LOOP('',(#2946,#2947,#2948,#2949));
#375=EDGE_LOOP('',(#2950,#2951,#2952,#2953));
#376=EDGE_LOOP('',(#2954,#2955,#2956,#2957));
#377=EDGE_LOOP('',(#2958,#2959,#2960,#2961));
#378=EDGE_LOOP('',(#2962,#2963,#2964,#2965));
#379=EDGE_LOOP('',(#2966,#2967,#2968,#2969));
#380=EDGE_LOOP('',(#2970,#2971,#2972,#2973,#2974,#2975));
#381=EDGE_LOOP('',(#2976,#2977,#2978,#2979));
#382=EDGE_LOOP('',(#2980,#2981,#2982,#2983));
#383=EDGE_LOOP('',(#2984,#2985,#2986,#2987));
#384=EDGE_LOOP('',(#2988,#2989,#2990,#2991));
#385=EDGE_LOOP('',(#2992,#2993,#2994,#2995));
#386=EDGE_LOOP('',(#2996,#2997,#2998,#2999));
#387=EDGE_LOOP('',(#3000,#3001,#3002,#3003));
#388=EDGE_LOOP('',(#3004,#3005,#3006,#3007));
#389=EDGE_LOOP('',(#3008,#3009,#3010,#3011));
#390=EDGE_LOOP('',(#3012,#3013,#3014,#3015));
#391=EDGE_LOOP('',(#3016,#3017,#3018,#3019));
#392=EDGE_LOOP('',(#3020,#3021,#3022,#3023));
#393=EDGE_LOOP('',(#3024,#3025,#3026,#3027));
#394=EDGE_LOOP('',(#3028,#3029,#3030,#3031));
#395=EDGE_LOOP('',(#3032,#3033,#3034,#3035));
#396=EDGE_LOOP('',(#3036,#3037,#3038,#3039));
#397=EDGE_LOOP('',(#3040,#3041,#3042,#3043,#3044,#3045));
#398=EDGE_LOOP('',(#3046,#3047,#3048,#3049));
#399=EDGE_LOOP('',(#3050,#3051,#3052,#3053,#3054,#3055));
#400=EDGE_LOOP('',(#3056,#3057,#3058,#3059));
#401=EDGE_LOOP('',(#3060,#3061,#3062,#3063,#3064));
#402=EDGE_LOOP('',(#3065,#3066,#3067,#3068,#3069));
#403=EDGE_LOOP('',(#3070,#3071,#3072,#3073));
#404=EDGE_LOOP('',(#3074,#3075,#3076,#3077,#3078,#3079));
#405=EDGE_LOOP('',(#3080,#3081,#3082,#3083,#3084,#3085,#3086,#3087,#3088,
#3089,#3090,#3091));
#406=EDGE_LOOP('',(#3092,#3093,#3094,#3095));
#407=EDGE_LOOP('',(#3096,#3097,#3098,#3099,#3100,#3101,#3102,#3103));
#408=EDGE_LOOP('',(#3104,#3105,#3106,#3107,#3108,#3109,#3110,#3111,#3112,
#3113));
#409=EDGE_LOOP('',(#3114,#3115,#3116,#3117));
#410=EDGE_LOOP('',(#3118,#3119,#3120,#3121));
#411=EDGE_LOOP('',(#3122,#3123,#3124,#3125));
#412=EDGE_LOOP('',(#3126,#3127,#3128,#3129,#3130,#3131,#3132,#3133));
#413=EDGE_LOOP('',(#3134,#3135,#3136,#3137));
#414=EDGE_LOOP('',(#3138,#3139,#3140,#3141));
#415=EDGE_LOOP('',(#3142,#3143,#3144,#3145,#3146,#3147,#3148,#3149));
#416=EDGE_LOOP('',(#3150,#3151,#3152,#3153,#3154,#3155));
#417=CIRCLE('',#3499,2.5);
#418=CIRCLE('',#3500,2.5);
#419=CIRCLE('',#3503,2.5);
#420=CIRCLE('',#3504,2.5);
#421=CIRCLE('',#3505,2.5);
#422=CIRCLE('',#3506,2.5);
#423=CIRCLE('',#3507,2.5);
#424=CIRCLE('',#3508,2.5);
#425=CIRCLE('',#3509,2.5);
#426=CIRCLE('',#3510,2.5);
#427=CIRCLE('',#3511,2.5);
#428=CIRCLE('',#3512,2.5);
#429=CIRCLE('',#3513,2.5);
#430=CIRCLE('',#3514,2.5);
#431=CIRCLE('',#3515,2.5);
#432=CIRCLE('',#3516,2.5);
#433=CIRCLE('',#3517,2.5);
#434=CIRCLE('',#3518,2.5);
#435=CIRCLE('',#3519,2.5);
#436=CIRCLE('',#3520,2.5);
#437=CIRCLE('',#3521,2.5);
#438=CIRCLE('',#3522,2.5);
#439=CIRCLE('',#3523,2.5);
#440=CIRCLE('',#3524,2.5);
#441=CIRCLE('',#3525,2.5);
#442=CIRCLE('',#3526,2.5);
#443=CIRCLE('',#3527,2.5);
#444=CIRCLE('',#3528,2.5);
#445=CIRCLE('',#3529,2.5);
#446=CIRCLE('',#3530,2.5);
#447=CIRCLE('',#3531,2.5);
#448=CIRCLE('',#3532,2.5);
#449=CIRCLE('',#3533,2.5);
#450=CIRCLE('',#3534,2.5);
#451=CIRCLE('',#3535,2.5);
#452=CIRCLE('',#3536,2.5);
#453=CIRCLE('',#3537,2.5);
#454=CIRCLE('',#3538,2.5);
#455=CIRCLE('',#3539,2.5);
#456=CIRCLE('',#3540,2.5);
#457=CIRCLE('',#3541,2.5);
#458=CIRCLE('',#3542,2.5);
#459=CIRCLE('',#3543,2.5);
#460=CIRCLE('',#3544,2.5);
#461=CIRCLE('',#3545,2.5);
#462=CIRCLE('',#3546,2.5);
#463=CIRCLE('',#3547,2.5);
#464=CIRCLE('',#3548,2.5);
#465=CIRCLE('',#3549,2.5);
#466=CIRCLE('',#3550,2.5);
#467=CIRCLE('',#3551,2.5);
#468=CIRCLE('',#3552,2.5);
#469=CIRCLE('',#3553,2.5);
#470=CIRCLE('',#3554,2.5);
#471=CIRCLE('',#3555,2.5);
#472=CIRCLE('',#3556,2.5);
#473=CIRCLE('',#3557,2.5);
#474=CIRCLE('',#3558,2.5);
#475=CIRCLE('',#3559,2.5);
#476=CIRCLE('',#3560,2.5);
#477=CIRCLE('',#3561,2.5);
#478=CIRCLE('',#3562,2.5);
#479=CIRCLE('',#3563,2.5);
#480=CIRCLE('',#3564,2.5);
#481=CIRCLE('',#3565,2.5);
#482=CIRCLE('',#3566,2.5);
#483=CIRCLE('',#3567,2.5);
#484=CIRCLE('',#3568,2.5);
#485=CIRCLE('',#3569,2.5);
#486=CIRCLE('',#3570,2.5);
#487=CIRCLE('',#3571,2.5);
#488=CIRCLE('',#3572,2.5);
#489=CIRCLE('',#3573,2.5);
#490=CIRCLE('',#3574,2.5);
#491=CIRCLE('',#3575,2.5);
#492=CIRCLE('',#3576,2.5);
#493=CIRCLE('',#3577,2.5);
#494=CIRCLE('',#3578,2.5);
#495=CIRCLE('',#3579,2.5);
#496=CIRCLE('',#3580,2.5);
#497=CIRCLE('',#3581,2.5);
#498=CIRCLE('',#3582,2.5);
#499=CIRCLE('',#3583,2.5);
#500=CIRCLE('',#3584,2.5);
#501=CIRCLE('',#3585,2.5);
#502=CIRCLE('',#3586,2.5);
#503=CIRCLE('',#3587,2.5);
#504=CIRCLE('',#3588,2.5);
#505=CIRCLE('',#3589,2.5);
#506=CIRCLE('',#3590,2.5);
#507=CIRCLE('',#3591,2.5);
#508=CIRCLE('',#3592,2.5);
#509=CIRCLE('',#3593,2.5);
#510=CIRCLE('',#3594,2.5);
#511=CIRCLE('',#3595,2.5);
#512=CIRCLE('',#3596,2.5);
#513=CIRCLE('',#3597,2.5);
#514=CIRCLE('',#3598,2.5);
#515=CIRCLE('',#3599,2.5);
#516=CIRCLE('',#3600,2.5);
#517=CIRCLE('',#3601,2.5);
#518=CIRCLE('',#3602,2.5);
#519=CIRCLE('',#3603,2.5);
#520=CIRCLE('',#3604,2.5);
#521=CIRCLE('',#3605,2.5);
#522=CIRCLE('',#3606,2.5);
#523=CIRCLE('',#3607,2.5);
#524=CIRCLE('',#3608,2.5);
#525=CIRCLE('',#3609,2.5);
#526=CIRCLE('',#3610,2.5);
#527=CIRCLE('',#3611,2.5);
#528=CIRCLE('',#3612,2.5);
#529=CIRCLE('',#3613,2.5);
#530=CIRCLE('',#3614,2.5);
#531=CIRCLE('',#3615,2.5);
#532=CIRCLE('',#3616,2.5);
#533=CIRCLE('',#3617,2.5);
#534=CIRCLE('',#3618,2.5);
#535=CIRCLE('',#3619,2.5);
#536=CIRCLE('',#3620,2.5);
#537=CIRCLE('',#3621,2.5);
#538=CIRCLE('',#3622,2.5);
#539=CIRCLE('',#3623,2.5);
#540=CIRCLE('',#3624,2.5);
#541=CIRCLE('',#3625,2.5);
#542=CIRCLE('',#3626,2.5);
#543=CIRCLE('',#3627,2.5);
#544=CIRCLE('',#3628,2.5);
#545=CIRCLE('',#3629,2.5);
#546=CIRCLE('',#3630,2.5);
#547=CIRCLE('',#3631,2.5);
#548=CIRCLE('',#3632,2.5);
#549=CIRCLE('',#3633,2.5);
#550=CIRCLE('',#3634,2.5);
#551=CIRCLE('',#3635,2.5);
#552=CIRCLE('',#3636,2.5);
#553=CIRCLE('',#3637,2.5);
#554=CIRCLE('',#3638,2.5);
#555=CIRCLE('',#3639,2.5);
#556=CIRCLE('',#3640,2.5);
#557=CIRCLE('',#3641,2.5);
#558=CIRCLE('',#3642,2.5);
#559=CIRCLE('',#3643,2.5);
#560=CIRCLE('',#3644,2.5);
#561=CIRCLE('',#3645,2.5);
#562=CIRCLE('',#3646,2.5);
#563=CIRCLE('',#3647,2.5);
#564=CIRCLE('',#3649,2.5);
#565=CIRCLE('',#3651,2.5);
#566=CIRCLE('',#3653,2.5);
#567=CIRCLE('',#3654,2.5);
#568=CIRCLE('',#3655,2.5);
#569=CIRCLE('',#3656,2.5);
#570=CIRCLE('',#3657,2.5);
#571=CIRCLE('',#3658,2.5);
#572=CIRCLE('',#3659,2.5);
#573=CIRCLE('',#3660,2.5);
#574=CIRCLE('',#3661,2.5);
#575=CIRCLE('',#3662,2.5);
#576=CIRCLE('',#3663,2.5);
#577=CIRCLE('',#3664,2.5);
#578=CIRCLE('',#3665,2.5);
#579=CIRCLE('',#3666,2.5);
#580=CIRCLE('',#3667,2.5);
#581=CIRCLE('',#3668,2.5);
#582=CIRCLE('',#3669,2.5);
#583=CIRCLE('',#3670,2.5);
#584=CIRCLE('',#3671,2.5);
#585=CIRCLE('',#3672,2.5);
#586=CIRCLE('',#3673,2.5);
#587=CIRCLE('',#3674,2.5);
#588=CIRCLE('',#3675,2.5);
#589=CIRCLE('',#3676,2.5);
#590=CIRCLE('',#3677,2.5);
#591=CIRCLE('',#3678,2.5);
#592=CIRCLE('',#3679,2.5);
#593=CIRCLE('',#3680,2.5);
#594=CIRCLE('',#3681,2.5);
#595=CIRCLE('',#3682,2.5);
#596=CIRCLE('',#3683,2.5);
#597=CIRCLE('',#3684,2.5);
#598=CIRCLE('',#3685,2.5);
#599=CIRCLE('',#3686,2.5);
#600=CIRCLE('',#3687,2.5);
#601=CIRCLE('',#3688,2.5);
#602=CIRCLE('',#3689,2.5);
#603=CIRCLE('',#3690,2.5);
#604=CIRCLE('',#3691,2.5);
#605=CIRCLE('',#3692,2.5);
#606=CIRCLE('',#3693,2.5);
#607=CIRCLE('',#3694,2.5);
#608=CIRCLE('',#3695,2.5);
#609=CIRCLE('',#3696,2.5);
#610=CIRCLE('',#3697,2.5);
#611=CIRCLE('',#3698,2.5);
#612=CIRCLE('',#3699,2.5);
#613=CIRCLE('',#3700,2.5);
#614=CIRCLE('',#3701,2.5);
#615=CIRCLE('',#3702,2.5);
#616=CIRCLE('',#3703,2.5);
#617=CIRCLE('',#3704,2.5);
#618=CIRCLE('',#3705,2.5);
#619=CIRCLE('',#3706,2.5);
#620=CIRCLE('',#3707,2.5);
#621=CIRCLE('',#3708,2.5);
#622=CIRCLE('',#3709,2.5);
#623=CIRCLE('',#3710,2.5);
#624=CIRCLE('',#3711,2.5);
#625=CIRCLE('',#3712,2.5);
#626=CIRCLE('',#3713,2.5);
#627=CIRCLE('',#3714,2.5);
#628=CIRCLE('',#3715,2.5);
#629=CIRCLE('',#3716,2.5);
#630=CIRCLE('',#3717,2.5);
#631=CIRCLE('',#3718,2.5);
#632=CIRCLE('',#3719,2.5);
#633=CIRCLE('',#3720,2.5);
#634=CIRCLE('',#3721,2.5);
#635=CIRCLE('',#3722,2.5);
#636=CIRCLE('',#3723,2.5);
#637=CIRCLE('',#3724,2.5);
#638=CIRCLE('',#3725,2.5);
#639=CIRCLE('',#3726,2.5);
#640=CIRCLE('',#3727,2.5);
#641=CIRCLE('',#3728,2.5);
#642=CIRCLE('',#3729,2.5);
#643=CIRCLE('',#3730,2.5);
#644=CIRCLE('',#3731,2.5);
#645=CIRCLE('',#3732,2.5);
#646=CIRCLE('',#3733,2.5);
#647=CIRCLE('',#3734,2.5);
#648=CIRCLE('',#3735,2.5);
#649=CIRCLE('',#3736,2.5);
#650=CIRCLE('',#3737,2.5);
#651=CIRCLE('',#3738,2.5);
#652=CIRCLE('',#3739,2.5);
#653=CIRCLE('',#3740,2.5);
#654=CIRCLE('',#3741,2.5);
#655=CIRCLE('',#3742,2.5);
#656=CIRCLE('',#3743,2.5);
#657=CIRCLE('',#3744,2.5);
#658=CIRCLE('',#3745,2.5);
#659=CIRCLE('',#3746,2.5);
#660=CIRCLE('',#3747,2.5);
#661=CIRCLE('',#3748,2.5);
#662=CIRCLE('',#3749,2.5);
#663=CIRCLE('',#3750,2.5);
#664=CIRCLE('',#3751,2.5);
#665=CIRCLE('',#3752,2.5);
#666=CIRCLE('',#3753,2.5);
#667=CIRCLE('',#3754,2.5);
#668=CIRCLE('',#3755,2.5);
#669=CIRCLE('',#3756,2.5);
#670=CIRCLE('',#3757,2.5);
#671=CIRCLE('',#3758,2.5);
#672=CIRCLE('',#3759,2.5);
#673=CIRCLE('',#3760,2.5);
#674=CIRCLE('',#3761,2.5);
#675=CIRCLE('',#3762,2.5);
#676=CIRCLE('',#3763,2.5);
#677=CIRCLE('',#3764,2.5);
#678=CIRCLE('',#3765,2.5);
#679=CIRCLE('',#3766,2.5);
#680=CIRCLE('',#3767,2.5);
#681=CIRCLE('',#3768,2.5);
#682=CIRCLE('',#3769,2.5);
#683=CIRCLE('',#3770,2.5);
#684=CIRCLE('',#3771,2.5);
#685=CIRCLE('',#3772,2.5);
#686=CIRCLE('',#3773,2.5);
#687=CIRCLE('',#3774,2.5);
#688=CIRCLE('',#3775,2.5);
#689=CIRCLE('',#3776,2.5);
#690=CIRCLE('',#3777,2.5);
#691=CIRCLE('',#3778,2.5);
#692=CIRCLE('',#3779,2.5);
#693=CIRCLE('',#3780,2.5);
#694=CIRCLE('',#3781,2.5);
#695=CIRCLE('',#3782,2.5);
#696=CIRCLE('',#3783,2.5);
#697=CIRCLE('',#3784,2.5);
#698=CIRCLE('',#3785,2.5);
#699=CIRCLE('',#3786,2.5);
#700=CIRCLE('',#3787,2.5);
#701=CIRCLE('',#3788,2.5);
#702=CIRCLE('',#3789,2.5);
#703=CIRCLE('',#3790,2.5);
#704=CIRCLE('',#3791,2.5);
#705=CIRCLE('',#3792,2.5);
#706=CIRCLE('',#3793,2.5);
#707=CIRCLE('',#3794,2.5);
#708=CIRCLE('',#3795,2.5);
#709=LINE('',#5169,#952);
#710=LINE('',#5173,#953);
#711=LINE('',#5177,#954);
#712=LINE('',#5179,#955);
#713=LINE('',#5180,#956);
#714=LINE('',#5207,#957);
#715=LINE('',#5209,#958);
#716=LINE('',#5211,#959);
#717=LINE('',#5213,#960);
#718=LINE('',#5283,#961);
#719=LINE('',#5353,#962);
#720=LINE('',#5429,#963);
#721=LINE('',#5488,#964);
#722=LINE('',#5492,#965);
#723=LINE('',#5551,#966);
#724=LINE('',#5627,#967);
#725=LINE('',#5697,#968);
#726=LINE('',#5767,#969);
#727=LINE('',#5769,#970);
#728=LINE('',#5771,#971);
#729=LINE('',#5773,#972);
#730=LINE('',#5794,#973);
#731=LINE('',#5796,#974);
#732=LINE('',#5798,#975);
#733=LINE('',#5800,#976);
#734=LINE('',#5802,#977);
#735=LINE('',#5804,#978);
#736=LINE('',#5806,#979);
#737=LINE('',#5808,#980);
#738=LINE('',#5810,#981);
#739=LINE('',#5812,#982);
#740=LINE('',#5814,#983);
#741=LINE('',#5816,#984);
#742=LINE('',#5817,#985);
#743=LINE('',#5819,#986);
#744=LINE('',#5821,#987);
#745=LINE('',#5823,#988);
#746=LINE('',#5825,#989);
#747=LINE('',#5827,#990);
#748=LINE('',#5829,#991);
#749=LINE('',#5831,#992);
#750=LINE('',#5833,#993);
#751=LINE('',#5835,#994);
#752=LINE('',#5837,#995);
#753=LINE('',#5839,#996);
#754=LINE('',#5841,#997);
#755=LINE('',#5843,#998);
#756=LINE('',#5845,#999);
#757=LINE('',#5847,#1000);
#758=LINE('',#5849,#1001);
#759=LINE('',#5851,#1002);
#760=LINE('',#5853,#1003);
#761=LINE('',#5855,#1004);
#762=LINE('',#5857,#1005);
#763=LINE('',#5859,#1006);
#764=LINE('',#5861,#1007);
#765=LINE('',#5863,#1008);
#766=LINE('',#5865,#1009);
#767=LINE('',#5867,#1010);
#768=LINE('',#5869,#1011);
#769=LINE('',#5871,#1012);
#770=LINE('',#5874,#1013);
#771=LINE('',#5875,#1014);
#772=LINE('',#5877,#1015);
#773=LINE('',#5879,#1016);
#774=LINE('',#5881,#1017);
#775=LINE('',#5883,#1018);
#776=LINE('',#5885,#1019);
#777=LINE('',#5887,#1020);
#778=LINE('',#5889,#1021);
#779=LINE('',#5891,#1022);
#780=LINE('',#5893,#1023);
#781=LINE('',#5895,#1024);
#782=LINE('',#5897,#1025);
#783=LINE('',#5899,#1026);
#784=LINE('',#5901,#1027);
#785=LINE('',#5903,#1028);
#786=LINE('',#5905,#1029);
#787=LINE('',#5907,#1030);
#788=LINE('',#5909,#1031);
#789=LINE('',#5911,#1032);
#790=LINE('',#5913,#1033);
#791=LINE('',#5915,#1034);
#792=LINE('',#5917,#1035);
#793=LINE('',#5919,#1036);
#794=LINE('',#5921,#1037);
#795=LINE('',#5923,#1038);
#796=LINE('',#5925,#1039);
#797=LINE('',#5927,#1040);
#798=LINE('',#5929,#1041);
#799=LINE('',#5931,#1042);
#800=LINE('',#5933,#1043);
#801=LINE('',#5935,#1044);
#802=LINE('',#5937,#1045);
#803=LINE('',#5939,#1046);
#804=LINE('',#5941,#1047);
#805=LINE('',#5943,#1048);
#806=LINE('',#5945,#1049);
#807=LINE('',#5947,#1050);
#808=LINE('',#5950,#1051);
#809=LINE('',#5951,#1052);
#810=LINE('',#5953,#1053);
#811=LINE('',#5955,#1054);
#812=LINE('',#5957,#1055);
#813=LINE('',#5959,#1056);
#814=LINE('',#5961,#1057);
#815=LINE('',#5963,#1058);
#816=LINE('',#5965,#1059);
#817=LINE('',#5967,#1060);
#818=LINE('',#5969,#1061);
#819=LINE('',#5971,#1062);
#820=LINE('',#5973,#1063);
#821=LINE('',#5975,#1064);
#822=LINE('',#5977,#1065);
#823=LINE('',#5979,#1066);
#824=LINE('',#5981,#1067);
#825=LINE('',#5983,#1068);
#826=LINE('',#5985,#1069);
#827=LINE('',#5987,#1070);
#828=LINE('',#5989,#1071);
#829=LINE('',#5991,#1072);
#830=LINE('',#5993,#1073);
#831=LINE('',#5995,#1074);
#832=LINE('',#5997,#1075);
#833=LINE('',#5999,#1076);
#834=LINE('',#6001,#1077);
#835=LINE('',#6003,#1078);
#836=LINE('',#6005,#1079);
#837=LINE('',#6007,#1080);
#838=LINE('',#6009,#1081);
#839=LINE('',#6011,#1082);
#840=LINE('',#6013,#1083);
#841=LINE('',#6015,#1084);
#842=LINE('',#6017,#1085);
#843=LINE('',#6020,#1086);
#844=LINE('',#6021,#1087);
#845=LINE('',#6023,#1088);
#846=LINE('',#6025,#1089);
#847=LINE('',#6027,#1090);
#848=LINE('',#6029,#1091);
#849=LINE('',#6031,#1092);
#850=LINE('',#6033,#1093);
#851=LINE('',#6035,#1094);
#852=LINE('',#6037,#1095);
#853=LINE('',#6039,#1096);
#854=LINE('',#6041,#1097);
#855=LINE('',#6043,#1098);
#856=LINE('',#6045,#1099);
#857=LINE('',#6047,#1100);
#858=LINE('',#6049,#1101);
#859=LINE('',#6051,#1102);
#860=LINE('',#6053,#1103);
#861=LINE('',#6055,#1104);
#862=LINE('',#6057,#1105);
#863=LINE('',#6059,#1106);
#864=LINE('',#6061,#1107);
#865=LINE('',#6063,#1108);
#866=LINE('',#6065,#1109);
#867=LINE('',#6067,#1110);
#868=LINE('',#6069,#1111);
#869=LINE('',#6071,#1112);
#870=LINE('',#6073,#1113);
#871=LINE('',#6076,#1114);
#872=LINE('',#6078,#1115);
#873=LINE('',#6079,#1116);
#874=LINE('',#6081,#1117);
#875=LINE('',#6083,#1118);
#876=LINE('',#6085,#1119);
#877=LINE('',#6087,#1120);
#878=LINE('',#6089,#1121);
#879=LINE('',#6091,#1122);
#880=LINE('',#6096,#1123);
#881=LINE('',#6098,#1124);
#882=LINE('',#6100,#1125);
#883=LINE('',#6101,#1126);
#884=LINE('',#6104,#1127);
#885=LINE('',#6106,#1128);
#886=LINE('',#6107,#1129);
#887=LINE('',#6110,#1130);
#888=LINE('',#6112,#1131);
#889=LINE('',#6113,#1132);
#890=LINE('',#6115,#1133);
#891=LINE('',#6116,#1134);
#892=LINE('',#6121,#1135);
#893=LINE('',#6123,#1136);
#894=LINE('',#6125,#1137);
#895=LINE('',#6126,#1138);
#896=LINE('',#6130,#1139);
#897=LINE('',#6131,#1140);
#898=LINE('',#6132,#1141);
#899=LINE('',#6136,#1142);
#900=LINE('',#6138,#1143);
#901=LINE('',#6140,#1144);
#902=LINE('',#6141,#1145);
#903=LINE('',#6145,#1146);
#904=LINE('',#6146,#1147);
#905=LINE('',#6147,#1148);
#906=LINE('',#6149,#1149);
#907=LINE('',#6150,#1150);
#908=LINE('',#6152,#1151);
#909=LINE('',#6156,#1152);
#910=LINE('',#6158,#1153);
#911=LINE('',#6160,#1154);
#912=LINE('',#6162,#1155);
#913=LINE('',#6164,#1156);
#914=LINE('',#6165,#1157);
#915=LINE('',#6168,#1158);
#916=LINE('',#6170,#1159);
#917=LINE('',#6171,#1160);
#918=LINE('',#6173,#1161);
#919=LINE('',#6174,#1162);
#920=LINE('',#6177,#1163);
#921=LINE('',#6178,#1164);
#922=LINE('',#6179,#1165);
#923=LINE('',#6183,#1166);
#924=LINE('',#6185,#1167);
#925=LINE('',#6187,#1168);
#926=LINE('',#6188,#1169);
#927=LINE('',#6191,#1170);
#928=LINE('',#6193,#1171);
#929=LINE('',#6194,#1172);
#930=LINE('',#6198,#1173);
#931=LINE('',#6200,#1174);
#932=LINE('',#6202,#1175);
#933=LINE('',#6204,#1176);
#934=LINE('',#6206,#1177);
#935=LINE('',#6207,#1178);
#936=LINE('',#6208,#1179);
#937=LINE('',#6210,#1180);
#938=LINE('',#6212,#1181);
#939=LINE('',#6214,#1182);
#940=LINE('',#6215,#1183);
#941=LINE('',#6217,#1184);
#942=LINE('',#6221,#1185);
#943=LINE('',#6223,#1186);
#944=LINE('',#6224,#1187);
#945=LINE('',#6227,#1188);
#946=LINE('',#6228,#1189);
#947=LINE('',#6229,#1190);
#948=LINE('',#6232,#1191);
#949=LINE('',#6233,#1192);
#950=LINE('',#6235,#1193);
#951=LINE('',#6237,#1194);
#952=VECTOR('',#3976,10.);
#953=VECTOR('',#3979,10.);
#954=VECTOR('',#3984,10.);
#955=VECTOR('',#3985,10.);
#956=VECTOR('',#3986,10.);
#957=VECTOR('',#4013,10.);
#958=VECTOR('',#4014,10.);
#959=VECTOR('',#4015,10.);
#960=VECTOR('',#4016,10.);
#961=VECTOR('',#4085,10.);
#962=VECTOR('',#4154,10.);
#963=VECTOR('',#4229,10.);
#964=VECTOR('',#4290,10.);
#965=VECTOR('',#4295,10.);
#966=VECTOR('',#4354,10.);
#967=VECTOR('',#4429,10.);
#968=VECTOR('',#4498,10.);
#969=VECTOR('',#4567,10.);
#970=VECTOR('',#4568,10.);
#971=VECTOR('',#4569,10.);
#972=VECTOR('',#4570,10.);
#973=VECTOR('',#4593,10.);
#974=VECTOR('',#4596,10.);
#975=VECTOR('',#4599,10.);
#976=VECTOR('',#4602,10.);
#977=VECTOR('',#4605,10.);
#978=VECTOR('',#4608,10.);
#979=VECTOR('',#4611,10.);
#980=VECTOR('',#4614,10.);
#981=VECTOR('',#4617,10.);
#982=VECTOR('',#4620,10.);
#983=VECTOR('',#4623,10.);
#984=VECTOR('',#4626,10.);
#985=VECTOR('',#4627,10.);
#986=VECTOR('',#4630,10.);
#987=VECTOR('',#4633,10.);
#988=VECTOR('',#4636,10.);
#989=VECTOR('',#4639,10.);
#990=VECTOR('',#4642,10.);
#991=VECTOR('',#4645,10.);
#992=VECTOR('',#4648,10.);
#993=VECTOR('',#4651,10.);
#994=VECTOR('',#4654,10.);
#995=VECTOR('',#4657,10.);
#996=VECTOR('',#4660,10.);
#997=VECTOR('',#4663,10.);
#998=VECTOR('',#4666,10.);
#999=VECTOR('',#4669,10.);
#1000=VECTOR('',#4672,10.);
#1001=VECTOR('',#4675,10.);
#1002=VECTOR('',#4678,10.);
#1003=VECTOR('',#4681,10.);
#1004=VECTOR('',#4684,10.);
#1005=VECTOR('',#4687,10.);
#1006=VECTOR('',#4690,10.);
#1007=VECTOR('',#4693,10.);
#1008=VECTOR('',#4696,10.);
#1009=VECTOR('',#4699,10.);
#1010=VECTOR('',#4702,10.);
#1011=VECTOR('',#4705,10.);
#1012=VECTOR('',#4708,10.);
#1013=VECTOR('',#4713,10.);
#1014=VECTOR('',#4714,10.);
#1015=VECTOR('',#4717,10.);
#1016=VECTOR('',#4720,10.);
#1017=VECTOR('',#4723,10.);
#1018=VECTOR('',#4726,10.);
#1019=VECTOR('',#4729,10.);
#1020=VECTOR('',#4732,10.);
#1021=VECTOR('',#4735,10.);
#1022=VECTOR('',#4738,10.);
#1023=VECTOR('',#4741,10.);
#1024=VECTOR('',#4744,10.);
#1025=VECTOR('',#4747,10.);
#1026=VECTOR('',#4750,10.);
#1027=VECTOR('',#4753,10.);
#1028=VECTOR('',#4756,10.);
#1029=VECTOR('',#4759,10.);
#1030=VECTOR('',#4762,10.);
#1031=VECTOR('',#4765,10.);
#1032=VECTOR('',#4768,10.);
#1033=VECTOR('',#4771,10.);
#1034=VECTOR('',#4774,10.);
#1035=VECTOR('',#4777,10.);
#1036=VECTOR('',#4780,10.);
#1037=VECTOR('',#4783,10.);
#1038=VECTOR('',#4786,10.);
#1039=VECTOR('',#4789,10.);
#1040=VECTOR('',#4792,10.);
#1041=VECTOR('',#4795,10.);
#1042=VECTOR('',#4798,10.);
#1043=VECTOR('',#4801,10.);
#1044=VECTOR('',#4804,10.);
#1045=VECTOR('',#4807,10.);
#1046=VECTOR('',#4810,10.);
#1047=VECTOR('',#4813,10.);
#1048=VECTOR('',#4816,10.);
#1049=VECTOR('',#4819,10.);
#1050=VECTOR('',#4822,10.);
#1051=VECTOR('',#4827,10.);
#1052=VECTOR('',#4828,10.);
#1053=VECTOR('',#4831,10.);
#1054=VECTOR('',#4834,10.);
#1055=VECTOR('',#4837,10.);
#1056=VECTOR('',#4840,10.);
#1057=VECTOR('',#4843,10.);
#1058=VECTOR('',#4846,10.);
#1059=VECTOR('',#4849,10.);
#1060=VECTOR('',#4852,10.);
#1061=VECTOR('',#4855,10.);
#1062=VECTOR('',#4858,10.);
#1063=VECTOR('',#4861,10.);
#1064=VECTOR('',#4864,10.);
#1065=VECTOR('',#4867,10.);
#1066=VECTOR('',#4870,10.);
#1067=VECTOR('',#4873,10.);
#1068=VECTOR('',#4876,10.);
#1069=VECTOR('',#4879,10.);
#1070=VECTOR('',#4882,10.);
#1071=VECTOR('',#4885,10.);
#1072=VECTOR('',#4888,10.);
#1073=VECTOR('',#4891,10.);
#1074=VECTOR('',#4894,10.);
#1075=VECTOR('',#4897,10.);
#1076=VECTOR('',#4900,10.);
#1077=VECTOR('',#4903,10.);
#1078=VECTOR('',#4906,10.);
#1079=VECTOR('',#4909,10.);
#1080=VECTOR('',#4912,10.);
#1081=VECTOR('',#4915,10.);
#1082=VECTOR('',#4918,10.);
#1083=VECTOR('',#4921,10.);
#1084=VECTOR('',#4924,10.);
#1085=VECTOR('',#4927,10.);
#1086=VECTOR('',#4932,10.);
#1087=VECTOR('',#4933,10.);
#1088=VECTOR('',#4936,10.);
#1089=VECTOR('',#4939,10.);
#1090=VECTOR('',#4942,10.);
#1091=VECTOR('',#4945,10.);
#1092=VECTOR('',#4948,10.);
#1093=VECTOR('',#4951,10.);
#1094=VECTOR('',#4954,10.);
#1095=VECTOR('',#4957,10.);
#1096=VECTOR('',#4960,10.);
#1097=VECTOR('',#4963,10.);
#1098=VECTOR('',#4966,10.);
#1099=VECTOR('',#4969,10.);
#1100=VECTOR('',#4972,10.);
#1101=VECTOR('',#4975,10.);
#1102=VECTOR('',#4978,10.);
#1103=VECTOR('',#4981,10.);
#1104=VECTOR('',#4984,10.);
#1105=VECTOR('',#4987,10.);
#1106=VECTOR('',#4990,10.);
#1107=VECTOR('',#4993,10.);
#1108=VECTOR('',#4996,10.);
#1109=VECTOR('',#4999,10.);
#1110=VECTOR('',#5002,10.);
#1111=VECTOR('',#5005,10.);
#1112=VECTOR('',#5008,10.);
#1113=VECTOR('',#5011,10.);
#1114=VECTOR('',#5014,10.);
#1115=VECTOR('',#5015,10.);
#1116=VECTOR('',#5016,10.);
#1117=VECTOR('',#5019,10.);
#1118=VECTOR('',#5022,10.);
#1119=VECTOR('',#5025,10.);
#1120=VECTOR('',#5028,10.);
#1121=VECTOR('',#5031,10.);
#1122=VECTOR('',#5034,10.);
#1123=VECTOR('',#5039,10.);
#1124=VECTOR('',#5040,10.);
#1125=VECTOR('',#5041,10.);
#1126=VECTOR('',#5042,10.);
#1127=VECTOR('',#5045,10.);
#1128=VECTOR('',#5046,10.);
#1129=VECTOR('',#5047,10.);
#1130=VECTOR('',#5050,10.);
#1131=VECTOR('',#5051,10.);
#1132=VECTOR('',#5052,10.);
#1133=VECTOR('',#5055,10.);
#1134=VECTOR('',#5056,10.);
#1135=VECTOR('',#5061,10.);
#1136=VECTOR('',#5062,10.);
#1137=VECTOR('',#5063,10.);
#1138=VECTOR('',#5064,10.);
#1139=VECTOR('',#5067,10.);
#1140=VECTOR('',#5068,10.);
#1141=VECTOR('',#5069,10.);
#1142=VECTOR('',#5072,10.);
#1143=VECTOR('',#5073,10.);
#1144=VECTOR('',#5074,10.);
#1145=VECTOR('',#5075,10.);
#1146=VECTOR('',#5078,10.);
#1147=VECTOR('',#5079,10.);
#1148=VECTOR('',#5080,10.);
#1149=VECTOR('',#5083,10.);
#1150=VECTOR('',#5084,10.);
#1151=VECTOR('',#5087,10.);
#1152=VECTOR('',#5090,10.);
#1153=VECTOR('',#5091,10.);
#1154=VECTOR('',#5092,10.);
#1155=VECTOR('',#5093,10.);
#1156=VECTOR('',#5094,10.);
#1157=VECTOR('',#5095,10.);
#1158=VECTOR('',#5098,10.);
#1159=VECTOR('',#5099,10.);
#1160=VECTOR('',#5100,10.);
#1161=VECTOR('',#5103,10.);
#1162=VECTOR('',#5104,10.);
#1163=VECTOR('',#5107,10.);
#1164=VECTOR('',#5108,10.);
#1165=VECTOR('',#5109,10.);
#1166=VECTOR('',#5114,10.);
#1167=VECTOR('',#5115,10.);
#1168=VECTOR('',#5116,10.);
#1169=VECTOR('',#5117,10.);
#1170=VECTOR('',#5120,10.);
#1171=VECTOR('',#5121,10.);
#1172=VECTOR('',#5122,10.);
#1173=VECTOR('',#5125,10.);
#1174=VECTOR('',#5126,10.);
#1175=VECTOR('',#5127,10.);
#1176=VECTOR('',#5128,10.);
#1177=VECTOR('',#5129,10.);
#1178=VECTOR('',#5130,10.);
#1179=VECTOR('',#5131,10.);
#1180=VECTOR('',#5134,10.);
#1181=VECTOR('',#5135,10.);
#1182=VECTOR('',#5136,10.);
#1183=VECTOR('',#5137,10.);
#1184=VECTOR('',#5140,10.);
#1185=VECTOR('',#5145,10.);
#1186=VECTOR('',#5146,10.);
#1187=VECTOR('',#5147,10.);
#1188=VECTOR('',#5150,10.);
#1189=VECTOR('',#5151,10.);
#1190=VECTOR('',#5152,10.);
#1191=VECTOR('',#5155,10.);
#1192=VECTOR('',#5156,10.);
#1193=VECTOR('',#5159,10.);
#1194=VECTOR('',#5162,10.);
#1195=VERTEX_POINT('',#5167);
#1196=VERTEX_POINT('',#5168);
#1197=VERTEX_POINT('',#5170);
#1198=VERTEX_POINT('',#5172);
#1199=VERTEX_POINT('',#5176);
#1200=VERTEX_POINT('',#5178);
#1201=VERTEX_POINT('',#5182);
#1202=VERTEX_POINT('',#5184);
#1203=VERTEX_POINT('',#5186);
#1204=VERTEX_POINT('',#5188);
#1205=VERTEX_POINT('',#5190);
#1206=VERTEX_POINT('',#5192);
#1207=VERTEX_POINT('',#5194);
#1208=VERTEX_POINT('',#5196);
#1209=VERTEX_POINT('',#5198);
#1210=VERTEX_POINT('',#5200);
#1211=VERTEX_POINT('',#5202);
#1212=VERTEX_POINT('',#5204);
#1213=VERTEX_POINT('',#5206);
#1214=VERTEX_POINT('',#5208);
#1215=VERTEX_POINT('',#5210);
#1216=VERTEX_POINT('',#5212);
#1217=VERTEX_POINT('',#5214);
#1218=VERTEX_POINT('',#5216);
#1219=VERTEX_POINT('',#5218);
#1220=VERTEX_POINT('',#5220);
#1221=VERTEX_POINT('',#5222);
#1222=VERTEX_POINT('',#5224);
#1223=VERTEX_POINT('',#5226);
#1224=VERTEX_POINT('',#5228);
#1225=VERTEX_POINT('',#5230);
#1226=VERTEX_POINT('',#5232);
#1227=VERTEX_POINT('',#5234);
#1228=VERTEX_POINT('',#5236);
#1229=VERTEX_POINT('',#5238);
#1230=VERTEX_POINT('',#5240);
#1231=VERTEX_POINT('',#5242);
#1232=VERTEX_POINT('',#5244);
#1233=VERTEX_POINT('',#5246);
#1234=VERTEX_POINT('',#5248);
#1235=VERTEX_POINT('',#5250);
#1236=VERTEX_POINT('',#5252);
#1237=VERTEX_POINT('',#5254);
#1238=VERTEX_POINT('',#5256);
#1239=VERTEX_POINT('',#5258);
#1240=VERTEX_POINT('',#5260);
#1241=VERTEX_POINT('',#5262);
#1242=VERTEX_POINT('',#5264);
#1243=VERTEX_POINT('',#5266);
#1244=VERTEX_POINT('',#5268);
#1245=VERTEX_POINT('',#5270);
#1246=VERTEX_POINT('',#5272);
#1247=VERTEX_POINT('',#5274);
#1248=VERTEX_POINT('',#5276);
#1249=VERTEX_POINT('',#5278);
#1250=VERTEX_POINT('',#5280);
#1251=VERTEX_POINT('',#5282);
#1252=VERTEX_POINT('',#5284);
#1253=VERTEX_POINT('',#5286);
#1254=VERTEX_POINT('',#5288);
#1255=VERTEX_POINT('',#5290);
#1256=VERTEX_POINT('',#5292);
#1257=VERTEX_POINT('',#5294);
#1258=VERTEX_POINT('',#5296);
#1259=VERTEX_POINT('',#5298);
#1260=VERTEX_POINT('',#5300);
#1261=VERTEX_POINT('',#5302);
#1262=VERTEX_POINT('',#5304);
#1263=VERTEX_POINT('',#5306);
#1264=VERTEX_POINT('',#5308);
#1265=VERTEX_POINT('',#5310);
#1266=VERTEX_POINT('',#5312);
#1267=VERTEX_POINT('',#5314);
#1268=VERTEX_POINT('',#5316);
#1269=VERTEX_POINT('',#5318);
#1270=VERTEX_POINT('',#5320);
#1271=VERTEX_POINT('',#5322);
#1272=VERTEX_POINT('',#5324);
#1273=VERTEX_POINT('',#5326);
#1274=VERTEX_POINT('',#5328);
#1275=VERTEX_POINT('',#5330);
#1276=VERTEX_POINT('',#5332);
#1277=VERTEX_POINT('',#5334);
#1278=VERTEX_POINT('',#5336);
#1279=VERTEX_POINT('',#5338);
#1280=VERTEX_POINT('',#5340);
#1281=VERTEX_POINT('',#5342);
#1282=VERTEX_POINT('',#5344);
#1283=VERTEX_POINT('',#5346);
#1284=VERTEX_POINT('',#5348);
#1285=VERTEX_POINT('',#5350);
#1286=VERTEX_POINT('',#5352);
#1287=VERTEX_POINT('',#5354);
#1288=VERTEX_POINT('',#5356);
#1289=VERTEX_POINT('',#5358);
#1290=VERTEX_POINT('',#5360);
#1291=VERTEX_POINT('',#5362);
#1292=VERTEX_POINT('',#5364);
#1293=VERTEX_POINT('',#5366);
#1294=VERTEX_POINT('',#5368);
#1295=VERTEX_POINT('',#5370);
#1296=VERTEX_POINT('',#5372);
#1297=VERTEX_POINT('',#5374);
#1298=VERTEX_POINT('',#5376);
#1299=VERTEX_POINT('',#5378);
#1300=VERTEX_POINT('',#5380);
#1301=VERTEX_POINT('',#5382);
#1302=VERTEX_POINT('',#5384);
#1303=VERTEX_POINT('',#5386);
#1304=VERTEX_POINT('',#5388);
#1305=VERTEX_POINT('',#5390);
#1306=VERTEX_POINT('',#5392);
#1307=VERTEX_POINT('',#5394);
#1308=VERTEX_POINT('',#5396);
#1309=VERTEX_POINT('',#5398);
#1310=VERTEX_POINT('',#5400);
#1311=VERTEX_POINT('',#5402);
#1312=VERTEX_POINT('',#5404);
#1313=VERTEX_POINT('',#5406);
#1314=VERTEX_POINT('',#5408);
#1315=VERTEX_POINT('',#5410);
#1316=VERTEX_POINT('',#5412);
#1317=VERTEX_POINT('',#5414);
#1318=VERTEX_POINT('',#5416);
#1319=VERTEX_POINT('',#5418);
#1320=VERTEX_POINT('',#5420);
#1321=VERTEX_POINT('',#5422);
#1322=VERTEX_POINT('',#5424);
#1323=VERTEX_POINT('',#5426);
#1324=VERTEX_POINT('',#5428);
#1325=VERTEX_POINT('',#5430);
#1326=VERTEX_POINT('',#5432);
#1327=VERTEX_POINT('',#5434);
#1328=VERTEX_POINT('',#5436);
#1329=VERTEX_POINT('',#5438);
#1330=VERTEX_POINT('',#5440);
#1331=VERTEX_POINT('',#5442);
#1332=VERTEX_POINT('',#5444);
#1333=VERTEX_POINT('',#5446);
#1334=VERTEX_POINT('',#5448);
#1335=VERTEX_POINT('',#5450);
#1336=VERTEX_POINT('',#5452);
#1337=VERTEX_POINT('',#5454);
#1338=VERTEX_POINT('',#5456);
#1339=VERTEX_POINT('',#5458);
#1340=VERTEX_POINT('',#5460);
#1341=VERTEX_POINT('',#5462);
#1342=VERTEX_POINT('',#5464);
#1343=VERTEX_POINT('',#5466);
#1344=VERTEX_POINT('',#5468);
#1345=VERTEX_POINT('',#5470);
#1346=VERTEX_POINT('',#5472);
#1347=VERTEX_POINT('',#5474);
#1348=VERTEX_POINT('',#5476);
#1349=VERTEX_POINT('',#5478);
#1350=VERTEX_POINT('',#5480);
#1351=VERTEX_POINT('',#5482);
#1352=VERTEX_POINT('',#5486);
#1353=VERTEX_POINT('',#5490);
#1354=VERTEX_POINT('',#5494);
#1355=VERTEX_POINT('',#5496);
#1356=VERTEX_POINT('',#5498);
#1357=VERTEX_POINT('',#5500);
#1358=VERTEX_POINT('',#5502);
#1359=VERTEX_POINT('',#5504);
#1360=VERTEX_POINT('',#5506);
#1361=VERTEX_POINT('',#5508);
#1362=VERTEX_POINT('',#5510);
#1363=VERTEX_POINT('',#5512);
#1364=VERTEX_POINT('',#5514);
#1365=VERTEX_POINT('',#5516);
#1366=VERTEX_POINT('',#5518);
#1367=VERTEX_POINT('',#5520);
#1368=VERTEX_POINT('',#5522);
#1369=VERTEX_POINT('',#5524);
#1370=VERTEX_POINT('',#5526);
#1371=VERTEX_POINT('',#5528);
#1372=VERTEX_POINT('',#5530);
#1373=VERTEX_POINT('',#5532);
#1374=VERTEX_POINT('',#5534);
#1375=VERTEX_POINT('',#5536);
#1376=VERTEX_POINT('',#5538);
#1377=VERTEX_POINT('',#5540);
#1378=VERTEX_POINT('',#5542);
#1379=VERTEX_POINT('',#5544);
#1380=VERTEX_POINT('',#5546);
#1381=VERTEX_POINT('',#5548);
#1382=VERTEX_POINT('',#5550);
#1383=VERTEX_POINT('',#5552);
#1384=VERTEX_POINT('',#5554);
#1385=VERTEX_POINT('',#5556);
#1386=VERTEX_POINT('',#5558);
#1387=VERTEX_POINT('',#5560);
#1388=VERTEX_POINT('',#5562);
#1389=VERTEX_POINT('',#5564);
#1390=VERTEX_POINT('',#5566);
#1391=VERTEX_POINT('',#5568);
#1392=VERTEX_POINT('',#5570);
#1393=VERTEX_POINT('',#5572);
#1394=VERTEX_POINT('',#5574);
#1395=VERTEX_POINT('',#5576);
#1396=VERTEX_POINT('',#5578);
#1397=VERTEX_POINT('',#5580);
#1398=VERTEX_POINT('',#5582);
#1399=VERTEX_POINT('',#5584);
#1400=VERTEX_POINT('',#5586);
#1401=VERTEX_POINT('',#5588);
#1402=VERTEX_POINT('',#5590);
#1403=VERTEX_POINT('',#5592);
#1404=VERTEX_POINT('',#5594);
#1405=VERTEX_POINT('',#5596);
#1406=VERTEX_POINT('',#5598);
#1407=VERTEX_POINT('',#5600);
#1408=VERTEX_POINT('',#5602);
#1409=VERTEX_POINT('',#5604);
#1410=VERTEX_POINT('',#5606);
#1411=VERTEX_POINT('',#5608);
#1412=VERTEX_POINT('',#5610);
#1413=VERTEX_POINT('',#5612);
#1414=VERTEX_POINT('',#5614);
#1415=VERTEX_POINT('',#5616);
#1416=VERTEX_POINT('',#5618);
#1417=VERTEX_POINT('',#5620);
#1418=VERTEX_POINT('',#5622);
#1419=VERTEX_POINT('',#5624);
#1420=VERTEX_POINT('',#5626);
#1421=VERTEX_POINT('',#5628);
#1422=VERTEX_POINT('',#5630);
#1423=VERTEX_POINT('',#5632);
#1424=VERTEX_POINT('',#5634);
#1425=VERTEX_POINT('',#5636);
#1426=VERTEX_POINT('',#5638);
#1427=VERTEX_POINT('',#5640);
#1428=VERTEX_POINT('',#5642);
#1429=VERTEX_POINT('',#5644);
#1430=VERTEX_POINT('',#5646);
#1431=VERTEX_POINT('',#5648);
#1432=VERTEX_POINT('',#5650);
#1433=VERTEX_POINT('',#5652);
#1434=VERTEX_POINT('',#5654);
#1435=VERTEX_POINT('',#5656);
#1436=VERTEX_POINT('',#5658);
#1437=VERTEX_POINT('',#5660);
#1438=VERTEX_POINT('',#5662);
#1439=VERTEX_POINT('',#5664);
#1440=VERTEX_POINT('',#5666);
#1441=VERTEX_POINT('',#5668);
#1442=VERTEX_POINT('',#5670);
#1443=VERTEX_POINT('',#5672);
#1444=VERTEX_POINT('',#5674);
#1445=VERTEX_POINT('',#5676);
#1446=VERTEX_POINT('',#5678);
#1447=VERTEX_POINT('',#5680);
#1448=VERTEX_POINT('',#5682);
#1449=VERTEX_POINT('',#5684);
#1450=VERTEX_POINT('',#5686);
#1451=VERTEX_POINT('',#5688);
#1452=VERTEX_POINT('',#5690);
#1453=VERTEX_POINT('',#5692);
#1454=VERTEX_POINT('',#5694);
#1455=VERTEX_POINT('',#5696);
#1456=VERTEX_POINT('',#5698);
#1457=VERTEX_POINT('',#5700);
#1458=VERTEX_POINT('',#5702);
#1459=VERTEX_POINT('',#5704);
#1460=VERTEX_POINT('',#5706);
#1461=VERTEX_POINT('',#5708);
#1462=VERTEX_POINT('',#5710);
#1463=VERTEX_POINT('',#5712);
#1464=VERTEX_POINT('',#5714);
#1465=VERTEX_POINT('',#5716);
#1466=VERTEX_POINT('',#5718);
#1467=VERTEX_POINT('',#5720);
#1468=VERTEX_POINT('',#5722);
#1469=VERTEX_POINT('',#5724);
#1470=VERTEX_POINT('',#5726);
#1471=VERTEX_POINT('',#5728);
#1472=VERTEX_POINT('',#5730);
#1473=VERTEX_POINT('',#5732);
#1474=VERTEX_POINT('',#5734);
#1475=VERTEX_POINT('',#5736);
#1476=VERTEX_POINT('',#5738);
#1477=VERTEX_POINT('',#5740);
#1478=VERTEX_POINT('',#5742);
#1479=VERTEX_POINT('',#5744);
#1480=VERTEX_POINT('',#5746);
#1481=VERTEX_POINT('',#5748);
#1482=VERTEX_POINT('',#5750);
#1483=VERTEX_POINT('',#5752);
#1484=VERTEX_POINT('',#5754);
#1485=VERTEX_POINT('',#5756);
#1486=VERTEX_POINT('',#5758);
#1487=VERTEX_POINT('',#5760);
#1488=VERTEX_POINT('',#5762);
#1489=VERTEX_POINT('',#5764);
#1490=VERTEX_POINT('',#5766);
#1491=VERTEX_POINT('',#5768);
#1492=VERTEX_POINT('',#5770);
#1493=VERTEX_POINT('',#5772);
#1494=VERTEX_POINT('',#5774);
#1495=VERTEX_POINT('',#5776);
#1496=VERTEX_POINT('',#5778);
#1497=VERTEX_POINT('',#5780);
#1498=VERTEX_POINT('',#5782);
#1499=VERTEX_POINT('',#5784);
#1500=VERTEX_POINT('',#5786);
#1501=VERTEX_POINT('',#5788);
#1502=VERTEX_POINT('',#5790);
#1503=VERTEX_POINT('',#6075);
#1504=VERTEX_POINT('',#6077);
#1505=VERTEX_POINT('',#6094);
#1506=VERTEX_POINT('',#6095);
#1507=VERTEX_POINT('',#6097);
#1508=VERTEX_POINT('',#6099);
#1509=VERTEX_POINT('',#6103);
#1510=VERTEX_POINT('',#6105);
#1511=VERTEX_POINT('',#6109);
#1512=VERTEX_POINT('',#6111);
#1513=VERTEX_POINT('',#6119);
#1514=VERTEX_POINT('',#6120);
#1515=VERTEX_POINT('',#6122);
#1516=VERTEX_POINT('',#6124);
#1517=VERTEX_POINT('',#6128);
#1518=VERTEX_POINT('',#6129);
#1519=VERTEX_POINT('',#6134);
#1520=VERTEX_POINT('',#6135);
#1521=VERTEX_POINT('',#6137);
#1522=VERTEX_POINT('',#6139);
#1523=VERTEX_POINT('',#6143);
#1524=VERTEX_POINT('',#6144);
#1525=VERTEX_POINT('',#6154);
#1526=VERTEX_POINT('',#6155);
#1527=VERTEX_POINT('',#6157);
#1528=VERTEX_POINT('',#6159);
#1529=VERTEX_POINT('',#6161);
#1530=VERTEX_POINT('',#6163);
#1531=VERTEX_POINT('',#6167);
#1532=VERTEX_POINT('',#6169);
#1533=VERTEX_POINT('',#6176);
#1534=VERTEX_POINT('',#6182);
#1535=VERTEX_POINT('',#6184);
#1536=VERTEX_POINT('',#6186);
#1537=VERTEX_POINT('',#6190);
#1538=VERTEX_POINT('',#6192);
#1539=VERTEX_POINT('',#6196);
#1540=VERTEX_POINT('',#6197);
#1541=VERTEX_POINT('',#6199);
#1542=VERTEX_POINT('',#6201);
#1543=VERTEX_POINT('',#6203);
#1544=VERTEX_POINT('',#6205);
#1545=VERTEX_POINT('',#6211);
#1546=VERTEX_POINT('',#6213);
#1547=VERTEX_POINT('',#6220);
#1548=VERTEX_POINT('',#6222);
#1549=VERTEX_POINT('',#6226);
#1550=VERTEX_POINT('',#6231);
#1551=EDGE_CURVE('',#1195,#1196,#709,.T.);
#1552=EDGE_CURVE('',#1197,#1195,#417,.T.);
#1553=EDGE_CURVE('',#1198,#1197,#710,.T.);
#1554=EDGE_CURVE('',#1196,#1198,#418,.T.);
#1555=EDGE_CURVE('',#1197,#1199,#711,.T.);
#1556=EDGE_CURVE('',#1199,#1200,#712,.T.);
#1557=EDGE_CURVE('',#1200,#1198,#713,.T.);
#1558=EDGE_CURVE('',#1195,#1201,#419,.T.);
#1559=EDGE_CURVE('',#1201,#1202,#420,.T.);
#1560=EDGE_CURVE('',#1202,#1203,#421,.T.);
#1561=EDGE_CURVE('',#1203,#1204,#422,.T.);
#1562=EDGE_CURVE('',#1204,#1205,#423,.T.);
#1563=EDGE_CURVE('',#1205,#1206,#424,.T.);
#1564=EDGE_CURVE('',#1206,#1207,#425,.T.);
#1565=EDGE_CURVE('',#1207,#1208,#426,.T.);
#1566=EDGE_CURVE('',#1208,#1209,#427,.T.);
#1567=EDGE_CURVE('',#1209,#1210,#428,.T.);
#1568=EDGE_CURVE('',#1210,#1211,#429,.T.);
#1569=EDGE_CURVE('',#1211,#1212,#430,.T.);
#1570=EDGE_CURVE('',#1213,#1212,#714,.T.);
#1571=EDGE_CURVE('',#1214,#1213,#715,.T.);
#1572=EDGE_CURVE('',#1214,#1215,#716,.T.);
#1573=EDGE_CURVE('',#1216,#1215,#717,.T.);
#1574=EDGE_CURVE('',#1216,#1217,#431,.T.);
#1575=EDGE_CURVE('',#1217,#1218,#432,.T.);
#1576=EDGE_CURVE('',#1218,#1219,#433,.T.);
#1577=EDGE_CURVE('',#1219,#1220,#434,.T.);
#1578=EDGE_CURVE('',#1220,#1221,#435,.T.);
#1579=EDGE_CURVE('',#1221,#1222,#436,.T.);
#1580=EDGE_CURVE('',#1222,#1223,#437,.T.);
#1581=EDGE_CURVE('',#1223,#1224,#438,.T.);
#1582=EDGE_CURVE('',#1224,#1225,#439,.T.);
#1583=EDGE_CURVE('',#1225,#1226,#440,.T.);
#1584=EDGE_CURVE('',#1226,#1227,#441,.T.);
#1585=EDGE_CURVE('',#1227,#1228,#442,.T.);
#1586=EDGE_CURVE('',#1228,#1229,#443,.T.);
#1587=EDGE_CURVE('',#1229,#1230,#444,.T.);
#1588=EDGE_CURVE('',#1230,#1231,#445,.T.);
#1589=EDGE_CURVE('',#1231,#1232,#446,.T.);
#1590=EDGE_CURVE('',#1232,#1233,#447,.T.);
#1591=EDGE_CURVE('',#1233,#1234,#448,.T.);
#1592=EDGE_CURVE('',#1234,#1235,#449,.T.);
#1593=EDGE_CURVE('',#1235,#1236,#450,.T.);
#1594=EDGE_CURVE('',#1236,#1237,#451,.T.);
#1595=EDGE_CURVE('',#1237,#1238,#452,.T.);
#1596=EDGE_CURVE('',#1238,#1239,#453,.T.);
#1597=EDGE_CURVE('',#1239,#1240,#454,.T.);
#1598=EDGE_CURVE('',#1240,#1241,#455,.T.);
#1599=EDGE_CURVE('',#1241,#1242,#456,.T.);
#1600=EDGE_CURVE('',#1242,#1243,#457,.T.);
#1601=EDGE_CURVE('',#1243,#1244,#458,.T.);
#1602=EDGE_CURVE('',#1244,#1245,#459,.T.);
#1603=EDGE_CURVE('',#1245,#1246,#460,.T.);
#1604=EDGE_CURVE('',#1246,#1247,#461,.T.);
#1605=EDGE_CURVE('',#1247,#1248,#462,.T.);
#1606=EDGE_CURVE('',#1248,#1249,#463,.T.);
#1607=EDGE_CURVE('',#1249,#1250,#464,.T.);
#1608=EDGE_CURVE('',#1251,#1250,#718,.T.);
#1609=EDGE_CURVE('',#1251,#1252,#465,.T.);
#1610=EDGE_CURVE('',#1252,#1253,#466,.T.);
#1611=EDGE_CURVE('',#1253,#1254,#467,.T.);
#1612=EDGE_CURVE('',#1254,#1255,#468,.T.);
#1613=EDGE_CURVE('',#1255,#1256,#469,.T.);
#1614=EDGE_CURVE('',#1256,#1257,#470,.T.);
#1615=EDGE_CURVE('',#1257,#1258,#471,.T.);
#1616=EDGE_CURVE('',#1258,#1259,#472,.T.);
#1617=EDGE_CURVE('',#1259,#1260,#473,.T.);
#1618=EDGE_CURVE('',#1260,#1261,#474,.T.);
#1619=EDGE_CURVE('',#1261,#1262,#475,.T.);
#1620=EDGE_CURVE('',#1262,#1263,#476,.T.);
#1621=EDGE_CURVE('',#1263,#1264,#477,.T.);
#1622=EDGE_CURVE('',#1264,#1265,#478,.T.);
#1623=EDGE_CURVE('',#1265,#1266,#479,.T.);
#1624=EDGE_CURVE('',#1266,#1267,#480,.T.);
#1625=EDGE_CURVE('',#1267,#1268,#481,.T.);
#1626=EDGE_CURVE('',#1268,#1269,#482,.T.);
#1627=EDGE_CURVE('',#1269,#1270,#483,.T.);
#1628=EDGE_CURVE('',#1270,#1271,#484,.T.);
#1629=EDGE_CURVE('',#1271,#1272,#485,.T.);
#1630=EDGE_CURVE('',#1272,#1273,#486,.T.);
#1631=EDGE_CURVE('',#1273,#1274,#487,.T.);
#1632=EDGE_CURVE('',#1274,#1275,#488,.T.);
#1633=EDGE_CURVE('',#1275,#1276,#489,.T.);
#1634=EDGE_CURVE('',#1276,#1277,#490,.T.);
#1635=EDGE_CURVE('',#1277,#1278,#491,.T.);
#1636=EDGE_CURVE('',#1278,#1279,#492,.T.);
#1637=EDGE_CURVE('',#1279,#1280,#493,.T.);
#1638=EDGE_CURVE('',#1280,#1281,#494,.T.);
#1639=EDGE_CURVE('',#1281,#1282,#495,.T.);
#1640=EDGE_CURVE('',#1282,#1283,#496,.T.);
#1641=EDGE_CURVE('',#1283,#1284,#497,.T.);
#1642=EDGE_CURVE('',#1284,#1285,#498,.T.);
#1643=EDGE_CURVE('',#1286,#1285,#719,.T.);
#1644=EDGE_CURVE('',#1286,#1287,#499,.T.);
#1645=EDGE_CURVE('',#1287,#1288,#500,.T.);
#1646=EDGE_CURVE('',#1288,#1289,#501,.T.);
#1647=EDGE_CURVE('',#1289,#1290,#502,.T.);
#1648=EDGE_CURVE('',#1290,#1291,#503,.T.);
#1649=EDGE_CURVE('',#1291,#1292,#504,.T.);
#1650=EDGE_CURVE('',#1292,#1293,#505,.T.);
#1651=EDGE_CURVE('',#1293,#1294,#506,.T.);
#1652=EDGE_CURVE('',#1294,#1295,#507,.T.);
#1653=EDGE_CURVE('',#1295,#1296,#508,.T.);
#1654=EDGE_CURVE('',#1296,#1297,#509,.T.);
#1655=EDGE_CURVE('',#1297,#1298,#510,.T.);
#1656=EDGE_CURVE('',#1298,#1299,#511,.T.);
#1657=EDGE_CURVE('',#1299,#1300,#512,.T.);
#1658=EDGE_CURVE('',#1300,#1301,#513,.T.);
#1659=EDGE_CURVE('',#1301,#1302,#514,.T.);
#1660=EDGE_CURVE('',#1302,#1303,#515,.T.);
#1661=EDGE_CURVE('',#1303,#1304,#516,.T.);
#1662=EDGE_CURVE('',#1304,#1305,#517,.T.);
#1663=EDGE_CURVE('',#1305,#1306,#518,.T.);
#1664=EDGE_CURVE('',#1306,#1307,#519,.T.);
#1665=EDGE_CURVE('',#1307,#1308,#520,.T.);
#1666=EDGE_CURVE('',#1308,#1309,#521,.T.);
#1667=EDGE_CURVE('',#1309,#1310,#522,.T.);
#1668=EDGE_CURVE('',#1310,#1311,#523,.T.);
#1669=EDGE_CURVE('',#1311,#1312,#524,.T.);
#1670=EDGE_CURVE('',#1312,#1313,#525,.T.);
#1671=EDGE_CURVE('',#1313,#1314,#526,.T.);
#1672=EDGE_CURVE('',#1314,#1315,#527,.T.);
#1673=EDGE_CURVE('',#1315,#1316,#528,.T.);
#1674=EDGE_CURVE('',#1316,#1317,#529,.T.);
#1675=EDGE_CURVE('',#1317,#1318,#530,.T.);
#1676=EDGE_CURVE('',#1318,#1319,#531,.T.);
#1677=EDGE_CURVE('',#1319,#1320,#532,.T.);
#1678=EDGE_CURVE('',#1320,#1321,#533,.T.);
#1679=EDGE_CURVE('',#1321,#1322,#534,.T.);
#1680=EDGE_CURVE('',#1322,#1323,#535,.T.);
#1681=EDGE_CURVE('',#1324,#1323,#720,.T.);
#1682=EDGE_CURVE('',#1324,#1325,#536,.T.);
#1683=EDGE_CURVE('',#1325,#1326,#537,.T.);
#1684=EDGE_CURVE('',#1326,#1327,#538,.T.);
#1685=EDGE_CURVE('',#1327,#1328,#539,.T.);
#1686=EDGE_CURVE('',#1328,#1329,#540,.T.);
#1687=EDGE_CURVE('',#1329,#1330,#541,.T.);
#1688=EDGE_CURVE('',#1330,#1331,#542,.T.);
#1689=EDGE_CURVE('',#1331,#1332,#543,.T.);
#1690=EDGE_CURVE('',#1332,#1333,#544,.T.);
#1691=EDGE_CURVE('',#1333,#1334,#545,.T.);
#1692=EDGE_CURVE('',#1334,#1335,#546,.T.);
#1693=EDGE_CURVE('',#1335,#1336,#547,.T.);
#1694=EDGE_CURVE('',#1336,#1337,#548,.T.);
#1695=EDGE_CURVE('',#1337,#1338,#549,.T.);
#1696=EDGE_CURVE('',#1338,#1339,#550,.T.);
#1697=EDGE_CURVE('',#1339,#1340,#551,.T.);
#1698=EDGE_CURVE('',#1340,#1341,#552,.T.);
#1699=EDGE_CURVE('',#1341,#1342,#553,.T.);
#1700=EDGE_CURVE('',#1342,#1343,#554,.T.);
#1701=EDGE_CURVE('',#1343,#1344,#555,.T.);
#1702=EDGE_CURVE('',#1344,#1345,#556,.T.);
#1703=EDGE_CURVE('',#1345,#1346,#557,.T.);
#1704=EDGE_CURVE('',#1346,#1347,#558,.T.);
#1705=EDGE_CURVE('',#1347,#1348,#559,.T.);
#1706=EDGE_CURVE('',#1348,#1349,#560,.T.);
#1707=EDGE_CURVE('',#1349,#1350,#561,.T.);
#1708=EDGE_CURVE('',#1350,#1351,#562,.T.);
#1709=EDGE_CURVE('',#1351,#1199,#563,.T.);
#1710=EDGE_CURVE('',#1352,#1196,#564,.T.);
#1711=EDGE_CURVE('',#1201,#1352,#721,.T.);
#1712=EDGE_CURVE('',#1353,#1352,#565,.T.);
#1713=EDGE_CURVE('',#1202,#1353,#722,.T.);
#1714=EDGE_CURVE('',#1200,#1354,#566,.T.);
#1715=EDGE_CURVE('',#1354,#1355,#567,.T.);
#1716=EDGE_CURVE('',#1355,#1356,#568,.T.);
#1717=EDGE_CURVE('',#1356,#1357,#569,.T.);
#1718=EDGE_CURVE('',#1357,#1358,#570,.T.);
#1719=EDGE_CURVE('',#1358,#1359,#571,.T.);
#1720=EDGE_CURVE('',#1359,#1360,#572,.T.);
#1721=EDGE_CURVE('',#1360,#1361,#573,.T.);
#1722=EDGE_CURVE('',#1361,#1362,#574,.T.);
#1723=EDGE_CURVE('',#1362,#1363,#575,.T.);
#1724=EDGE_CURVE('',#1363,#1364,#576,.T.);
#1725=EDGE_CURVE('',#1364,#1365,#577,.T.);
#1726=EDGE_CURVE('',#1365,#1366,#578,.T.);
#1727=EDGE_CURVE('',#1366,#1367,#579,.T.);
#1728=EDGE_CURVE('',#1367,#1368,#580,.T.);
#1729=EDGE_CURVE('',#1368,#1369,#581,.T.);
#1730=EDGE_CURVE('',#1369,#1370,#582,.T.);
#1731=EDGE_CURVE('',#1370,#1371,#583,.T.);
#1732=EDGE_CURVE('',#1371,#1372,#584,.T.);
#1733=EDGE_CURVE('',#1372,#1373,#585,.T.);
#1734=EDGE_CURVE('',#1373,#1374,#586,.T.);
#1735=EDGE_CURVE('',#1374,#1375,#587,.T.);
#1736=EDGE_CURVE('',#1375,#1376,#588,.T.);
#1737=EDGE_CURVE('',#1376,#1377,#589,.T.);
#1738=EDGE_CURVE('',#1377,#1378,#590,.T.);
#1739=EDGE_CURVE('',#1378,#1379,#591,.T.);
#1740=EDGE_CURVE('',#1379,#1380,#592,.T.);
#1741=EDGE_CURVE('',#1380,#1381,#593,.T.);
#1742=EDGE_CURVE('',#1382,#1381,#723,.T.);
#1743=EDGE_CURVE('',#1382,#1383,#594,.T.);
#1744=EDGE_CURVE('',#1383,#1384,#595,.T.);
#1745=EDGE_CURVE('',#1384,#1385,#596,.T.);
#1746=EDGE_CURVE('',#1385,#1386,#597,.T.);
#1747=EDGE_CURVE('',#1386,#1387,#598,.T.);
#1748=EDGE_CURVE('',#1387,#1388,#599,.T.);
#1749=EDGE_CURVE('',#1388,#1389,#600,.T.);
#1750=EDGE_CURVE('',#1389,#1390,#601,.T.);
#1751=EDGE_CURVE('',#1390,#1391,#602,.T.);
#1752=EDGE_CURVE('',#1391,#1392,#603,.T.);
#1753=EDGE_CURVE('',#1392,#1393,#604,.T.);
#1754=EDGE_CURVE('',#1393,#1394,#605,.T.);
#1755=EDGE_CURVE('',#1394,#1395,#606,.T.);
#1756=EDGE_CURVE('',#1395,#1396,#607,.T.);
#1757=EDGE_CURVE('',#1396,#1397,#608,.T.);
#1758=EDGE_CURVE('',#1397,#1398,#609,.T.);
#1759=EDGE_CURVE('',#1398,#1399,#610,.T.);
#1760=EDGE_CURVE('',#1399,#1400,#611,.T.);
#1761=EDGE_CURVE('',#1400,#1401,#612,.T.);
#1762=EDGE_CURVE('',#1401,#1402,#613,.T.);
#1763=EDGE_CURVE('',#1402,#1403,#614,.T.);
#1764=EDGE_CURVE('',#1403,#1404,#615,.T.);
#1765=EDGE_CURVE('',#1404,#1405,#616,.T.);
#1766=EDGE_CURVE('',#1405,#1406,#617,.T.);
#1767=EDGE_CURVE('',#1406,#1407,#618,.T.);
#1768=EDGE_CURVE('',#1407,#1408,#619,.T.);
#1769=EDGE_CURVE('',#1408,#1409,#620,.T.);
#1770=EDGE_CURVE('',#1409,#1410,#621,.T.);
#1771=EDGE_CURVE('',#1410,#1411,#622,.T.);
#1772=EDGE_CURVE('',#1411,#1412,#623,.T.);
#1773=EDGE_CURVE('',#1412,#1413,#624,.T.);
#1774=EDGE_CURVE('',#1413,#1414,#625,.T.);
#1775=EDGE_CURVE('',#1414,#1415,#626,.T.);
#1776=EDGE_CURVE('',#1415,#1416,#627,.T.);
#1777=EDGE_CURVE('',#1416,#1417,#628,.T.);
#1778=EDGE_CURVE('',#1417,#1418,#629,.T.);
#1779=EDGE_CURVE('',#1418,#1419,#630,.T.);
#1780=EDGE_CURVE('',#1420,#1419,#724,.T.);
#1781=EDGE_CURVE('',#1420,#1421,#631,.T.);
#1782=EDGE_CURVE('',#1421,#1422,#632,.T.);
#1783=EDGE_CURVE('',#1422,#1423,#633,.T.);
#1784=EDGE_CURVE('',#1423,#1424,#634,.T.);
#1785=EDGE_CURVE('',#1424,#1425,#635,.T.);
#1786=EDGE_CURVE('',#1425,#1426,#636,.T.);
#1787=EDGE_CURVE('',#1426,#1427,#637,.T.);
#1788=EDGE_CURVE('',#1427,#1428,#638,.T.);
#1789=EDGE_CURVE('',#1428,#1429,#639,.T.);
#1790=EDGE_CURVE('',#1429,#1430,#640,.T.);
#1791=EDGE_CURVE('',#1430,#1431,#641,.T.);
#1792=EDGE_CURVE('',#1431,#1432,#642,.T.);
#1793=EDGE_CURVE('',#1432,#1433,#643,.T.);
#1794=EDGE_CURVE('',#1433,#1434,#644,.T.);
#1795=EDGE_CURVE('',#1434,#1435,#645,.T.);
#1796=EDGE_CURVE('',#1435,#1436,#646,.T.);
#1797=EDGE_CURVE('',#1436,#1437,#647,.T.);
#1798=EDGE_CURVE('',#1437,#1438,#648,.T.);
#1799=EDGE_CURVE('',#1438,#1439,#649,.T.);
#1800=EDGE_CURVE('',#1439,#1440,#650,.T.);
#1801=EDGE_CURVE('',#1440,#1441,#651,.T.);
#1802=EDGE_CURVE('',#1441,#1442,#652,.T.);
#1803=EDGE_CURVE('',#1442,#1443,#653,.T.);
#1804=EDGE_CURVE('',#1443,#1444,#654,.T.);
#1805=EDGE_CURVE('',#1444,#1445,#655,.T.);
#1806=EDGE_CURVE('',#1445,#1446,#656,.T.);
#1807=EDGE_CURVE('',#1446,#1447,#657,.T.);
#1808=EDGE_CURVE('',#1447,#1448,#658,.T.);
#1809=EDGE_CURVE('',#1448,#1449,#659,.T.);
#1810=EDGE_CURVE('',#1449,#1450,#660,.T.);
#1811=EDGE_CURVE('',#1450,#1451,#661,.T.);
#1812=EDGE_CURVE('',#1451,#1452,#662,.T.);
#1813=EDGE_CURVE('',#1452,#1453,#663,.T.);
#1814=EDGE_CURVE('',#1453,#1454,#664,.T.);
#1815=EDGE_CURVE('',#1455,#1454,#725,.T.);
#1816=EDGE_CURVE('',#1455,#1456,#665,.T.);
#1817=EDGE_CURVE('',#1456,#1457,#666,.T.);
#1818=EDGE_CURVE('',#1457,#1458,#667,.T.);
#1819=EDGE_CURVE('',#1458,#1459,#668,.T.);
#1820=EDGE_CURVE('',#1459,#1460,#669,.T.);
#1821=EDGE_CURVE('',#1460,#1461,#670,.T.);
#1822=EDGE_CURVE('',#1461,#1462,#671,.T.);
#1823=EDGE_CURVE('',#1462,#1463,#672,.T.);
#1824=EDGE_CURVE('',#1463,#1464,#673,.T.);
#1825=EDGE_CURVE('',#1464,#1465,#674,.T.);
#1826=EDGE_CURVE('',#1465,#1466,#675,.T.);
#1827=EDGE_CURVE('',#1466,#1467,#676,.T.);
#1828=EDGE_CURVE('',#1467,#1468,#677,.T.);
#1829=EDGE_CURVE('',#1468,#1469,#678,.T.);
#1830=EDGE_CURVE('',#1469,#1470,#679,.T.);
#1831=EDGE_CURVE('',#1470,#1471,#680,.T.);
#1832=EDGE_CURVE('',#1471,#1472,#681,.T.);
#1833=EDGE_CURVE('',#1472,#1473,#682,.T.);
#1834=EDGE_CURVE('',#1473,#1474,#683,.T.);
#1835=EDGE_CURVE('',#1474,#1475,#684,.T.);
#1836=EDGE_CURVE('',#1475,#1476,#685,.T.);
#1837=EDGE_CURVE('',#1476,#1477,#686,.T.);
#1838=EDGE_CURVE('',#1477,#1478,#687,.T.);
#1839=EDGE_CURVE('',#1478,#1479,#688,.T.);
#1840=EDGE_CURVE('',#1479,#1480,#689,.T.);
#1841=EDGE_CURVE('',#1480,#1481,#690,.T.);
#1842=EDGE_CURVE('',#1481,#1482,#691,.T.);
#1843=EDGE_CURVE('',#1482,#1483,#692,.T.);
#1844=EDGE_CURVE('',#1483,#1484,#693,.T.);
#1845=EDGE_CURVE('',#1484,#1485,#694,.T.);
#1846=EDGE_CURVE('',#1485,#1486,#695,.T.);
#1847=EDGE_CURVE('',#1486,#1487,#696,.T.);
#1848=EDGE_CURVE('',#1487,#1488,#697,.T.);
#1849=EDGE_CURVE('',#1488,#1489,#698,.T.);
#1850=EDGE_CURVE('',#1490,#1489,#726,.T.);
#1851=EDGE_CURVE('',#1490,#1491,#727,.T.);
#1852=EDGE_CURVE('',#1492,#1491,#728,.T.);
#1853=EDGE_CURVE('',#1492,#1493,#729,.T.);
#1854=EDGE_CURVE('',#1493,#1494,#699,.T.);
#1855=EDGE_CURVE('',#1494,#1495,#700,.T.);
#1856=EDGE_CURVE('',#1495,#1496,#701,.T.);
#1857=EDGE_CURVE('',#1496,#1497,#702,.T.);
#1858=EDGE_CURVE('',#1497,#1498,#703,.T.);
#1859=EDGE_CURVE('',#1498,#1499,#704,.T.);
#1860=EDGE_CURVE('',#1499,#1500,#705,.T.);
#1861=EDGE_CURVE('',#1500,#1501,#706,.T.);
#1862=EDGE_CURVE('',#1501,#1502,#707,.T.);
#1863=EDGE_CURVE('',#1502,#1353,#708,.T.);
#1864=EDGE_CURVE('',#1203,#1502,#730,.T.);
#1865=EDGE_CURVE('',#1204,#1501,#731,.T.);
#1866=EDGE_CURVE('',#1205,#1500,#732,.T.);
#1867=EDGE_CURVE('',#1206,#1499,#733,.T.);
#1868=EDGE_CURVE('',#1207,#1498,#734,.T.);
#1869=EDGE_CURVE('',#1208,#1497,#735,.T.);
#1870=EDGE_CURVE('',#1209,#1496,#736,.T.);
#1871=EDGE_CURVE('',#1210,#1495,#737,.T.);
#1872=EDGE_CURVE('',#1211,#1494,#738,.T.);
#1873=EDGE_CURVE('',#1212,#1493,#739,.T.);
#1874=EDGE_CURVE('',#1213,#1492,#740,.T.);
#1875=EDGE_CURVE('',#1325,#1380,#741,.T.);
#1876=EDGE_CURVE('',#1381,#1324,#742,.T.);
#1877=EDGE_CURVE('',#1323,#1382,#743,.T.);
#1878=EDGE_CURVE('',#1326,#1379,#744,.T.);
#1879=EDGE_CURVE('',#1327,#1378,#745,.T.);
#1880=EDGE_CURVE('',#1328,#1377,#746,.T.);
#1881=EDGE_CURVE('',#1329,#1376,#747,.T.);
#1882=EDGE_CURVE('',#1330,#1375,#748,.T.);
#1883=EDGE_CURVE('',#1331,#1374,#749,.T.);
#1884=EDGE_CURVE('',#1332,#1373,#750,.T.);
#1885=EDGE_CURVE('',#1354,#1351,#751,.T.);
#1886=EDGE_CURVE('',#1333,#1372,#752,.T.);
#1887=EDGE_CURVE('',#1355,#1350,#753,.T.);
#1888=EDGE_CURVE('',#1356,#1349,#754,.T.);
#1889=EDGE_CURVE('',#1334,#1371,#755,.T.);
#1890=EDGE_CURVE('',#1335,#1370,#756,.T.);
#1891=EDGE_CURVE('',#1348,#1357,#757,.T.);
#1892=EDGE_CURVE('',#1336,#1369,#758,.T.);
#1893=EDGE_CURVE('',#1337,#1368,#759,.T.);
#1894=EDGE_CURVE('',#1338,#1367,#760,.T.);
#1895=EDGE_CURVE('',#1339,#1366,#761,.T.);
#1896=EDGE_CURVE('',#1340,#1365,#762,.T.);
#1897=EDGE_CURVE('',#1341,#1364,#763,.T.);
#1898=EDGE_CURVE('',#1342,#1363,#764,.T.);
#1899=EDGE_CURVE('',#1343,#1362,#765,.T.);
#1900=EDGE_CURVE('',#1344,#1361,#766,.T.);
#1901=EDGE_CURVE('',#1345,#1360,#767,.T.);
#1902=EDGE_CURVE('',#1346,#1359,#768,.T.);
#1903=EDGE_CURVE('',#1347,#1358,#769,.T.);
#1904=EDGE_CURVE('',#1419,#1286,#770,.T.);
#1905=EDGE_CURVE('',#1287,#1418,#771,.T.);
#1906=EDGE_CURVE('',#1288,#1417,#772,.T.);
#1907=EDGE_CURVE('',#1285,#1420,#773,.T.);
#1908=EDGE_CURVE('',#1289,#1416,#774,.T.);
#1909=EDGE_CURVE('',#1290,#1415,#775,.T.);
#1910=EDGE_CURVE('',#1291,#1414,#776,.T.);
#1911=EDGE_CURVE('',#1292,#1413,#777,.T.);
#1912=EDGE_CURVE('',#1293,#1412,#778,.T.);
#1913=EDGE_CURVE('',#1294,#1411,#779,.T.);
#1914=EDGE_CURVE('',#1295,#1410,#780,.T.);
#1915=EDGE_CURVE('',#1296,#1409,#781,.T.);
#1916=EDGE_CURVE('',#1297,#1408,#782,.T.);
#1917=EDGE_CURVE('',#1298,#1407,#783,.T.);
#1918=EDGE_CURVE('',#1299,#1406,#784,.T.);
#1919=EDGE_CURVE('',#1300,#1405,#785,.T.);
#1920=EDGE_CURVE('',#1301,#1404,#786,.T.);
#1921=EDGE_CURVE('',#1302,#1403,#787,.T.);
#1922=EDGE_CURVE('',#1303,#1402,#788,.T.);
#1923=EDGE_CURVE('',#1304,#1401,#789,.T.);
#1924=EDGE_CURVE('',#1305,#1400,#790,.T.);
#1925=EDGE_CURVE('',#1306,#1399,#791,.T.);
#1926=EDGE_CURVE('',#1307,#1398,#792,.T.);
#1927=EDGE_CURVE('',#1308,#1397,#793,.T.);
#1928=EDGE_CURVE('',#1309,#1396,#794,.T.);
#1929=EDGE_CURVE('',#1310,#1395,#795,.T.);
#1930=EDGE_CURVE('',#1311,#1394,#796,.T.);
#1931=EDGE_CURVE('',#1312,#1393,#797,.T.);
#1932=EDGE_CURVE('',#1313,#1392,#798,.T.);
#1933=EDGE_CURVE('',#1314,#1391,#799,.T.);
#1934=EDGE_CURVE('',#1315,#1390,#800,.T.);
#1935=EDGE_CURVE('',#1316,#1389,#801,.T.);
#1936=EDGE_CURVE('',#1317,#1388,#802,.T.);
#1937=EDGE_CURVE('',#1318,#1387,#803,.T.);
#1938=EDGE_CURVE('',#1319,#1386,#804,.T.);
#1939=EDGE_CURVE('',#1320,#1385,#805,.T.);
#1940=EDGE_CURVE('',#1321,#1384,#806,.T.);
#1941=EDGE_CURVE('',#1322,#1383,#807,.T.);
#1942=EDGE_CURVE('',#1252,#1453,#808,.T.);
#1943=EDGE_CURVE('',#1454,#1251,#809,.T.);
#1944=EDGE_CURVE('',#1250,#1455,#810,.T.);
#1945=EDGE_CURVE('',#1253,#1452,#811,.T.);
#1946=EDGE_CURVE('',#1254,#1451,#812,.T.);
#1947=EDGE_CURVE('',#1255,#1450,#813,.T.);
#1948=EDGE_CURVE('',#1256,#1449,#814,.T.);
#1949=EDGE_CURVE('',#1257,#1448,#815,.T.);
#1950=EDGE_CURVE('',#1258,#1447,#816,.T.);
#1951=EDGE_CURVE('',#1259,#1446,#817,.T.);
#1952=EDGE_CURVE('',#1260,#1445,#818,.T.);
#1953=EDGE_CURVE('',#1261,#1444,#819,.T.);
#1954=EDGE_CURVE('',#1262,#1443,#820,.T.);
#1955=EDGE_CURVE('',#1263,#1442,#821,.T.);
#1956=EDGE_CURVE('',#1264,#1441,#822,.T.);
#1957=EDGE_CURVE('',#1265,#1440,#823,.T.);
#1958=EDGE_CURVE('',#1266,#1439,#824,.T.);
#1959=EDGE_CURVE('',#1267,#1438,#825,.T.);
#1960=EDGE_CURVE('',#1268,#1437,#826,.T.);
#1961=EDGE_CURVE('',#1269,#1436,#827,.T.);
#1962=EDGE_CURVE('',#1270,#1435,#828,.T.);
#1963=EDGE_CURVE('',#1271,#1434,#829,.T.);
#1964=EDGE_CURVE('',#1272,#1433,#830,.T.);
#1965=EDGE_CURVE('',#1273,#1432,#831,.T.);
#1966=EDGE_CURVE('',#1274,#1431,#832,.T.);
#1967=EDGE_CURVE('',#1275,#1430,#833,.T.);
#1968=EDGE_CURVE('',#1276,#1429,#834,.T.);
#1969=EDGE_CURVE('',#1277,#1428,#835,.T.);
#1970=EDGE_CURVE('',#1278,#1427,#836,.T.);
#1971=EDGE_CURVE('',#1279,#1426,#837,.T.);
#1972=EDGE_CURVE('',#1280,#1425,#838,.T.);
#1973=EDGE_CURVE('',#1281,#1424,#839,.T.);
#1974=EDGE_CURVE('',#1282,#1423,#840,.T.);
#1975=EDGE_CURVE('',#1283,#1422,#841,.T.);
#1976=EDGE_CURVE('',#1284,#1421,#842,.T.);
#1977=EDGE_CURVE('',#1231,#1474,#843,.T.);
#1978=EDGE_CURVE('',#1475,#1230,#844,.T.);
#1979=EDGE_CURVE('',#1476,#1229,#845,.T.);
#1980=EDGE_CURVE('',#1232,#1473,#846,.T.);
#1981=EDGE_CURVE('',#1477,#1228,#847,.T.);
#1982=EDGE_CURVE('',#1478,#1227,#848,.T.);
#1983=EDGE_CURVE('',#1233,#1472,#849,.T.);
#1984=EDGE_CURVE('',#1479,#1226,#850,.T.);
#1985=EDGE_CURVE('',#1234,#1471,#851,.T.);
#1986=EDGE_CURVE('',#1480,#1225,#852,.T.);
#1987=EDGE_CURVE('',#1235,#1470,#853,.T.);
#1988=EDGE_CURVE('',#1481,#1224,#854,.T.);
#1989=EDGE_CURVE('',#1236,#1469,#855,.T.);
#1990=EDGE_CURVE('',#1482,#1223,#856,.T.);
#1991=EDGE_CURVE('',#1237,#1468,#857,.T.);
#1992=EDGE_CURVE('',#1483,#1222,#858,.T.);
#1993=EDGE_CURVE('',#1238,#1467,#859,.T.);
#1994=EDGE_CURVE('',#1484,#1221,#860,.T.);
#1995=EDGE_CURVE('',#1239,#1466,#861,.T.);
#1996=EDGE_CURVE('',#1485,#1220,#862,.T.);
#1997=EDGE_CURVE('',#1240,#1465,#863,.T.);
#1998=EDGE_CURVE('',#1486,#1219,#864,.T.);
#1999=EDGE_CURVE('',#1241,#1464,#865,.T.);
#2000=EDGE_CURVE('',#1487,#1218,#866,.T.);
#2001=EDGE_CURVE('',#1242,#1463,#867,.T.);
#2002=EDGE_CURVE('',#1488,#1217,#868,.T.);
#2003=EDGE_CURVE('',#1243,#1462,#869,.T.);
#2004=EDGE_CURVE('',#1489,#1216,#870,.T.);
#2005=EDGE_CURVE('',#1215,#1503,#871,.T.);
#2006=EDGE_CURVE('',#1503,#1504,#872,.T.);
#2007=EDGE_CURVE('',#1504,#1490,#873,.T.);
#2008=EDGE_CURVE('',#1244,#1461,#874,.T.);
#2009=EDGE_CURVE('',#1245,#1460,#875,.T.);
#2010=EDGE_CURVE('',#1246,#1459,#876,.T.);
#2011=EDGE_CURVE('',#1247,#1458,#877,.T.);
#2012=EDGE_CURVE('',#1248,#1457,#878,.T.);
#2013=EDGE_CURVE('',#1249,#1456,#879,.T.);
#2014=EDGE_CURVE('',#1505,#1506,#880,.T.);
#2015=EDGE_CURVE('',#1507,#1505,#881,.T.);
#2016=EDGE_CURVE('',#1508,#1507,#882,.T.);
#2017=EDGE_CURVE('',#1506,#1508,#883,.T.);
#2018=EDGE_CURVE('',#1506,#1509,#884,.T.);
#2019=EDGE_CURVE('',#1508,#1510,#885,.T.);
#2020=EDGE_CURVE('',#1510,#1509,#886,.T.);
#2021=EDGE_CURVE('',#1509,#1511,#887,.T.);
#2022=EDGE_CURVE('',#1512,#1510,#888,.T.);
#2023=EDGE_CURVE('',#1511,#1512,#889,.T.);
#2024=EDGE_CURVE('',#1511,#1505,#890,.T.);
#2025=EDGE_CURVE('',#1507,#1512,#891,.T.);
#2026=EDGE_CURVE('',#1513,#1514,#892,.T.);
#2027=EDGE_CURVE('',#1515,#1513,#893,.T.);
#2028=EDGE_CURVE('',#1516,#1515,#894,.T.);
#2029=EDGE_CURVE('',#1516,#1514,#895,.T.);
#2030=EDGE_CURVE('',#1517,#1518,#896,.T.);
#2031=EDGE_CURVE('',#1518,#1516,#897,.T.);
#2032=EDGE_CURVE('',#1515,#1517,#898,.T.);
#2033=EDGE_CURVE('',#1519,#1520,#899,.T.);
#2034=EDGE_CURVE('',#1520,#1521,#900,.T.);
#2035=EDGE_CURVE('',#1521,#1522,#901,.T.);
#2036=EDGE_CURVE('',#1522,#1519,#902,.T.);
#2037=EDGE_CURVE('',#1523,#1524,#903,.T.);
#2038=EDGE_CURVE('',#1523,#1522,#904,.T.);
#2039=EDGE_CURVE('',#1524,#1521,#905,.T.);
#2040=EDGE_CURVE('',#1518,#1519,#906,.T.);
#2041=EDGE_CURVE('',#1514,#1523,#907,.T.);
#2042=EDGE_CURVE('',#1517,#1520,#908,.T.);
#2043=EDGE_CURVE('',#1525,#1526,#909,.T.);
#2044=EDGE_CURVE('',#1527,#1525,#910,.T.);
#2045=EDGE_CURVE('',#1528,#1527,#911,.T.);
#2046=EDGE_CURVE('',#1529,#1528,#912,.T.);
#2047=EDGE_CURVE('',#1529,#1530,#913,.T.);
#2048=EDGE_CURVE('',#1526,#1530,#914,.T.);
#2049=EDGE_CURVE('',#1531,#1527,#915,.T.);
#2050=EDGE_CURVE('',#1532,#1531,#916,.T.);
#2051=EDGE_CURVE('',#1528,#1532,#917,.T.);
#2052=EDGE_CURVE('',#1514,#1529,#918,.T.);
#2053=EDGE_CURVE('',#1532,#1513,#919,.T.);
#2054=EDGE_CURVE('',#1526,#1533,#920,.T.);
#2055=EDGE_CURVE('',#1530,#1523,#921,.T.);
#2056=EDGE_CURVE('',#1524,#1533,#922,.T.);
#2057=EDGE_CURVE('',#1533,#1534,#923,.T.);
#2058=EDGE_CURVE('',#1535,#1534,#924,.T.);
#2059=EDGE_CURVE('',#1536,#1535,#925,.T.);
#2060=EDGE_CURVE('',#1525,#1536,#926,.T.);
#2061=EDGE_CURVE('',#1537,#1531,#927,.T.);
#2062=EDGE_CURVE('',#1537,#1538,#928,.T.);
#2063=EDGE_CURVE('',#1534,#1538,#929,.T.);
#2064=EDGE_CURVE('',#1539,#1540,#930,.T.);
#2065=EDGE_CURVE('',#1541,#1539,#931,.T.);
#2066=EDGE_CURVE('',#1542,#1541,#932,.T.);
#2067=EDGE_CURVE('',#1543,#1542,#933,.T.);
#2068=EDGE_CURVE('',#1543,#1544,#934,.T.);
#2069=EDGE_CURVE('',#1538,#1544,#935,.T.);
#2070=EDGE_CURVE('',#1540,#1537,#936,.T.);
#2071=EDGE_CURVE('',#1536,#1543,#937,.T.);
#2072=EDGE_CURVE('',#1545,#1542,#938,.T.);
#2073=EDGE_CURVE('',#1546,#1545,#939,.T.);
#2074=EDGE_CURVE('',#1540,#1546,#940,.T.);
#2075=EDGE_CURVE('',#1544,#1535,#941,.T.);
#2076=EDGE_CURVE('',#1547,#1545,#942,.T.);
#2077=EDGE_CURVE('',#1548,#1547,#943,.T.);
#2078=EDGE_CURVE('',#1548,#1546,#944,.T.);
#2079=EDGE_CURVE('',#1549,#1541,#945,.T.);
#2080=EDGE_CURVE('',#1503,#1549,#946,.T.);
#2081=EDGE_CURVE('',#1547,#1214,#947,.T.);
#2082=EDGE_CURVE('',#1539,#1550,#948,.T.);
#2083=EDGE_CURVE('',#1550,#1549,#949,.T.);
#2084=EDGE_CURVE('',#1504,#1550,#950,.T.);
#2085=EDGE_CURVE('',#1491,#1548,#951,.T.);
#2086=ORIENTED_EDGE('',*,*,#1551,.F.);
#2087=ORIENTED_EDGE('',*,*,#1552,.F.);
#2088=ORIENTED_EDGE('',*,*,#1553,.F.);
#2089=ORIENTED_EDGE('',*,*,#1554,.F.);
#2090=ORIENTED_EDGE('',*,*,#1553,.T.);
#2091=ORIENTED_EDGE('',*,*,#1555,.T.);
#2092=ORIENTED_EDGE('',*,*,#1556,.T.);
#2093=ORIENTED_EDGE('',*,*,#1557,.T.);
#2094=ORIENTED_EDGE('',*,*,#1552,.T.);
#2095=ORIENTED_EDGE('',*,*,#1558,.T.);
#2096=ORIENTED_EDGE('',*,*,#1559,.T.);
#2097=ORIENTED_EDGE('',*,*,#1560,.T.);
#2098=ORIENTED_EDGE('',*,*,#1561,.T.);
#2099=ORIENTED_EDGE('',*,*,#1562,.T.);
#2100=ORIENTED_EDGE('',*,*,#1563,.T.);
#2101=ORIENTED_EDGE('',*,*,#1564,.T.);
#2102=ORIENTED_EDGE('',*,*,#1565,.T.);
#2103=ORIENTED_EDGE('',*,*,#1566,.T.);
#2104=ORIENTED_EDGE('',*,*,#1567,.T.);
#2105=ORIENTED_EDGE('',*,*,#1568,.T.);
#2106=ORIENTED_EDGE('',*,*,#1569,.T.);
#2107=ORIENTED_EDGE('',*,*,#1570,.F.);
#2108=ORIENTED_EDGE('',*,*,#1571,.F.);
#2109=ORIENTED_EDGE('',*,*,#1572,.T.);
#2110=ORIENTED_EDGE('',*,*,#1573,.F.);
#2111=ORIENTED_EDGE('',*,*,#1574,.T.);
#2112=ORIENTED_EDGE('',*,*,#1575,.T.);
#2113=ORIENTED_EDGE('',*,*,#1576,.T.);
#2114=ORIENTED_EDGE('',*,*,#1577,.T.);
#2115=ORIENTED_EDGE('',*,*,#1578,.T.);
#2116=ORIENTED_EDGE('',*,*,#1579,.T.);
#2117=ORIENTED_EDGE('',*,*,#1580,.T.);
#2118=ORIENTED_EDGE('',*,*,#1581,.T.);
#2119=ORIENTED_EDGE('',*,*,#1582,.T.);
#2120=ORIENTED_EDGE('',*,*,#1583,.T.);
#2121=ORIENTED_EDGE('',*,*,#1584,.T.);
#2122=ORIENTED_EDGE('',*,*,#1585,.T.);
#2123=ORIENTED_EDGE('',*,*,#1586,.T.);
#2124=ORIENTED_EDGE('',*,*,#1587,.T.);
#2125=ORIENTED_EDGE('',*,*,#1588,.T.);
#2126=ORIENTED_EDGE('',*,*,#1589,.T.);
#2127=ORIENTED_EDGE('',*,*,#1590,.T.);
#2128=ORIENTED_EDGE('',*,*,#1591,.T.);
#2129=ORIENTED_EDGE('',*,*,#1592,.T.);
#2130=ORIENTED_EDGE('',*,*,#1593,.T.);
#2131=ORIENTED_EDGE('',*,*,#1594,.T.);
#2132=ORIENTED_EDGE('',*,*,#1595,.T.);
#2133=ORIENTED_EDGE('',*,*,#1596,.T.);
#2134=ORIENTED_EDGE('',*,*,#1597,.T.);
#2135=ORIENTED_EDGE('',*,*,#1598,.T.);
#2136=ORIENTED_EDGE('',*,*,#1599,.T.);
#2137=ORIENTED_EDGE('',*,*,#1600,.T.);
#2138=ORIENTED_EDGE('',*,*,#1601,.T.);
#2139=ORIENTED_EDGE('',*,*,#1602,.T.);
#2140=ORIENTED_EDGE('',*,*,#1603,.T.);
#2141=ORIENTED_EDGE('',*,*,#1604,.T.);
#2142=ORIENTED_EDGE('',*,*,#1605,.T.);
#2143=ORIENTED_EDGE('',*,*,#1606,.T.);
#2144=ORIENTED_EDGE('',*,*,#1607,.T.);
#2145=ORIENTED_EDGE('',*,*,#1608,.F.);
#2146=ORIENTED_EDGE('',*,*,#1609,.T.);
#2147=ORIENTED_EDGE('',*,*,#1610,.T.);
#2148=ORIENTED_EDGE('',*,*,#1611,.T.);
#2149=ORIENTED_EDGE('',*,*,#1612,.T.);
#2150=ORIENTED_EDGE('',*,*,#1613,.T.);
#2151=ORIENTED_EDGE('',*,*,#1614,.T.);
#2152=ORIENTED_EDGE('',*,*,#1615,.T.);
#2153=ORIENTED_EDGE('',*,*,#1616,.T.);
#2154=ORIENTED_EDGE('',*,*,#1617,.T.);
#2155=ORIENTED_EDGE('',*,*,#1618,.T.);
#2156=ORIENTED_EDGE('',*,*,#1619,.T.);
#2157=ORIENTED_EDGE('',*,*,#1620,.T.);
#2158=ORIENTED_EDGE('',*,*,#1621,.T.);
#2159=ORIENTED_EDGE('',*,*,#1622,.T.);
#2160=ORIENTED_EDGE('',*,*,#1623,.T.);
#2161=ORIENTED_EDGE('',*,*,#1624,.T.);
#2162=ORIENTED_EDGE('',*,*,#1625,.T.);
#2163=ORIENTED_EDGE('',*,*,#1626,.T.);
#2164=ORIENTED_EDGE('',*,*,#1627,.T.);
#2165=ORIENTED_EDGE('',*,*,#1628,.T.);
#2166=ORIENTED_EDGE('',*,*,#1629,.T.);
#2167=ORIENTED_EDGE('',*,*,#1630,.T.);
#2168=ORIENTED_EDGE('',*,*,#1631,.T.);
#2169=ORIENTED_EDGE('',*,*,#1632,.T.);
#2170=ORIENTED_EDGE('',*,*,#1633,.T.);
#2171=ORIENTED_EDGE('',*,*,#1634,.T.);
#2172=ORIENTED_EDGE('',*,*,#1635,.T.);
#2173=ORIENTED_EDGE('',*,*,#1636,.T.);
#2174=ORIENTED_EDGE('',*,*,#1637,.T.);
#2175=ORIENTED_EDGE('',*,*,#1638,.T.);
#2176=ORIENTED_EDGE('',*,*,#1639,.T.);
#2177=ORIENTED_EDGE('',*,*,#1640,.T.);
#2178=ORIENTED_EDGE('',*,*,#1641,.T.);
#2179=ORIENTED_EDGE('',*,*,#1642,.T.);
#2180=ORIENTED_EDGE('',*,*,#1643,.F.);
#2181=ORIENTED_EDGE('',*,*,#1644,.T.);
#2182=ORIENTED_EDGE('',*,*,#1645,.T.);
#2183=ORIENTED_EDGE('',*,*,#1646,.T.);
#2184=ORIENTED_EDGE('',*,*,#1647,.T.);
#2185=ORIENTED_EDGE('',*,*,#1648,.T.);
#2186=ORIENTED_EDGE('',*,*,#1649,.T.);
#2187=ORIENTED_EDGE('',*,*,#1650,.T.);
#2188=ORIENTED_EDGE('',*,*,#1651,.T.);
#2189=ORIENTED_EDGE('',*,*,#1652,.T.);
#2190=ORIENTED_EDGE('',*,*,#1653,.T.);
#2191=ORIENTED_EDGE('',*,*,#1654,.T.);
#2192=ORIENTED_EDGE('',*,*,#1655,.T.);
#2193=ORIENTED_EDGE('',*,*,#1656,.T.);
#2194=ORIENTED_EDGE('',*,*,#1657,.T.);
#2195=ORIENTED_EDGE('',*,*,#1658,.T.);
#2196=ORIENTED_EDGE('',*,*,#1659,.T.);
#2197=ORIENTED_EDGE('',*,*,#1660,.T.);
#2198=ORIENTED_EDGE('',*,*,#1661,.T.);
#2199=ORIENTED_EDGE('',*,*,#1662,.T.);
#2200=ORIENTED_EDGE('',*,*,#1663,.T.);
#2201=ORIENTED_EDGE('',*,*,#1664,.T.);
#2202=ORIENTED_EDGE('',*,*,#1665,.T.);
#2203=ORIENTED_EDGE('',*,*,#1666,.T.);
#2204=ORIENTED_EDGE('',*,*,#1667,.T.);
#2205=ORIENTED_EDGE('',*,*,#1668,.T.);
#2206=ORIENTED_EDGE('',*,*,#1669,.T.);
#2207=ORIENTED_EDGE('',*,*,#1670,.T.);
#2208=ORIENTED_EDGE('',*,*,#1671,.T.);
#2209=ORIENTED_EDGE('',*,*,#1672,.T.);
#2210=ORIENTED_EDGE('',*,*,#1673,.T.);
#2211=ORIENTED_EDGE('',*,*,#1674,.T.);
#2212=ORIENTED_EDGE('',*,*,#1675,.T.);
#2213=ORIENTED_EDGE('',*,*,#1676,.T.);
#2214=ORIENTED_EDGE('',*,*,#1677,.T.);
#2215=ORIENTED_EDGE('',*,*,#1678,.T.);
#2216=ORIENTED_EDGE('',*,*,#1679,.T.);
#2217=ORIENTED_EDGE('',*,*,#1680,.T.);
#2218=ORIENTED_EDGE('',*,*,#1681,.F.);
#2219=ORIENTED_EDGE('',*,*,#1682,.T.);
#2220=ORIENTED_EDGE('',*,*,#1683,.T.);
#2221=ORIENTED_EDGE('',*,*,#1684,.T.);
#2222=ORIENTED_EDGE('',*,*,#1685,.T.);
#2223=ORIENTED_EDGE('',*,*,#1686,.T.);
#2224=ORIENTED_EDGE('',*,*,#1687,.T.);
#2225=ORIENTED_EDGE('',*,*,#1688,.T.);
#2226=ORIENTED_EDGE('',*,*,#1689,.T.);
#2227=ORIENTED_EDGE('',*,*,#1690,.T.);
#2228=ORIENTED_EDGE('',*,*,#1691,.T.);
#2229=ORIENTED_EDGE('',*,*,#1692,.T.);
#2230=ORIENTED_EDGE('',*,*,#1693,.T.);
#2231=ORIENTED_EDGE('',*,*,#1694,.T.);
#2232=ORIENTED_EDGE('',*,*,#1695,.T.);
#2233=ORIENTED_EDGE('',*,*,#1696,.T.);
#2234=ORIENTED_EDGE('',*,*,#1697,.T.);
#2235=ORIENTED_EDGE('',*,*,#1698,.T.);
#2236=ORIENTED_EDGE('',*,*,#1699,.T.);
#2237=ORIENTED_EDGE('',*,*,#1700,.T.);
#2238=ORIENTED_EDGE('',*,*,#1701,.T.);
#2239=ORIENTED_EDGE('',*,*,#1702,.T.);
#2240=ORIENTED_EDGE('',*,*,#1703,.T.);
#2241=ORIENTED_EDGE('',*,*,#1704,.T.);
#2242=ORIENTED_EDGE('',*,*,#1705,.T.);
#2243=ORIENTED_EDGE('',*,*,#1706,.T.);
#2244=ORIENTED_EDGE('',*,*,#1707,.T.);
#2245=ORIENTED_EDGE('',*,*,#1708,.T.);
#2246=ORIENTED_EDGE('',*,*,#1709,.T.);
#2247=ORIENTED_EDGE('',*,*,#1555,.F.);
#2248=ORIENTED_EDGE('',*,*,#1551,.T.);
#2249=ORIENTED_EDGE('',*,*,#1710,.F.);
#2250=ORIENTED_EDGE('',*,*,#1711,.F.);
#2251=ORIENTED_EDGE('',*,*,#1558,.F.);
#2252=ORIENTED_EDGE('',*,*,#1711,.T.);
#2253=ORIENTED_EDGE('',*,*,#1712,.F.);
#2254=ORIENTED_EDGE('',*,*,#1713,.F.);
#2255=ORIENTED_EDGE('',*,*,#1559,.F.);
#2256=ORIENTED_EDGE('',*,*,#1554,.T.);
#2257=ORIENTED_EDGE('',*,*,#1557,.F.);
#2258=ORIENTED_EDGE('',*,*,#1714,.T.);
#2259=ORIENTED_EDGE('',*,*,#1715,.T.);
#2260=ORIENTED_EDGE('',*,*,#1716,.T.);
#2261=ORIENTED_EDGE('',*,*,#1717,.T.);
#2262=ORIENTED_EDGE('',*,*,#1718,.T.);
#2263=ORIENTED_EDGE('',*,*,#1719,.T.);
#2264=ORIENTED_EDGE('',*,*,#1720,.T.);
#2265=ORIENTED_EDGE('',*,*,#1721,.T.);
#2266=ORIENTED_EDGE('',*,*,#1722,.T.);
#2267=ORIENTED_EDGE('',*,*,#1723,.T.);
#2268=ORIENTED_EDGE('',*,*,#1724,.T.);
#2269=ORIENTED_EDGE('',*,*,#1725,.T.);
#2270=ORIENTED_EDGE('',*,*,#1726,.T.);
#2271=ORIENTED_EDGE('',*,*,#1727,.T.);
#2272=ORIENTED_EDGE('',*,*,#1728,.T.);
#2273=ORIENTED_EDGE('',*,*,#1729,.T.);
#2274=ORIENTED_EDGE('',*,*,#1730,.T.);
#2275=ORIENTED_EDGE('',*,*,#1731,.T.);
#2276=ORIENTED_EDGE('',*,*,#1732,.T.);
#2277=ORIENTED_EDGE('',*,*,#1733,.T.);
#2278=ORIENTED_EDGE('',*,*,#1734,.T.);
#2279=ORIENTED_EDGE('',*,*,#1735,.T.);
#2280=ORIENTED_EDGE('',*,*,#1736,.T.);
#2281=ORIENTED_EDGE('',*,*,#1737,.T.);
#2282=ORIENTED_EDGE('',*,*,#1738,.T.);
#2283=ORIENTED_EDGE('',*,*,#1739,.T.);
#2284=ORIENTED_EDGE('',*,*,#1740,.T.);
#2285=ORIENTED_EDGE('',*,*,#1741,.T.);
#2286=ORIENTED_EDGE('',*,*,#1742,.F.);
#2287=ORIENTED_EDGE('',*,*,#1743,.T.);
#2288=ORIENTED_EDGE('',*,*,#1744,.T.);
#2289=ORIENTED_EDGE('',*,*,#1745,.T.);
#2290=ORIENTED_EDGE('',*,*,#1746,.T.);
#2291=ORIENTED_EDGE('',*,*,#1747,.T.);
#2292=ORIENTED_EDGE('',*,*,#1748,.T.);
#2293=ORIENTED_EDGE('',*,*,#1749,.T.);
#2294=ORIENTED_EDGE('',*,*,#1750,.T.);
#2295=ORIENTED_EDGE('',*,*,#1751,.T.);
#2296=ORIENTED_EDGE('',*,*,#1752,.T.);
#2297=ORIENTED_EDGE('',*,*,#1753,.T.);
#2298=ORIENTED_EDGE('',*,*,#1754,.T.);
#2299=ORIENTED_EDGE('',*,*,#1755,.T.);
#2300=ORIENTED_EDGE('',*,*,#1756,.T.);
#2301=ORIENTED_EDGE('',*,*,#1757,.T.);
#2302=ORIENTED_EDGE('',*,*,#1758,.T.);
#2303=ORIENTED_EDGE('',*,*,#1759,.T.);
#2304=ORIENTED_EDGE('',*,*,#1760,.T.);
#2305=ORIENTED_EDGE('',*,*,#1761,.T.);
#2306=ORIENTED_EDGE('',*,*,#1762,.T.);
#2307=ORIENTED_EDGE('',*,*,#1763,.T.);
#2308=ORIENTED_EDGE('',*,*,#1764,.T.);
#2309=ORIENTED_EDGE('',*,*,#1765,.T.);
#2310=ORIENTED_EDGE('',*,*,#1766,.T.);
#2311=ORIENTED_EDGE('',*,*,#1767,.T.);
#2312=ORIENTED_EDGE('',*,*,#1768,.T.);
#2313=ORIENTED_EDGE('',*,*,#1769,.T.);
#2314=ORIENTED_EDGE('',*,*,#1770,.T.);
#2315=ORIENTED_EDGE('',*,*,#1771,.T.);
#2316=ORIENTED_EDGE('',*,*,#1772,.T.);
#2317=ORIENTED_EDGE('',*,*,#1773,.T.);
#2318=ORIENTED_EDGE('',*,*,#1774,.T.);
#2319=ORIENTED_EDGE('',*,*,#1775,.T.);
#2320=ORIENTED_EDGE('',*,*,#1776,.T.);
#2321=ORIENTED_EDGE('',*,*,#1777,.T.);
#2322=ORIENTED_EDGE('',*,*,#1778,.T.);
#2323=ORIENTED_EDGE('',*,*,#1779,.T.);
#2324=ORIENTED_EDGE('',*,*,#1780,.F.);
#2325=ORIENTED_EDGE('',*,*,#1781,.T.);
#2326=ORIENTED_EDGE('',*,*,#1782,.T.);
#2327=ORIENTED_EDGE('',*,*,#1783,.T.);
#2328=ORIENTED_EDGE('',*,*,#1784,.T.);
#2329=ORIENTED_EDGE('',*,*,#1785,.T.);
#2330=ORIENTED_EDGE('',*,*,#1786,.T.);
#2331=ORIENTED_EDGE('',*,*,#1787,.T.);
#2332=ORIENTED_EDGE('',*,*,#1788,.T.);
#2333=ORIENTED_EDGE('',*,*,#1789,.T.);
#2334=ORIENTED_EDGE('',*,*,#1790,.T.);
#2335=ORIENTED_EDGE('',*,*,#1791,.T.);
#2336=ORIENTED_EDGE('',*,*,#1792,.T.);
#2337=ORIENTED_EDGE('',*,*,#1793,.T.);
#2338=ORIENTED_EDGE('',*,*,#1794,.T.);
#2339=ORIENTED_EDGE('',*,*,#1795,.T.);
#2340=ORIENTED_EDGE('',*,*,#1796,.T.);
#2341=ORIENTED_EDGE('',*,*,#1797,.T.);
#2342=ORIENTED_EDGE('',*,*,#1798,.T.);
#2343=ORIENTED_EDGE('',*,*,#1799,.T.);
#2344=ORIENTED_EDGE('',*,*,#1800,.T.);
#2345=ORIENTED_EDGE('',*,*,#1801,.T.);
#2346=ORIENTED_EDGE('',*,*,#1802,.T.);
#2347=ORIENTED_EDGE('',*,*,#1803,.T.);
#2348=ORIENTED_EDGE('',*,*,#1804,.T.);
#2349=ORIENTED_EDGE('',*,*,#1805,.T.);
#2350=ORIENTED_EDGE('',*,*,#1806,.T.);
#2351=ORIENTED_EDGE('',*,*,#1807,.T.);
#2352=ORIENTED_EDGE('',*,*,#1808,.T.);
#2353=ORIENTED_EDGE('',*,*,#1809,.T.);
#2354=ORIENTED_EDGE('',*,*,#1810,.T.);
#2355=ORIENTED_EDGE('',*,*,#1811,.T.);
#2356=ORIENTED_EDGE('',*,*,#1812,.T.);
#2357=ORIENTED_EDGE('',*,*,#1813,.T.);
#2358=ORIENTED_EDGE('',*,*,#1814,.T.);
#2359=ORIENTED_EDGE('',*,*,#1815,.F.);
#2360=ORIENTED_EDGE('',*,*,#1816,.T.);
#2361=ORIENTED_EDGE('',*,*,#1817,.T.);
#2362=ORIENTED_EDGE('',*,*,#1818,.T.);
#2363=ORIENTED_EDGE('',*,*,#1819,.T.);
#2364=ORIENTED_EDGE('',*,*,#1820,.T.);
#2365=ORIENTED_EDGE('',*,*,#1821,.T.);
#2366=ORIENTED_EDGE('',*,*,#1822,.T.);
#2367=ORIENTED_EDGE('',*,*,#1823,.T.);
#2368=ORIENTED_EDGE('',*,*,#1824,.T.);
#2369=ORIENTED_EDGE('',*,*,#1825,.T.);
#2370=ORIENTED_EDGE('',*,*,#1826,.T.);
#2371=ORIENTED_EDGE('',*,*,#1827,.T.);
#2372=ORIENTED_EDGE('',*,*,#1828,.T.);
#2373=ORIENTED_EDGE('',*,*,#1829,.T.);
#2374=ORIENTED_EDGE('',*,*,#1830,.T.);
#2375=ORIENTED_EDGE('',*,*,#1831,.T.);
#2376=ORIENTED_EDGE('',*,*,#1832,.T.);
#2377=ORIENTED_EDGE('',*,*,#1833,.T.);
#2378=ORIENTED_EDGE('',*,*,#1834,.T.);
#2379=ORIENTED_EDGE('',*,*,#1835,.T.);
#2380=ORIENTED_EDGE('',*,*,#1836,.T.);
#2381=ORIENTED_EDGE('',*,*,#1837,.T.);
#2382=ORIENTED_EDGE('',*,*,#1838,.T.);
#2383=ORIENTED_EDGE('',*,*,#1839,.T.);
#2384=ORIENTED_EDGE('',*,*,#1840,.T.);
#2385=ORIENTED_EDGE('',*,*,#1841,.T.);
#2386=ORIENTED_EDGE('',*,*,#1842,.T.);
#2387=ORIENTED_EDGE('',*,*,#1843,.T.);
#2388=ORIENTED_EDGE('',*,*,#1844,.T.);
#2389=ORIENTED_EDGE('',*,*,#1845,.T.);
#2390=ORIENTED_EDGE('',*,*,#1846,.T.);
#2391=ORIENTED_EDGE('',*,*,#1847,.T.);
#2392=ORIENTED_EDGE('',*,*,#1848,.T.);
#2393=ORIENTED_EDGE('',*,*,#1849,.T.);
#2394=ORIENTED_EDGE('',*,*,#1850,.F.);
#2395=ORIENTED_EDGE('',*,*,#1851,.T.);
#2396=ORIENTED_EDGE('',*,*,#1852,.F.);
#2397=ORIENTED_EDGE('',*,*,#1853,.T.);
#2398=ORIENTED_EDGE('',*,*,#1854,.T.);
#2399=ORIENTED_EDGE('',*,*,#1855,.T.);
#2400=ORIENTED_EDGE('',*,*,#1856,.T.);
#2401=ORIENTED_EDGE('',*,*,#1857,.T.);
#2402=ORIENTED_EDGE('',*,*,#1858,.T.);
#2403=ORIENTED_EDGE('',*,*,#1859,.T.);
#2404=ORIENTED_EDGE('',*,*,#1860,.T.);
#2405=ORIENTED_EDGE('',*,*,#1861,.T.);
#2406=ORIENTED_EDGE('',*,*,#1862,.T.);
#2407=ORIENTED_EDGE('',*,*,#1863,.T.);
#2408=ORIENTED_EDGE('',*,*,#1712,.T.);
#2409=ORIENTED_EDGE('',*,*,#1710,.T.);
#2410=ORIENTED_EDGE('',*,*,#1713,.T.);
#2411=ORIENTED_EDGE('',*,*,#1863,.F.);
#2412=ORIENTED_EDGE('',*,*,#1864,.F.);
#2413=ORIENTED_EDGE('',*,*,#1560,.F.);
#2414=ORIENTED_EDGE('',*,*,#1864,.T.);
#2415=ORIENTED_EDGE('',*,*,#1862,.F.);
#2416=ORIENTED_EDGE('',*,*,#1865,.F.);
#2417=ORIENTED_EDGE('',*,*,#1561,.F.);
#2418=ORIENTED_EDGE('',*,*,#1865,.T.);
#2419=ORIENTED_EDGE('',*,*,#1861,.F.);
#2420=ORIENTED_EDGE('',*,*,#1866,.F.);
#2421=ORIENTED_EDGE('',*,*,#1562,.F.);
#2422=ORIENTED_EDGE('',*,*,#1866,.T.);
#2423=ORIENTED_EDGE('',*,*,#1860,.F.);
#2424=ORIENTED_EDGE('',*,*,#1867,.F.);
#2425=ORIENTED_EDGE('',*,*,#1563,.F.);
#2426=ORIENTED_EDGE('',*,*,#1867,.T.);
#2427=ORIENTED_EDGE('',*,*,#1859,.F.);
#2428=ORIENTED_EDGE('',*,*,#1868,.F.);
#2429=ORIENTED_EDGE('',*,*,#1564,.F.);
#2430=ORIENTED_EDGE('',*,*,#1868,.T.);
#2431=ORIENTED_EDGE('',*,*,#1858,.F.);
#2432=ORIENTED_EDGE('',*,*,#1869,.F.);
#2433=ORIENTED_EDGE('',*,*,#1565,.F.);
#2434=ORIENTED_EDGE('',*,*,#1869,.T.);
#2435=ORIENTED_EDGE('',*,*,#1857,.F.);
#2436=ORIENTED_EDGE('',*,*,#1870,.F.);
#2437=ORIENTED_EDGE('',*,*,#1566,.F.);
#2438=ORIENTED_EDGE('',*,*,#1870,.T.);
#2439=ORIENTED_EDGE('',*,*,#1856,.F.);
#2440=ORIENTED_EDGE('',*,*,#1871,.F.);
#2441=ORIENTED_EDGE('',*,*,#1567,.F.);
#2442=ORIENTED_EDGE('',*,*,#1871,.T.);
#2443=ORIENTED_EDGE('',*,*,#1855,.F.);
#2444=ORIENTED_EDGE('',*,*,#1872,.F.);
#2445=ORIENTED_EDGE('',*,*,#1568,.F.);
#2446=ORIENTED_EDGE('',*,*,#1872,.T.);
#2447=ORIENTED_EDGE('',*,*,#1854,.F.);
#2448=ORIENTED_EDGE('',*,*,#1873,.F.);
#2449=ORIENTED_EDGE('',*,*,#1569,.F.);
#2450=ORIENTED_EDGE('',*,*,#1873,.T.);
#2451=ORIENTED_EDGE('',*,*,#1853,.F.);
#2452=ORIENTED_EDGE('',*,*,#1874,.F.);
#2453=ORIENTED_EDGE('',*,*,#1570,.T.);
#2454=ORIENTED_EDGE('',*,*,#1875,.F.);
#2455=ORIENTED_EDGE('',*,*,#1682,.F.);
#2456=ORIENTED_EDGE('',*,*,#1876,.F.);
#2457=ORIENTED_EDGE('',*,*,#1741,.F.);
#2458=ORIENTED_EDGE('',*,*,#1876,.T.);
#2459=ORIENTED_EDGE('',*,*,#1681,.T.);
#2460=ORIENTED_EDGE('',*,*,#1877,.T.);
#2461=ORIENTED_EDGE('',*,*,#1742,.T.);
#2462=ORIENTED_EDGE('',*,*,#1875,.T.);
#2463=ORIENTED_EDGE('',*,*,#1740,.F.);
#2464=ORIENTED_EDGE('',*,*,#1878,.F.);
#2465=ORIENTED_EDGE('',*,*,#1683,.F.);
#2466=ORIENTED_EDGE('',*,*,#1878,.T.);
#2467=ORIENTED_EDGE('',*,*,#1739,.F.);
#2468=ORIENTED_EDGE('',*,*,#1879,.F.);
#2469=ORIENTED_EDGE('',*,*,#1684,.F.);
#2470=ORIENTED_EDGE('',*,*,#1879,.T.);
#2471=ORIENTED_EDGE('',*,*,#1738,.F.);
#2472=ORIENTED_EDGE('',*,*,#1880,.F.);
#2473=ORIENTED_EDGE('',*,*,#1685,.F.);
#2474=ORIENTED_EDGE('',*,*,#1880,.T.);
#2475=ORIENTED_EDGE('',*,*,#1737,.F.);
#2476=ORIENTED_EDGE('',*,*,#1881,.F.);
#2477=ORIENTED_EDGE('',*,*,#1686,.F.);
#2478=ORIENTED_EDGE('',*,*,#1881,.T.);
#2479=ORIENTED_EDGE('',*,*,#1736,.F.);
#2480=ORIENTED_EDGE('',*,*,#1882,.F.);
#2481=ORIENTED_EDGE('',*,*,#1687,.F.);
#2482=ORIENTED_EDGE('',*,*,#1882,.T.);
#2483=ORIENTED_EDGE('',*,*,#1735,.F.);
#2484=ORIENTED_EDGE('',*,*,#1883,.F.);
#2485=ORIENTED_EDGE('',*,*,#1688,.F.);
#2486=ORIENTED_EDGE('',*,*,#1883,.T.);
#2487=ORIENTED_EDGE('',*,*,#1734,.F.);
#2488=ORIENTED_EDGE('',*,*,#1884,.F.);
#2489=ORIENTED_EDGE('',*,*,#1689,.F.);
#2490=ORIENTED_EDGE('',*,*,#1885,.F.);
#2491=ORIENTED_EDGE('',*,*,#1714,.F.);
#2492=ORIENTED_EDGE('',*,*,#1556,.F.);
#2493=ORIENTED_EDGE('',*,*,#1709,.F.);
#2494=ORIENTED_EDGE('',*,*,#1884,.T.);
#2495=ORIENTED_EDGE('',*,*,#1733,.F.);
#2496=ORIENTED_EDGE('',*,*,#1886,.F.);
#2497=ORIENTED_EDGE('',*,*,#1690,.F.);
#2498=ORIENTED_EDGE('',*,*,#1885,.T.);
#2499=ORIENTED_EDGE('',*,*,#1708,.F.);
#2500=ORIENTED_EDGE('',*,*,#1887,.F.);
#2501=ORIENTED_EDGE('',*,*,#1715,.F.);
#2502=ORIENTED_EDGE('',*,*,#1887,.T.);
#2503=ORIENTED_EDGE('',*,*,#1707,.F.);
#2504=ORIENTED_EDGE('',*,*,#1888,.F.);
#2505=ORIENTED_EDGE('',*,*,#1716,.F.);
#2506=ORIENTED_EDGE('',*,*,#1886,.T.);
#2507=ORIENTED_EDGE('',*,*,#1732,.F.);
#2508=ORIENTED_EDGE('',*,*,#1889,.F.);
#2509=ORIENTED_EDGE('',*,*,#1691,.F.);
#2510=ORIENTED_EDGE('',*,*,#1889,.T.);
#2511=ORIENTED_EDGE('',*,*,#1731,.F.);
#2512=ORIENTED_EDGE('',*,*,#1890,.F.);
#2513=ORIENTED_EDGE('',*,*,#1692,.F.);
#2514=ORIENTED_EDGE('',*,*,#1888,.T.);
#2515=ORIENTED_EDGE('',*,*,#1706,.F.);
#2516=ORIENTED_EDGE('',*,*,#1891,.T.);
#2517=ORIENTED_EDGE('',*,*,#1717,.F.);
#2518=ORIENTED_EDGE('',*,*,#1890,.T.);
#2519=ORIENTED_EDGE('',*,*,#1730,.F.);
#2520=ORIENTED_EDGE('',*,*,#1892,.F.);
#2521=ORIENTED_EDGE('',*,*,#1693,.F.);
#2522=ORIENTED_EDGE('',*,*,#1892,.T.);
#2523=ORIENTED_EDGE('',*,*,#1729,.F.);
#2524=ORIENTED_EDGE('',*,*,#1893,.F.);
#2525=ORIENTED_EDGE('',*,*,#1694,.F.);
#2526=ORIENTED_EDGE('',*,*,#1893,.T.);
#2527=ORIENTED_EDGE('',*,*,#1728,.F.);
#2528=ORIENTED_EDGE('',*,*,#1894,.F.);
#2529=ORIENTED_EDGE('',*,*,#1695,.F.);
#2530=ORIENTED_EDGE('',*,*,#1894,.T.);
#2531=ORIENTED_EDGE('',*,*,#1727,.F.);
#2532=ORIENTED_EDGE('',*,*,#1895,.F.);
#2533=ORIENTED_EDGE('',*,*,#1696,.F.);
#2534=ORIENTED_EDGE('',*,*,#1895,.T.);
#2535=ORIENTED_EDGE('',*,*,#1726,.F.);
#2536=ORIENTED_EDGE('',*,*,#1896,.F.);
#2537=ORIENTED_EDGE('',*,*,#1697,.F.);
#2538=ORIENTED_EDGE('',*,*,#1896,.T.);
#2539=ORIENTED_EDGE('',*,*,#1725,.F.);
#2540=ORIENTED_EDGE('',*,*,#1897,.F.);
#2541=ORIENTED_EDGE('',*,*,#1698,.F.);
#2542=ORIENTED_EDGE('',*,*,#1897,.T.);
#2543=ORIENTED_EDGE('',*,*,#1724,.F.);
#2544=ORIENTED_EDGE('',*,*,#1898,.F.);
#2545=ORIENTED_EDGE('',*,*,#1699,.F.);
#2546=ORIENTED_EDGE('',*,*,#1898,.T.);
#2547=ORIENTED_EDGE('',*,*,#1723,.F.);
#2548=ORIENTED_EDGE('',*,*,#1899,.F.);
#2549=ORIENTED_EDGE('',*,*,#1700,.F.);
#2550=ORIENTED_EDGE('',*,*,#1899,.T.);
#2551=ORIENTED_EDGE('',*,*,#1722,.F.);
#2552=ORIENTED_EDGE('',*,*,#1900,.F.);
#2553=ORIENTED_EDGE('',*,*,#1701,.F.);
#2554=ORIENTED_EDGE('',*,*,#1900,.T.);
#2555=ORIENTED_EDGE('',*,*,#1721,.F.);
#2556=ORIENTED_EDGE('',*,*,#1901,.F.);
#2557=ORIENTED_EDGE('',*,*,#1702,.F.);
#2558=ORIENTED_EDGE('',*,*,#1901,.T.);
#2559=ORIENTED_EDGE('',*,*,#1720,.F.);
#2560=ORIENTED_EDGE('',*,*,#1902,.F.);
#2561=ORIENTED_EDGE('',*,*,#1703,.F.);
#2562=ORIENTED_EDGE('',*,*,#1902,.T.);
#2563=ORIENTED_EDGE('',*,*,#1719,.F.);
#2564=ORIENTED_EDGE('',*,*,#1903,.F.);
#2565=ORIENTED_EDGE('',*,*,#1704,.F.);
#2566=ORIENTED_EDGE('',*,*,#1903,.T.);
#2567=ORIENTED_EDGE('',*,*,#1718,.F.);
#2568=ORIENTED_EDGE('',*,*,#1891,.F.);
#2569=ORIENTED_EDGE('',*,*,#1705,.F.);
#2570=ORIENTED_EDGE('',*,*,#1904,.F.);
#2571=ORIENTED_EDGE('',*,*,#1779,.F.);
#2572=ORIENTED_EDGE('',*,*,#1905,.F.);
#2573=ORIENTED_EDGE('',*,*,#1644,.F.);
#2574=ORIENTED_EDGE('',*,*,#1905,.T.);
#2575=ORIENTED_EDGE('',*,*,#1778,.F.);
#2576=ORIENTED_EDGE('',*,*,#1906,.F.);
#2577=ORIENTED_EDGE('',*,*,#1645,.F.);
#2578=ORIENTED_EDGE('',*,*,#1904,.T.);
#2579=ORIENTED_EDGE('',*,*,#1643,.T.);
#2580=ORIENTED_EDGE('',*,*,#1907,.T.);
#2581=ORIENTED_EDGE('',*,*,#1780,.T.);
#2582=ORIENTED_EDGE('',*,*,#1906,.T.);
#2583=ORIENTED_EDGE('',*,*,#1777,.F.);
#2584=ORIENTED_EDGE('',*,*,#1908,.F.);
#2585=ORIENTED_EDGE('',*,*,#1646,.F.);
#2586=ORIENTED_EDGE('',*,*,#1908,.T.);
#2587=ORIENTED_EDGE('',*,*,#1776,.F.);
#2588=ORIENTED_EDGE('',*,*,#1909,.F.);
#2589=ORIENTED_EDGE('',*,*,#1647,.F.);
#2590=ORIENTED_EDGE('',*,*,#1909,.T.);
#2591=ORIENTED_EDGE('',*,*,#1775,.F.);
#2592=ORIENTED_EDGE('',*,*,#1910,.F.);
#2593=ORIENTED_EDGE('',*,*,#1648,.F.);
#2594=ORIENTED_EDGE('',*,*,#1910,.T.);
#2595=ORIENTED_EDGE('',*,*,#1774,.F.);
#2596=ORIENTED_EDGE('',*,*,#1911,.F.);
#2597=ORIENTED_EDGE('',*,*,#1649,.F.);
#2598=ORIENTED_EDGE('',*,*,#1911,.T.);
#2599=ORIENTED_EDGE('',*,*,#1773,.F.);
#2600=ORIENTED_EDGE('',*,*,#1912,.F.);
#2601=ORIENTED_EDGE('',*,*,#1650,.F.);
#2602=ORIENTED_EDGE('',*,*,#1912,.T.);
#2603=ORIENTED_EDGE('',*,*,#1772,.F.);
#2604=ORIENTED_EDGE('',*,*,#1913,.F.);
#2605=ORIENTED_EDGE('',*,*,#1651,.F.);
#2606=ORIENTED_EDGE('',*,*,#1913,.T.);
#2607=ORIENTED_EDGE('',*,*,#1771,.F.);
#2608=ORIENTED_EDGE('',*,*,#1914,.F.);
#2609=ORIENTED_EDGE('',*,*,#1652,.F.);
#2610=ORIENTED_EDGE('',*,*,#1914,.T.);
#2611=ORIENTED_EDGE('',*,*,#1770,.F.);
#2612=ORIENTED_EDGE('',*,*,#1915,.F.);
#2613=ORIENTED_EDGE('',*,*,#1653,.F.);
#2614=ORIENTED_EDGE('',*,*,#1915,.T.);
#2615=ORIENTED_EDGE('',*,*,#1769,.F.);
#2616=ORIENTED_EDGE('',*,*,#1916,.F.);
#2617=ORIENTED_EDGE('',*,*,#1654,.F.);
#2618=ORIENTED_EDGE('',*,*,#1916,.T.);
#2619=ORIENTED_EDGE('',*,*,#1768,.F.);
#2620=ORIENTED_EDGE('',*,*,#1917,.F.);
#2621=ORIENTED_EDGE('',*,*,#1655,.F.);
#2622=ORIENTED_EDGE('',*,*,#1917,.T.);
#2623=ORIENTED_EDGE('',*,*,#1767,.F.);
#2624=ORIENTED_EDGE('',*,*,#1918,.F.);
#2625=ORIENTED_EDGE('',*,*,#1656,.F.);
#2626=ORIENTED_EDGE('',*,*,#1918,.T.);
#2627=ORIENTED_EDGE('',*,*,#1766,.F.);
#2628=ORIENTED_EDGE('',*,*,#1919,.F.);
#2629=ORIENTED_EDGE('',*,*,#1657,.F.);
#2630=ORIENTED_EDGE('',*,*,#1919,.T.);
#2631=ORIENTED_EDGE('',*,*,#1765,.F.);
#2632=ORIENTED_EDGE('',*,*,#1920,.F.);
#2633=ORIENTED_EDGE('',*,*,#1658,.F.);
#2634=ORIENTED_EDGE('',*,*,#1920,.T.);
#2635=ORIENTED_EDGE('',*,*,#1764,.F.);
#2636=ORIENTED_EDGE('',*,*,#1921,.F.);
#2637=ORIENTED_EDGE('',*,*,#1659,.F.);
#2638=ORIENTED_EDGE('',*,*,#1921,.T.);
#2639=ORIENTED_EDGE('',*,*,#1763,.F.);
#2640=ORIENTED_EDGE('',*,*,#1922,.F.);
#2641=ORIENTED_EDGE('',*,*,#1660,.F.);
#2642=ORIENTED_EDGE('',*,*,#1922,.T.);
#2643=ORIENTED_EDGE('',*,*,#1762,.F.);
#2644=ORIENTED_EDGE('',*,*,#1923,.F.);
#2645=ORIENTED_EDGE('',*,*,#1661,.F.);
#2646=ORIENTED_EDGE('',*,*,#1923,.T.);
#2647=ORIENTED_EDGE('',*,*,#1761,.F.);
#2648=ORIENTED_EDGE('',*,*,#1924,.F.);
#2649=ORIENTED_EDGE('',*,*,#1662,.F.);
#2650=ORIENTED_EDGE('',*,*,#1924,.T.);
#2651=ORIENTED_EDGE('',*,*,#1760,.F.);
#2652=ORIENTED_EDGE('',*,*,#1925,.F.);
#2653=ORIENTED_EDGE('',*,*,#1663,.F.);
#2654=ORIENTED_EDGE('',*,*,#1925,.T.);
#2655=ORIENTED_EDGE('',*,*,#1759,.F.);
#2656=ORIENTED_EDGE('',*,*,#1926,.F.);
#2657=ORIENTED_EDGE('',*,*,#1664,.F.);
#2658=ORIENTED_EDGE('',*,*,#1926,.T.);
#2659=ORIENTED_EDGE('',*,*,#1758,.F.);
#2660=ORIENTED_EDGE('',*,*,#1927,.F.);
#2661=ORIENTED_EDGE('',*,*,#1665,.F.);
#2662=ORIENTED_EDGE('',*,*,#1927,.T.);
#2663=ORIENTED_EDGE('',*,*,#1757,.F.);
#2664=ORIENTED_EDGE('',*,*,#1928,.F.);
#2665=ORIENTED_EDGE('',*,*,#1666,.F.);
#2666=ORIENTED_EDGE('',*,*,#1928,.T.);
#2667=ORIENTED_EDGE('',*,*,#1756,.F.);
#2668=ORIENTED_EDGE('',*,*,#1929,.F.);
#2669=ORIENTED_EDGE('',*,*,#1667,.F.);
#2670=ORIENTED_EDGE('',*,*,#1929,.T.);
#2671=ORIENTED_EDGE('',*,*,#1755,.F.);
#2672=ORIENTED_EDGE('',*,*,#1930,.F.);
#2673=ORIENTED_EDGE('',*,*,#1668,.F.);
#2674=ORIENTED_EDGE('',*,*,#1930,.T.);
#2675=ORIENTED_EDGE('',*,*,#1754,.F.);
#2676=ORIENTED_EDGE('',*,*,#1931,.F.);
#2677=ORIENTED_EDGE('',*,*,#1669,.F.);
#2678=ORIENTED_EDGE('',*,*,#1931,.T.);
#2679=ORIENTED_EDGE('',*,*,#1753,.F.);
#2680=ORIENTED_EDGE('',*,*,#1932,.F.);
#2681=ORIENTED_EDGE('',*,*,#1670,.F.);
#2682=ORIENTED_EDGE('',*,*,#1932,.T.);
#2683=ORIENTED_EDGE('',*,*,#1752,.F.);
#2684=ORIENTED_EDGE('',*,*,#1933,.F.);
#2685=ORIENTED_EDGE('',*,*,#1671,.F.);
#2686=ORIENTED_EDGE('',*,*,#1933,.T.);
#2687=ORIENTED_EDGE('',*,*,#1751,.F.);
#2688=ORIENTED_EDGE('',*,*,#1934,.F.);
#2689=ORIENTED_EDGE('',*,*,#1672,.F.);
#2690=ORIENTED_EDGE('',*,*,#1934,.T.);
#2691=ORIENTED_EDGE('',*,*,#1750,.F.);
#2692=ORIENTED_EDGE('',*,*,#1935,.F.);
#2693=ORIENTED_EDGE('',*,*,#1673,.F.);
#2694=ORIENTED_EDGE('',*,*,#1935,.T.);
#2695=ORIENTED_EDGE('',*,*,#1749,.F.);
#2696=ORIENTED_EDGE('',*,*,#1936,.F.);
#2697=ORIENTED_EDGE('',*,*,#1674,.F.);
#2698=ORIENTED_EDGE('',*,*,#1936,.T.);
#2699=ORIENTED_EDGE('',*,*,#1748,.F.);
#2700=ORIENTED_EDGE('',*,*,#1937,.F.);
#2701=ORIENTED_EDGE('',*,*,#1675,.F.);
#2702=ORIENTED_EDGE('',*,*,#1937,.T.);
#2703=ORIENTED_EDGE('',*,*,#1747,.F.);
#2704=ORIENTED_EDGE('',*,*,#1938,.F.);
#2705=ORIENTED_EDGE('',*,*,#1676,.F.);
#2706=ORIENTED_EDGE('',*,*,#1938,.T.);
#2707=ORIENTED_EDGE('',*,*,#1746,.F.);
#2708=ORIENTED_EDGE('',*,*,#1939,.F.);
#2709=ORIENTED_EDGE('',*,*,#1677,.F.);
#2710=ORIENTED_EDGE('',*,*,#1939,.T.);
#2711=ORIENTED_EDGE('',*,*,#1745,.F.);
#2712=ORIENTED_EDGE('',*,*,#1940,.F.);
#2713=ORIENTED_EDGE('',*,*,#1678,.F.);
#2714=ORIENTED_EDGE('',*,*,#1940,.T.);
#2715=ORIENTED_EDGE('',*,*,#1744,.F.);
#2716=ORIENTED_EDGE('',*,*,#1941,.F.);
#2717=ORIENTED_EDGE('',*,*,#1679,.F.);
#2718=ORIENTED_EDGE('',*,*,#1941,.T.);
#2719=ORIENTED_EDGE('',*,*,#1743,.F.);
#2720=ORIENTED_EDGE('',*,*,#1877,.F.);
#2721=ORIENTED_EDGE('',*,*,#1680,.F.);
#2722=ORIENTED_EDGE('',*,*,#1942,.F.);
#2723=ORIENTED_EDGE('',*,*,#1609,.F.);
#2724=ORIENTED_EDGE('',*,*,#1943,.F.);
#2725=ORIENTED_EDGE('',*,*,#1814,.F.);
#2726=ORIENTED_EDGE('',*,*,#1943,.T.);
#2727=ORIENTED_EDGE('',*,*,#1608,.T.);
#2728=ORIENTED_EDGE('',*,*,#1944,.T.);
#2729=ORIENTED_EDGE('',*,*,#1815,.T.);
#2730=ORIENTED_EDGE('',*,*,#1942,.T.);
#2731=ORIENTED_EDGE('',*,*,#1813,.F.);
#2732=ORIENTED_EDGE('',*,*,#1945,.F.);
#2733=ORIENTED_EDGE('',*,*,#1610,.F.);
#2734=ORIENTED_EDGE('',*,*,#1945,.T.);
#2735=ORIENTED_EDGE('',*,*,#1812,.F.);
#2736=ORIENTED_EDGE('',*,*,#1946,.F.);
#2737=ORIENTED_EDGE('',*,*,#1611,.F.);
#2738=ORIENTED_EDGE('',*,*,#1946,.T.);
#2739=ORIENTED_EDGE('',*,*,#1811,.F.);
#2740=ORIENTED_EDGE('',*,*,#1947,.F.);
#2741=ORIENTED_EDGE('',*,*,#1612,.F.);
#2742=ORIENTED_EDGE('',*,*,#1947,.T.);
#2743=ORIENTED_EDGE('',*,*,#1810,.F.);
#2744=ORIENTED_EDGE('',*,*,#1948,.F.);
#2745=ORIENTED_EDGE('',*,*,#1613,.F.);
#2746=ORIENTED_EDGE('',*,*,#1948,.T.);
#2747=ORIENTED_EDGE('',*,*,#1809,.F.);
#2748=ORIENTED_EDGE('',*,*,#1949,.F.);
#2749=ORIENTED_EDGE('',*,*,#1614,.F.);
#2750=ORIENTED_EDGE('',*,*,#1949,.T.);
#2751=ORIENTED_EDGE('',*,*,#1808,.F.);
#2752=ORIENTED_EDGE('',*,*,#1950,.F.);
#2753=ORIENTED_EDGE('',*,*,#1615,.F.);
#2754=ORIENTED_EDGE('',*,*,#1950,.T.);
#2755=ORIENTED_EDGE('',*,*,#1807,.F.);
#2756=ORIENTED_EDGE('',*,*,#1951,.F.);
#2757=ORIENTED_EDGE('',*,*,#1616,.F.);
#2758=ORIENTED_EDGE('',*,*,#1951,.T.);
#2759=ORIENTED_EDGE('',*,*,#1806,.F.);
#2760=ORIENTED_EDGE('',*,*,#1952,.F.);
#2761=ORIENTED_EDGE('',*,*,#1617,.F.);
#2762=ORIENTED_EDGE('',*,*,#1952,.T.);
#2763=ORIENTED_EDGE('',*,*,#1805,.F.);
#2764=ORIENTED_EDGE('',*,*,#1953,.F.);
#2765=ORIENTED_EDGE('',*,*,#1618,.F.);
#2766=ORIENTED_EDGE('',*,*,#1953,.T.);
#2767=ORIENTED_EDGE('',*,*,#1804,.F.);
#2768=ORIENTED_EDGE('',*,*,#1954,.F.);
#2769=ORIENTED_EDGE('',*,*,#1619,.F.);
#2770=ORIENTED_EDGE('',*,*,#1954,.T.);
#2771=ORIENTED_EDGE('',*,*,#1803,.F.);
#2772=ORIENTED_EDGE('',*,*,#1955,.F.);
#2773=ORIENTED_EDGE('',*,*,#1620,.F.);
#2774=ORIENTED_EDGE('',*,*,#1955,.T.);
#2775=ORIENTED_EDGE('',*,*,#1802,.F.);
#2776=ORIENTED_EDGE('',*,*,#1956,.F.);
#2777=ORIENTED_EDGE('',*,*,#1621,.F.);
#2778=ORIENTED_EDGE('',*,*,#1956,.T.);
#2779=ORIENTED_EDGE('',*,*,#1801,.F.);
#2780=ORIENTED_EDGE('',*,*,#1957,.F.);
#2781=ORIENTED_EDGE('',*,*,#1622,.F.);
#2782=ORIENTED_EDGE('',*,*,#1957,.T.);
#2783=ORIENTED_EDGE('',*,*,#1800,.F.);
#2784=ORIENTED_EDGE('',*,*,#1958,.F.);
#2785=ORIENTED_EDGE('',*,*,#1623,.F.);
#2786=ORIENTED_EDGE('',*,*,#1958,.T.);
#2787=ORIENTED_EDGE('',*,*,#1799,.F.);
#2788=ORIENTED_EDGE('',*,*,#1959,.F.);
#2789=ORIENTED_EDGE('',*,*,#1624,.F.);
#2790=ORIENTED_EDGE('',*,*,#1959,.T.);
#2791=ORIENTED_EDGE('',*,*,#1798,.F.);
#2792=ORIENTED_EDGE('',*,*,#1960,.F.);
#2793=ORIENTED_EDGE('',*,*,#1625,.F.);
#2794=ORIENTED_EDGE('',*,*,#1960,.T.);
#2795=ORIENTED_EDGE('',*,*,#1797,.F.);
#2796=ORIENTED_EDGE('',*,*,#1961,.F.);
#2797=ORIENTED_EDGE('',*,*,#1626,.F.);
#2798=ORIENTED_EDGE('',*,*,#1961,.T.);
#2799=ORIENTED_EDGE('',*,*,#1796,.F.);
#2800=ORIENTED_EDGE('',*,*,#1962,.F.);
#2801=ORIENTED_EDGE('',*,*,#1627,.F.);
#2802=ORIENTED_EDGE('',*,*,#1962,.T.);
#2803=ORIENTED_EDGE('',*,*,#1795,.F.);
#2804=ORIENTED_EDGE('',*,*,#1963,.F.);
#2805=ORIENTED_EDGE('',*,*,#1628,.F.);
#2806=ORIENTED_EDGE('',*,*,#1963,.T.);
#2807=ORIENTED_EDGE('',*,*,#1794,.F.);
#2808=ORIENTED_EDGE('',*,*,#1964,.F.);
#2809=ORIENTED_EDGE('',*,*,#1629,.F.);
#2810=ORIENTED_EDGE('',*,*,#1964,.T.);
#2811=ORIENTED_EDGE('',*,*,#1793,.F.);
#2812=ORIENTED_EDGE('',*,*,#1965,.F.);
#2813=ORIENTED_EDGE('',*,*,#1630,.F.);
#2814=ORIENTED_EDGE('',*,*,#1965,.T.);
#2815=ORIENTED_EDGE('',*,*,#1792,.F.);
#2816=ORIENTED_EDGE('',*,*,#1966,.F.);
#2817=ORIENTED_EDGE('',*,*,#1631,.F.);
#2818=ORIENTED_EDGE('',*,*,#1966,.T.);
#2819=ORIENTED_EDGE('',*,*,#1791,.F.);
#2820=ORIENTED_EDGE('',*,*,#1967,.F.);
#2821=ORIENTED_EDGE('',*,*,#1632,.F.);
#2822=ORIENTED_EDGE('',*,*,#1967,.T.);
#2823=ORIENTED_EDGE('',*,*,#1790,.F.);
#2824=ORIENTED_EDGE('',*,*,#1968,.F.);
#2825=ORIENTED_EDGE('',*,*,#1633,.F.);
#2826=ORIENTED_EDGE('',*,*,#1968,.T.);
#2827=ORIENTED_EDGE('',*,*,#1789,.F.);
#2828=ORIENTED_EDGE('',*,*,#1969,.F.);
#2829=ORIENTED_EDGE('',*,*,#1634,.F.);
#2830=ORIENTED_EDGE('',*,*,#1969,.T.);
#2831=ORIENTED_EDGE('',*,*,#1788,.F.);
#2832=ORIENTED_EDGE('',*,*,#1970,.F.);
#2833=ORIENTED_EDGE('',*,*,#1635,.F.);
#2834=ORIENTED_EDGE('',*,*,#1970,.T.);
#2835=ORIENTED_EDGE('',*,*,#1787,.F.);
#2836=ORIENTED_EDGE('',*,*,#1971,.F.);
#2837=ORIENTED_EDGE('',*,*,#1636,.F.);
#2838=ORIENTED_EDGE('',*,*,#1971,.T.);
#2839=ORIENTED_EDGE('',*,*,#1786,.F.);
#2840=ORIENTED_EDGE('',*,*,#1972,.F.);
#2841=ORIENTED_EDGE('',*,*,#1637,.F.);
#2842=ORIENTED_EDGE('',*,*,#1972,.T.);
#2843=ORIENTED_EDGE('',*,*,#1785,.F.);
#2844=ORIENTED_EDGE('',*,*,#1973,.F.);
#2845=ORIENTED_EDGE('',*,*,#1638,.F.);
#2846=ORIENTED_EDGE('',*,*,#1973,.T.);
#2847=ORIENTED_EDGE('',*,*,#1784,.F.);
#2848=ORIENTED_EDGE('',*,*,#1974,.F.);
#2849=ORIENTED_EDGE('',*,*,#1639,.F.);
#2850=ORIENTED_EDGE('',*,*,#1974,.T.);
#2851=ORIENTED_EDGE('',*,*,#1783,.F.);
#2852=ORIENTED_EDGE('',*,*,#1975,.F.);
#2853=ORIENTED_EDGE('',*,*,#1640,.F.);
#2854=ORIENTED_EDGE('',*,*,#1975,.T.);
#2855=ORIENTED_EDGE('',*,*,#1782,.F.);
#2856=ORIENTED_EDGE('',*,*,#1976,.F.);
#2857=ORIENTED_EDGE('',*,*,#1641,.F.);
#2858=ORIENTED_EDGE('',*,*,#1976,.T.);
#2859=ORIENTED_EDGE('',*,*,#1781,.F.);
#2860=ORIENTED_EDGE('',*,*,#1907,.F.);
#2861=ORIENTED_EDGE('',*,*,#1642,.F.);
#2862=ORIENTED_EDGE('',*,*,#1977,.F.);
#2863=ORIENTED_EDGE('',*,*,#1588,.F.);
#2864=ORIENTED_EDGE('',*,*,#1978,.F.);
#2865=ORIENTED_EDGE('',*,*,#1835,.F.);
#2866=ORIENTED_EDGE('',*,*,#1978,.T.);
#2867=ORIENTED_EDGE('',*,*,#1587,.F.);
#2868=ORIENTED_EDGE('',*,*,#1979,.F.);
#2869=ORIENTED_EDGE('',*,*,#1836,.F.);
#2870=ORIENTED_EDGE('',*,*,#1977,.T.);
#2871=ORIENTED_EDGE('',*,*,#1834,.F.);
#2872=ORIENTED_EDGE('',*,*,#1980,.F.);
#2873=ORIENTED_EDGE('',*,*,#1589,.F.);
#2874=ORIENTED_EDGE('',*,*,#1979,.T.);
#2875=ORIENTED_EDGE('',*,*,#1586,.F.);
#2876=ORIENTED_EDGE('',*,*,#1981,.F.);
#2877=ORIENTED_EDGE('',*,*,#1837,.F.);
#2878=ORIENTED_EDGE('',*,*,#1981,.T.);
#2879=ORIENTED_EDGE('',*,*,#1585,.F.);
#2880=ORIENTED_EDGE('',*,*,#1982,.F.);
#2881=ORIENTED_EDGE('',*,*,#1838,.F.);
#2882=ORIENTED_EDGE('',*,*,#1980,.T.);
#2883=ORIENTED_EDGE('',*,*,#1833,.F.);
#2884=ORIENTED_EDGE('',*,*,#1983,.F.);
#2885=ORIENTED_EDGE('',*,*,#1590,.F.);
#2886=ORIENTED_EDGE('',*,*,#1982,.T.);
#2887=ORIENTED_EDGE('',*,*,#1584,.F.);
#2888=ORIENTED_EDGE('',*,*,#1984,.F.);
#2889=ORIENTED_EDGE('',*,*,#1839,.F.);
#2890=ORIENTED_EDGE('',*,*,#1983,.T.);
#2891=ORIENTED_EDGE('',*,*,#1832,.F.);
#2892=ORIENTED_EDGE('',*,*,#1985,.F.);
#2893=ORIENTED_EDGE('',*,*,#1591,.F.);
#2894=ORIENTED_EDGE('',*,*,#1984,.T.);
#2895=ORIENTED_EDGE('',*,*,#1583,.F.);
#2896=ORIENTED_EDGE('',*,*,#1986,.F.);
#2897=ORIENTED_EDGE('',*,*,#1840,.F.);
#2898=ORIENTED_EDGE('',*,*,#1985,.T.);
#2899=ORIENTED_EDGE('',*,*,#1831,.F.);
#2900=ORIENTED_EDGE('',*,*,#1987,.F.);
#2901=ORIENTED_EDGE('',*,*,#1592,.F.);
#2902=ORIENTED_EDGE('',*,*,#1986,.T.);
#2903=ORIENTED_EDGE('',*,*,#1582,.F.);
#2904=ORIENTED_EDGE('',*,*,#1988,.F.);
#2905=ORIENTED_EDGE('',*,*,#1841,.F.);
#2906=ORIENTED_EDGE('',*,*,#1987,.T.);
#2907=ORIENTED_EDGE('',*,*,#1830,.F.);
#2908=ORIENTED_EDGE('',*,*,#1989,.F.);
#2909=ORIENTED_EDGE('',*,*,#1593,.F.);
#2910=ORIENTED_EDGE('',*,*,#1988,.T.);
#2911=ORIENTED_EDGE('',*,*,#1581,.F.);
#2912=ORIENTED_EDGE('',*,*,#1990,.F.);
#2913=ORIENTED_EDGE('',*,*,#1842,.F.);
#2914=ORIENTED_EDGE('',*,*,#1989,.T.);
#2915=ORIENTED_EDGE('',*,*,#1829,.F.);
#2916=ORIENTED_EDGE('',*,*,#1991,.F.);
#2917=ORIENTED_EDGE('',*,*,#1594,.F.);
#2918=ORIENTED_EDGE('',*,*,#1990,.T.);
#2919=ORIENTED_EDGE('',*,*,#1580,.F.);
#2920=ORIENTED_EDGE('',*,*,#1992,.F.);
#2921=ORIENTED_EDGE('',*,*,#1843,.F.);
#2922=ORIENTED_EDGE('',*,*,#1991,.T.);
#2923=ORIENTED_EDGE('',*,*,#1828,.F.);
#2924=ORIENTED_EDGE('',*,*,#1993,.F.);
#2925=ORIENTED_EDGE('',*,*,#1595,.F.);
#2926=ORIENTED_EDGE('',*,*,#1992,.T.);
#2927=ORIENTED_EDGE('',*,*,#1579,.F.);
#2928=ORIENTED_EDGE('',*,*,#1994,.F.);
#2929=ORIENTED_EDGE('',*,*,#1844,.F.);
#2930=ORIENTED_EDGE('',*,*,#1993,.T.);
#2931=ORIENTED_EDGE('',*,*,#1827,.F.);
#2932=ORIENTED_EDGE('',*,*,#1995,.F.);
#2933=ORIENTED_EDGE('',*,*,#1596,.F.);
#2934=ORIENTED_EDGE('',*,*,#1994,.T.);
#2935=ORIENTED_EDGE('',*,*,#1578,.F.);
#2936=ORIENTED_EDGE('',*,*,#1996,.F.);
#2937=ORIENTED_EDGE('',*,*,#1845,.F.);
#2938=ORIENTED_EDGE('',*,*,#1995,.T.);
#2939=ORIENTED_EDGE('',*,*,#1826,.F.);
#2940=ORIENTED_EDGE('',*,*,#1997,.F.);
#2941=ORIENTED_EDGE('',*,*,#1597,.F.);
#2942=ORIENTED_EDGE('',*,*,#1996,.T.);
#2943=ORIENTED_EDGE('',*,*,#1577,.F.);
#2944=ORIENTED_EDGE('',*,*,#1998,.F.);
#2945=ORIENTED_EDGE('',*,*,#1846,.F.);
#2946=ORIENTED_EDGE('',*,*,#1997,.T.);
#2947=ORIENTED_EDGE('',*,*,#1825,.F.);
#2948=ORIENTED_EDGE('',*,*,#1999,.F.);
#2949=ORIENTED_EDGE('',*,*,#1598,.F.);
#2950=ORIENTED_EDGE('',*,*,#1998,.T.);
#2951=ORIENTED_EDGE('',*,*,#1576,.F.);
#2952=ORIENTED_EDGE('',*,*,#2000,.F.);
#2953=ORIENTED_EDGE('',*,*,#1847,.F.);
#2954=ORIENTED_EDGE('',*,*,#1999,.T.);
#2955=ORIENTED_EDGE('',*,*,#1824,.F.);
#2956=ORIENTED_EDGE('',*,*,#2001,.F.);
#2957=ORIENTED_EDGE('',*,*,#1599,.F.);
#2958=ORIENTED_EDGE('',*,*,#2000,.T.);
#2959=ORIENTED_EDGE('',*,*,#1575,.F.);
#2960=ORIENTED_EDGE('',*,*,#2002,.F.);
#2961=ORIENTED_EDGE('',*,*,#1848,.F.);
#2962=ORIENTED_EDGE('',*,*,#2001,.T.);
#2963=ORIENTED_EDGE('',*,*,#1823,.F.);
#2964=ORIENTED_EDGE('',*,*,#2003,.F.);
#2965=ORIENTED_EDGE('',*,*,#1600,.F.);
#2966=ORIENTED_EDGE('',*,*,#2002,.T.);
#2967=ORIENTED_EDGE('',*,*,#1574,.F.);
#2968=ORIENTED_EDGE('',*,*,#2004,.F.);
#2969=ORIENTED_EDGE('',*,*,#1849,.F.);
#2970=ORIENTED_EDGE('',*,*,#2004,.T.);
#2971=ORIENTED_EDGE('',*,*,#1573,.T.);
#2972=ORIENTED_EDGE('',*,*,#2005,.T.);
#2973=ORIENTED_EDGE('',*,*,#2006,.T.);
#2974=ORIENTED_EDGE('',*,*,#2007,.T.);
#2975=ORIENTED_EDGE('',*,*,#1850,.T.);
#2976=ORIENTED_EDGE('',*,*,#2003,.T.);
#2977=ORIENTED_EDGE('',*,*,#1822,.F.);
#2978=ORIENTED_EDGE('',*,*,#2008,.F.);
#2979=ORIENTED_EDGE('',*,*,#1601,.F.);
#2980=ORIENTED_EDGE('',*,*,#2008,.T.);
#2981=ORIENTED_EDGE('',*,*,#1821,.F.);
#2982=ORIENTED_EDGE('',*,*,#2009,.F.);
#2983=ORIENTED_EDGE('',*,*,#1602,.F.);
#2984=ORIENTED_EDGE('',*,*,#2009,.T.);
#2985=ORIENTED_EDGE('',*,*,#1820,.F.);
#2986=ORIENTED_EDGE('',*,*,#2010,.F.);
#2987=ORIENTED_EDGE('',*,*,#1603,.F.);
#2988=ORIENTED_EDGE('',*,*,#2010,.T.);
#2989=ORIENTED_EDGE('',*,*,#1819,.F.);
#2990=ORIENTED_EDGE('',*,*,#2011,.F.);
#2991=ORIENTED_EDGE('',*,*,#1604,.F.);
#2992=ORIENTED_EDGE('',*,*,#2011,.T.);
#2993=ORIENTED_EDGE('',*,*,#1818,.F.);
#2994=ORIENTED_EDGE('',*,*,#2012,.F.);
#2995=ORIENTED_EDGE('',*,*,#1605,.F.);
#2996=ORIENTED_EDGE('',*,*,#2012,.T.);
#2997=ORIENTED_EDGE('',*,*,#1817,.F.);
#2998=ORIENTED_EDGE('',*,*,#2013,.F.);
#2999=ORIENTED_EDGE('',*,*,#1606,.F.);
#3000=ORIENTED_EDGE('',*,*,#2013,.T.);
#3001=ORIENTED_EDGE('',*,*,#1816,.F.);
#3002=ORIENTED_EDGE('',*,*,#1944,.F.);
#3003=ORIENTED_EDGE('',*,*,#1607,.F.);
#3004=ORIENTED_EDGE('',*,*,#2014,.F.);
#3005=ORIENTED_EDGE('',*,*,#2015,.F.);
#3006=ORIENTED_EDGE('',*,*,#2016,.F.);
#3007=ORIENTED_EDGE('',*,*,#2017,.F.);
#3008=ORIENTED_EDGE('',*,*,#2018,.F.);
#3009=ORIENTED_EDGE('',*,*,#2017,.T.);
#3010=ORIENTED_EDGE('',*,*,#2019,.T.);
#3011=ORIENTED_EDGE('',*,*,#2020,.T.);
#3012=ORIENTED_EDGE('',*,*,#2021,.F.);
#3013=ORIENTED_EDGE('',*,*,#2020,.F.);
#3014=ORIENTED_EDGE('',*,*,#2022,.F.);
#3015=ORIENTED_EDGE('',*,*,#2023,.F.);
#3016=ORIENTED_EDGE('',*,*,#2024,.F.);
#3017=ORIENTED_EDGE('',*,*,#2023,.T.);
#3018=ORIENTED_EDGE('',*,*,#2025,.F.);
#3019=ORIENTED_EDGE('',*,*,#2015,.T.);
#3020=ORIENTED_EDGE('',*,*,#2019,.F.);
#3021=ORIENTED_EDGE('',*,*,#2016,.T.);
#3022=ORIENTED_EDGE('',*,*,#2025,.T.);
#3023=ORIENTED_EDGE('',*,*,#2022,.T.);
#3024=ORIENTED_EDGE('',*,*,#2026,.F.);
#3025=ORIENTED_EDGE('',*,*,#2027,.F.);
#3026=ORIENTED_EDGE('',*,*,#2028,.F.);
#3027=ORIENTED_EDGE('',*,*,#2029,.T.);
#3028=ORIENTED_EDGE('',*,*,#2030,.T.);
#3029=ORIENTED_EDGE('',*,*,#2031,.T.);
#3030=ORIENTED_EDGE('',*,*,#2028,.T.);
#3031=ORIENTED_EDGE('',*,*,#2032,.T.);
#3032=ORIENTED_EDGE('',*,*,#2033,.T.);
#3033=ORIENTED_EDGE('',*,*,#2034,.T.);
#3034=ORIENTED_EDGE('',*,*,#2035,.T.);
#3035=ORIENTED_EDGE('',*,*,#2036,.T.);
#3036=ORIENTED_EDGE('',*,*,#2037,.F.);
#3037=ORIENTED_EDGE('',*,*,#2038,.T.);
#3038=ORIENTED_EDGE('',*,*,#2035,.F.);
#3039=ORIENTED_EDGE('',*,*,#2039,.F.);
#3040=ORIENTED_EDGE('',*,*,#2040,.T.);
#3041=ORIENTED_EDGE('',*,*,#2036,.F.);
#3042=ORIENTED_EDGE('',*,*,#2038,.F.);
#3043=ORIENTED_EDGE('',*,*,#2041,.F.);
#3044=ORIENTED_EDGE('',*,*,#2029,.F.);
#3045=ORIENTED_EDGE('',*,*,#2031,.F.);
#3046=ORIENTED_EDGE('',*,*,#2042,.T.);
#3047=ORIENTED_EDGE('',*,*,#2033,.F.);
#3048=ORIENTED_EDGE('',*,*,#2040,.F.);
#3049=ORIENTED_EDGE('',*,*,#2030,.F.);
#3050=ORIENTED_EDGE('',*,*,#2043,.F.);
#3051=ORIENTED_EDGE('',*,*,#2044,.F.);
#3052=ORIENTED_EDGE('',*,*,#2045,.F.);
#3053=ORIENTED_EDGE('',*,*,#2046,.F.);
#3054=ORIENTED_EDGE('',*,*,#2047,.T.);
#3055=ORIENTED_EDGE('',*,*,#2048,.F.);
#3056=ORIENTED_EDGE('',*,*,#2049,.F.);
#3057=ORIENTED_EDGE('',*,*,#2050,.F.);
#3058=ORIENTED_EDGE('',*,*,#2051,.F.);
#3059=ORIENTED_EDGE('',*,*,#2045,.T.);
#3060=ORIENTED_EDGE('',*,*,#2026,.T.);
#3061=ORIENTED_EDGE('',*,*,#2052,.T.);
#3062=ORIENTED_EDGE('',*,*,#2046,.T.);
#3063=ORIENTED_EDGE('',*,*,#2051,.T.);
#3064=ORIENTED_EDGE('',*,*,#2053,.T.);
#3065=ORIENTED_EDGE('',*,*,#2054,.F.);
#3066=ORIENTED_EDGE('',*,*,#2048,.T.);
#3067=ORIENTED_EDGE('',*,*,#2055,.T.);
#3068=ORIENTED_EDGE('',*,*,#2037,.T.);
#3069=ORIENTED_EDGE('',*,*,#2056,.T.);
#3070=ORIENTED_EDGE('',*,*,#2041,.T.);
#3071=ORIENTED_EDGE('',*,*,#2055,.F.);
#3072=ORIENTED_EDGE('',*,*,#2047,.F.);
#3073=ORIENTED_EDGE('',*,*,#2052,.F.);
#3074=ORIENTED_EDGE('',*,*,#2043,.T.);
#3075=ORIENTED_EDGE('',*,*,#2054,.T.);
#3076=ORIENTED_EDGE('',*,*,#2057,.T.);
#3077=ORIENTED_EDGE('',*,*,#2058,.F.);
#3078=ORIENTED_EDGE('',*,*,#2059,.F.);
#3079=ORIENTED_EDGE('',*,*,#2060,.F.);
#3080=ORIENTED_EDGE('',*,*,#2056,.F.);
#3081=ORIENTED_EDGE('',*,*,#2039,.T.);
#3082=ORIENTED_EDGE('',*,*,#2034,.F.);
#3083=ORIENTED_EDGE('',*,*,#2042,.F.);
#3084=ORIENTED_EDGE('',*,*,#2032,.F.);
#3085=ORIENTED_EDGE('',*,*,#2027,.T.);
#3086=ORIENTED_EDGE('',*,*,#2053,.F.);
#3087=ORIENTED_EDGE('',*,*,#2050,.T.);
#3088=ORIENTED_EDGE('',*,*,#2061,.F.);
#3089=ORIENTED_EDGE('',*,*,#2062,.T.);
#3090=ORIENTED_EDGE('',*,*,#2063,.F.);
#3091=ORIENTED_EDGE('',*,*,#2057,.F.);
#3092=ORIENTED_EDGE('',*,*,#2021,.T.);
#3093=ORIENTED_EDGE('',*,*,#2024,.T.);
#3094=ORIENTED_EDGE('',*,*,#2014,.T.);
#3095=ORIENTED_EDGE('',*,*,#2018,.T.);
#3096=ORIENTED_EDGE('',*,*,#2064,.F.);
#3097=ORIENTED_EDGE('',*,*,#2065,.F.);
#3098=ORIENTED_EDGE('',*,*,#2066,.F.);
#3099=ORIENTED_EDGE('',*,*,#2067,.F.);
#3100=ORIENTED_EDGE('',*,*,#2068,.T.);
#3101=ORIENTED_EDGE('',*,*,#2069,.F.);
#3102=ORIENTED_EDGE('',*,*,#2062,.F.);
#3103=ORIENTED_EDGE('',*,*,#2070,.F.);
#3104=ORIENTED_EDGE('',*,*,#2044,.T.);
#3105=ORIENTED_EDGE('',*,*,#2060,.T.);
#3106=ORIENTED_EDGE('',*,*,#2071,.T.);
#3107=ORIENTED_EDGE('',*,*,#2067,.T.);
#3108=ORIENTED_EDGE('',*,*,#2072,.F.);
#3109=ORIENTED_EDGE('',*,*,#2073,.F.);
#3110=ORIENTED_EDGE('',*,*,#2074,.F.);
#3111=ORIENTED_EDGE('',*,*,#2070,.T.);
#3112=ORIENTED_EDGE('',*,*,#2061,.T.);
#3113=ORIENTED_EDGE('',*,*,#2049,.T.);
#3114=ORIENTED_EDGE('',*,*,#2058,.T.);
#3115=ORIENTED_EDGE('',*,*,#2063,.T.);
#3116=ORIENTED_EDGE('',*,*,#2069,.T.);
#3117=ORIENTED_EDGE('',*,*,#2075,.T.);
#3118=ORIENTED_EDGE('',*,*,#2059,.T.);
#3119=ORIENTED_EDGE('',*,*,#2075,.F.);
#3120=ORIENTED_EDGE('',*,*,#2068,.F.);
#3121=ORIENTED_EDGE('',*,*,#2071,.F.);
#3122=ORIENTED_EDGE('',*,*,#2073,.T.);
#3123=ORIENTED_EDGE('',*,*,#2076,.F.);
#3124=ORIENTED_EDGE('',*,*,#2077,.F.);
#3125=ORIENTED_EDGE('',*,*,#2078,.T.);
#3126=ORIENTED_EDGE('',*,*,#2072,.T.);
#3127=ORIENTED_EDGE('',*,*,#2066,.T.);
#3128=ORIENTED_EDGE('',*,*,#2079,.F.);
#3129=ORIENTED_EDGE('',*,*,#2080,.F.);
#3130=ORIENTED_EDGE('',*,*,#2005,.F.);
#3131=ORIENTED_EDGE('',*,*,#1572,.F.);
#3132=ORIENTED_EDGE('',*,*,#2081,.F.);
#3133=ORIENTED_EDGE('',*,*,#2076,.T.);
#3134=ORIENTED_EDGE('',*,*,#2065,.T.);
#3135=ORIENTED_EDGE('',*,*,#2082,.T.);
#3136=ORIENTED_EDGE('',*,*,#2083,.T.);
#3137=ORIENTED_EDGE('',*,*,#2079,.T.);
#3138=ORIENTED_EDGE('',*,*,#2006,.F.);
#3139=ORIENTED_EDGE('',*,*,#2080,.T.);
#3140=ORIENTED_EDGE('',*,*,#2083,.F.);
#3141=ORIENTED_EDGE('',*,*,#2084,.F.);
#3142=ORIENTED_EDGE('',*,*,#2074,.T.);
#3143=ORIENTED_EDGE('',*,*,#2078,.F.);
#3144=ORIENTED_EDGE('',*,*,#2085,.F.);
#3145=ORIENTED_EDGE('',*,*,#1851,.F.);
#3146=ORIENTED_EDGE('',*,*,#2007,.F.);
#3147=ORIENTED_EDGE('',*,*,#2084,.T.);
#3148=ORIENTED_EDGE('',*,*,#2082,.F.);
#3149=ORIENTED_EDGE('',*,*,#2064,.T.);
#3150=ORIENTED_EDGE('',*,*,#2081,.T.);
#3151=ORIENTED_EDGE('',*,*,#1571,.T.);
#3152=ORIENTED_EDGE('',*,*,#1874,.T.);
#3153=ORIENTED_EDGE('',*,*,#1852,.T.);
#3154=ORIENTED_EDGE('',*,*,#2085,.T.);
#3155=ORIENTED_EDGE('',*,*,#2077,.T.);
#3156=CYLINDRICAL_SURFACE('',#3498,2.5);
#3157=CYLINDRICAL_SURFACE('',#3648,2.5);
#3158=CYLINDRICAL_SURFACE('',#3650,2.5);
#3159=CYLINDRICAL_SURFACE('',#3796,2.5);
#3160=CYLINDRICAL_SURFACE('',#3797,2.5);
#3161=CYLINDRICAL_SURFACE('',#3798,2.5);
#3162=CYLINDRICAL_SURFACE('',#3799,2.5);
#3163=CYLINDRICAL_SURFACE('',#3800,2.5);
#3164=CYLINDRICAL_SURFACE('',#3801,2.5);
#3165=CYLINDRICAL_SURFACE('',#3802,2.5);
#3166=CYLINDRICAL_SURFACE('',#3803,2.5);
#3167=CYLINDRICAL_SURFACE('',#3804,2.5);
#3168=CYLINDRICAL_SURFACE('',#3805,2.5);
#3169=CYLINDRICAL_SURFACE('',#3807,2.5);
#3170=CYLINDRICAL_SURFACE('',#3809,2.5);
#3171=CYLINDRICAL_SURFACE('',#3810,2.5);
#3172=CYLINDRICAL_SURFACE('',#3811,2.5);
#3173=CYLINDRICAL_SURFACE('',#3812,2.5);
#3174=CYLINDRICAL_SURFACE('',#3813,2.5);
#3175=CYLINDRICAL_SURFACE('',#3814,2.5);
#3176=CYLINDRICAL_SURFACE('',#3815,2.5);
#3177=CYLINDRICAL_SURFACE('',#3816,2.5);
#3178=CYLINDRICAL_SURFACE('',#3817,2.5);
#3179=CYLINDRICAL_SURFACE('',#3818,2.5);
#3180=CYLINDRICAL_SURFACE('',#3819,2.5);
#3181=CYLINDRICAL_SURFACE('',#3820,2.5);
#3182=CYLINDRICAL_SURFACE('',#3821,2.5);
#3183=CYLINDRICAL_SURFACE('',#3822,2.5);
#3184=CYLINDRICAL_SURFACE('',#3823,2.5);
#3185=CYLINDRICAL_SURFACE('',#3824,2.5);
#3186=CYLINDRICAL_SURFACE('',#3825,2.5);
#3187=CYLINDRICAL_SURFACE('',#3826,2.5);
#3188=CYLINDRICAL_SURFACE('',#3827,2.5);
#3189=CYLINDRICAL_SURFACE('',#3828,2.5);
#3190=CYLINDRICAL_SURFACE('',#3829,2.5);
#3191=CYLINDRICAL_SURFACE('',#3830,2.5);
#3192=CYLINDRICAL_SURFACE('',#3831,2.5);
#3193=CYLINDRICAL_SURFACE('',#3832,2.5);
#3194=CYLINDRICAL_SURFACE('',#3833,2.5);
#3195=CYLINDRICAL_SURFACE('',#3834,2.5);
#3196=CYLINDRICAL_SURFACE('',#3835,2.5);
#3197=CYLINDRICAL_SURFACE('',#3836,2.5);
#3198=CYLINDRICAL_SURFACE('',#3837,2.5);
#3199=CYLINDRICAL_SURFACE('',#3839,2.5);
#3200=CYLINDRICAL_SURFACE('',#3840,2.5);
#3201=CYLINDRICAL_SURFACE('',#3841,2.5);
#3202=CYLINDRICAL_SURFACE('',#3842,2.5);
#3203=CYLINDRICAL_SURFACE('',#3843,2.5);
#3204=CYLINDRICAL_SURFACE('',#3844,2.5);
#3205=CYLINDRICAL_SURFACE('',#3845,2.5);
#3206=CYLINDRICAL_SURFACE('',#3846,2.5);
#3207=CYLINDRICAL_SURFACE('',#3847,2.5);
#3208=CYLINDRICAL_SURFACE('',#3848,2.5);
#3209=CYLINDRICAL_SURFACE('',#3849,2.5);
#3210=CYLINDRICAL_SURFACE('',#3850,2.5);
#3211=CYLINDRICAL_SURFACE('',#3851,2.5);
#3212=CYLINDRICAL_SURFACE('',#3852,2.5);
#3213=CYLINDRICAL_SURFACE('',#3853,2.5);
#3214=CYLINDRICAL_SURFACE('',#3854,2.5);
#3215=CYLINDRICAL_SURFACE('',#3855,2.5);
#3216=CYLINDRICAL_SURFACE('',#3856,2.5);
#3217=CYLINDRICAL_SURFACE('',#3857,2.5);
#3218=CYLINDRICAL_SURFACE('',#3858,2.5);
#3219=CYLINDRICAL_SURFACE('',#3859,2.5);
#3220=CYLINDRICAL_SURFACE('',#3860,2.5);
#3221=CYLINDRICAL_SURFACE('',#3861,2.5);
#3222=CYLINDRICAL_SURFACE('',#3862,2.5);
#3223=CYLINDRICAL_SURFACE('',#3863,2.5);
#3224=CYLINDRICAL_SURFACE('',#3864,2.5);
#3225=CYLINDRICAL_SURFACE('',#3865,2.5);
#3226=CYLINDRICAL_SURFACE('',#3866,2.5);
#3227=CYLINDRICAL_SURFACE('',#3867,2.5);
#3228=CYLINDRICAL_SURFACE('',#3868,2.5);
#3229=CYLINDRICAL_SURFACE('',#3869,2.5);
#3230=CYLINDRICAL_SURFACE('',#3870,2.5);
#3231=CYLINDRICAL_SURFACE('',#3871,2.5);
#3232=CYLINDRICAL_SURFACE('',#3872,2.5);
#3233=CYLINDRICAL_SURFACE('',#3873,2.5);
#3234=CYLINDRICAL_SURFACE('',#3874,2.5);
#3235=CYLINDRICAL_SURFACE('',#3876,2.5);
#3236=CYLINDRICAL_SURFACE('',#3877,2.5);
#3237=CYLINDRICAL_SURFACE('',#3878,2.5);
#3238=CYLINDRICAL_SURFACE('',#3879,2.5);
#3239=CYLINDRICAL_SURFACE('',#3880,2.5);
#3240=CYLINDRICAL_SURFACE('',#3881,2.5);
#3241=CYLINDRICAL_SURFACE('',#3882,2.5);
#3242=CYLINDRICAL_SURFACE('',#3883,2.5);
#3243=CYLINDRICAL_SURFACE('',#3884,2.5);
#3244=CYLINDRICAL_SURFACE('',#3885,2.5);
#3245=CYLINDRICAL_SURFACE('',#3886,2.5);
#3246=CYLINDRICAL_SURFACE('',#3887,2.5);
#3247=CYLINDRICAL_SURFACE('',#3888,2.5);
#3248=CYLINDRICAL_SURFACE('',#3889,2.5);
#3249=CYLINDRICAL_SURFACE('',#3890,2.5);
#3250=CYLINDRICAL_SURFACE('',#3891,2.5);
#3251=CYLINDRICAL_SURFACE('',#3892,2.5);
#3252=CYLINDRICAL_SURFACE('',#3893,2.5);
#3253=CYLINDRICAL_SURFACE('',#3894,2.5);
#3254=CYLINDRICAL_SURFACE('',#3895,2.5);
#3255=CYLINDRICAL_SURFACE('',#3896,2.5);
#3256=CYLINDRICAL_SURFACE('',#3897,2.5);
#3257=CYLINDRICAL_SURFACE('',#3898,2.5);
#3258=CYLINDRICAL_SURFACE('',#3899,2.5);
#3259=CYLINDRICAL_SURFACE('',#3900,2.5);
#3260=CYLINDRICAL_SURFACE('',#3901,2.5);
#3261=CYLINDRICAL_SURFACE('',#3902,2.5);
#3262=CYLINDRICAL_SURFACE('',#3903,2.5);
#3263=CYLINDRICAL_SURFACE('',#3904,2.5);
#3264=CYLINDRICAL_SURFACE('',#3905,2.5);
#3265=CYLINDRICAL_SURFACE('',#3906,2.5);
#3266=CYLINDRICAL_SURFACE('',#3907,2.5);
#3267=CYLINDRICAL_SURFACE('',#3908,2.5);
#3268=CYLINDRICAL_SURFACE('',#3909,2.5);
#3269=CYLINDRICAL_SURFACE('',#3910,2.5);
#3270=CYLINDRICAL_SURFACE('',#3911,2.5);
#3271=CYLINDRICAL_SURFACE('',#3912,2.5);
#3272=CYLINDRICAL_SURFACE('',#3913,2.5);
#3273=CYLINDRICAL_SURFACE('',#3914,2.5);
#3274=CYLINDRICAL_SURFACE('',#3915,2.5);
#3275=CYLINDRICAL_SURFACE('',#3916,2.5);
#3276=CYLINDRICAL_SURFACE('',#3917,2.5);
#3277=CYLINDRICAL_SURFACE('',#3918,2.5);
#3278=CYLINDRICAL_SURFACE('',#3919,2.5);
#3279=CYLINDRICAL_SURFACE('',#3920,2.5);
#3280=CYLINDRICAL_SURFACE('',#3921,2.5);
#3281=CYLINDRICAL_SURFACE('',#3922,2.5);
#3282=CYLINDRICAL_SURFACE('',#3923,2.5);
#3283=CYLINDRICAL_SURFACE('',#3924,2.5);
#3284=CYLINDRICAL_SURFACE('',#3925,2.5);
#3285=CYLINDRICAL_SURFACE('',#3926,2.5);
#3286=CYLINDRICAL_SURFACE('',#3927,2.5);
#3287=CYLINDRICAL_SURFACE('',#3928,2.5);
#3288=CYLINDRICAL_SURFACE('',#3929,2.5);
#3289=CYLINDRICAL_SURFACE('',#3930,2.5);
#3290=CYLINDRICAL_SURFACE('',#3931,2.5);
#3291=CYLINDRICAL_SURFACE('',#3932,2.5);
#3292=CYLINDRICAL_SURFACE('',#3933,2.5);
#3293=CYLINDRICAL_SURFACE('',#3934,2.5);
#3294=CYLINDRICAL_SURFACE('',#3935,2.5);
#3295=CYLINDRICAL_SURFACE('',#3937,2.5);
#3296=CYLINDRICAL_SURFACE('',#3938,2.5);
#3297=CYLINDRICAL_SURFACE('',#3939,2.5);
#3298=CYLINDRICAL_SURFACE('',#3940,2.5);
#3299=CYLINDRICAL_SURFACE('',#3941,2.5);
#3300=CYLINDRICAL_SURFACE('',#3942,2.5);
#3301=CYLINDRICAL_SURFACE('',#3943,2.5);
#3302=ADVANCED_FACE('',(#52),#3156,.F.);
#3303=ADVANCED_FACE('',(#53),#16,.F.);
#3304=ADVANCED_FACE('',(#54),#17,.F.);
#3305=ADVANCED_FACE('',(#55),#3157,.F.);
#3306=ADVANCED_FACE('',(#56),#3158,.F.);
#3307=ADVANCED_FACE('',(#57),#18,.F.);
#3308=ADVANCED_FACE('',(#58),#3159,.F.);
#3309=ADVANCED_FACE('',(#59),#3160,.F.);
#3310=ADVANCED_FACE('',(#60),#3161,.F.);
#3311=ADVANCED_FACE('',(#61),#3162,.F.);
#3312=ADVANCED_FACE('',(#62),#3163,.F.);
#3313=ADVANCED_FACE('',(#63),#3164,.F.);
#3314=ADVANCED_FACE('',(#64),#3165,.F.);
#3315=ADVANCED_FACE('',(#65),#3166,.F.);
#3316=ADVANCED_FACE('',(#66),#3167,.F.);
#3317=ADVANCED_FACE('',(#67),#3168,.F.);
#3318=ADVANCED_FACE('',(#68),#19,.F.);
#3319=ADVANCED_FACE('',(#69),#3169,.F.);
#3320=ADVANCED_FACE('',(#70),#20,.F.);
#3321=ADVANCED_FACE('',(#71),#3170,.F.);
#3322=ADVANCED_FACE('',(#72),#3171,.F.);
#3323=ADVANCED_FACE('',(#73),#3172,.F.);
#3324=ADVANCED_FACE('',(#74),#3173,.F.);
#3325=ADVANCED_FACE('',(#75),#3174,.F.);
#3326=ADVANCED_FACE('',(#76),#3175,.F.);
#3327=ADVANCED_FACE('',(#77),#3176,.F.);
#3328=ADVANCED_FACE('',(#78),#3177,.F.);
#3329=ADVANCED_FACE('',(#79),#3178,.F.);
#3330=ADVANCED_FACE('',(#80),#3179,.F.);
#3331=ADVANCED_FACE('',(#81),#3180,.F.);
#3332=ADVANCED_FACE('',(#82),#3181,.F.);
#3333=ADVANCED_FACE('',(#83),#3182,.F.);
#3334=ADVANCED_FACE('',(#84),#3183,.F.);
#3335=ADVANCED_FACE('',(#85),#3184,.F.);
#3336=ADVANCED_FACE('',(#86),#3185,.F.);
#3337=ADVANCED_FACE('',(#87),#3186,.F.);
#3338=ADVANCED_FACE('',(#88),#3187,.F.);
#3339=ADVANCED_FACE('',(#89),#3188,.F.);
#3340=ADVANCED_FACE('',(#90),#3189,.F.);
#3341=ADVANCED_FACE('',(#91),#3190,.F.);
#3342=ADVANCED_FACE('',(#92),#3191,.F.);
#3343=ADVANCED_FACE('',(#93),#3192,.F.);
#3344=ADVANCED_FACE('',(#94),#3193,.F.);
#3345=ADVANCED_FACE('',(#95),#3194,.F.);
#3346=ADVANCED_FACE('',(#96),#3195,.F.);
#3347=ADVANCED_FACE('',(#97),#3196,.F.);
#3348=ADVANCED_FACE('',(#98),#3197,.F.);
#3349=ADVANCED_FACE('',(#99),#3198,.F.);
#3350=ADVANCED_FACE('',(#100),#21,.F.);
#3351=ADVANCED_FACE('',(#101),#3199,.F.);
#3352=ADVANCED_FACE('',(#102),#3200,.F.);
#3353=ADVANCED_FACE('',(#103),#3201,.F.);
#3354=ADVANCED_FACE('',(#104),#3202,.F.);
#3355=ADVANCED_FACE('',(#105),#3203,.F.);
#3356=ADVANCED_FACE('',(#106),#3204,.F.);
#3357=ADVANCED_FACE('',(#107),#3205,.F.);
#3358=ADVANCED_FACE('',(#108),#3206,.F.);
#3359=ADVANCED_FACE('',(#109),#3207,.F.);
#3360=ADVANCED_FACE('',(#110),#3208,.F.);
#3361=ADVANCED_FACE('',(#111),#3209,.F.);
#3362=ADVANCED_FACE('',(#112),#3210,.F.);
#3363=ADVANCED_FACE('',(#113),#3211,.F.);
#3364=ADVANCED_FACE('',(#114),#3212,.F.);
#3365=ADVANCED_FACE('',(#115),#3213,.F.);
#3366=ADVANCED_FACE('',(#116),#3214,.F.);
#3367=ADVANCED_FACE('',(#117),#3215,.F.);
#3368=ADVANCED_FACE('',(#118),#3216,.F.);
#3369=ADVANCED_FACE('',(#119),#3217,.F.);
#3370=ADVANCED_FACE('',(#120),#3218,.F.);
#3371=ADVANCED_FACE('',(#121),#3219,.F.);
#3372=ADVANCED_FACE('',(#122),#3220,.F.);
#3373=ADVANCED_FACE('',(#123),#3221,.F.);
#3374=ADVANCED_FACE('',(#124),#3222,.F.);
#3375=ADVANCED_FACE('',(#125),#3223,.F.);
#3376=ADVANCED_FACE('',(#126),#3224,.F.);
#3377=ADVANCED_FACE('',(#127),#3225,.F.);
#3378=ADVANCED_FACE('',(#128),#3226,.F.);
#3379=ADVANCED_FACE('',(#129),#3227,.F.);
#3380=ADVANCED_FACE('',(#130),#3228,.F.);
#3381=ADVANCED_FACE('',(#131),#3229,.F.);
#3382=ADVANCED_FACE('',(#132),#3230,.F.);
#3383=ADVANCED_FACE('',(#133),#3231,.F.);
#3384=ADVANCED_FACE('',(#134),#3232,.F.);
#3385=ADVANCED_FACE('',(#135),#3233,.F.);
#3386=ADVANCED_FACE('',(#136),#3234,.F.);
#3387=ADVANCED_FACE('',(#137),#22,.F.);
#3388=ADVANCED_FACE('',(#138),#3235,.F.);
#3389=ADVANCED_FACE('',(#139),#3236,.F.);
#3390=ADVANCED_FACE('',(#140),#3237,.F.);
#3391=ADVANCED_FACE('',(#141),#3238,.F.);
#3392=ADVANCED_FACE('',(#142),#3239,.F.);
#3393=ADVANCED_FACE('',(#143),#3240,.F.);
#3394=ADVANCED_FACE('',(#144),#3241,.F.);
#3395=ADVANCED_FACE('',(#145),#3242,.F.);
#3396=ADVANCED_FACE('',(#146),#3243,.F.);
#3397=ADVANCED_FACE('',(#147),#3244,.F.);
#3398=ADVANCED_FACE('',(#148),#3245,.F.);
#3399=ADVANCED_FACE('',(#149),#3246,.F.);
#3400=ADVANCED_FACE('',(#150),#3247,.F.);
#3401=ADVANCED_FACE('',(#151),#3248,.F.);
#3402=ADVANCED_FACE('',(#152),#3249,.F.);
#3403=ADVANCED_FACE('',(#153),#3250,.F.);
#3404=ADVANCED_FACE('',(#154),#3251,.F.);
#3405=ADVANCED_FACE('',(#155),#3252,.F.);
#3406=ADVANCED_FACE('',(#156),#3253,.F.);
#3407=ADVANCED_FACE('',(#157),#3254,.F.);
#3408=ADVANCED_FACE('',(#158),#3255,.F.);
#3409=ADVANCED_FACE('',(#159),#3256,.F.);
#3410=ADVANCED_FACE('',(#160),#3257,.F.);
#3411=ADVANCED_FACE('',(#161),#3258,.F.);
#3412=ADVANCED_FACE('',(#162),#3259,.F.);
#3413=ADVANCED_FACE('',(#163),#3260,.F.);
#3414=ADVANCED_FACE('',(#164),#3261,.F.);
#3415=ADVANCED_FACE('',(#165),#3262,.F.);
#3416=ADVANCED_FACE('',(#166),#3263,.F.);
#3417=ADVANCED_FACE('',(#167),#3264,.F.);
#3418=ADVANCED_FACE('',(#168),#3265,.F.);
#3419=ADVANCED_FACE('',(#169),#3266,.F.);
#3420=ADVANCED_FACE('',(#170),#3267,.F.);
#3421=ADVANCED_FACE('',(#171),#3268,.F.);
#3422=ADVANCED_FACE('',(#172),#3269,.F.);
#3423=ADVANCED_FACE('',(#173),#3270,.F.);
#3424=ADVANCED_FACE('',(#174),#3271,.F.);
#3425=ADVANCED_FACE('',(#175),#3272,.F.);
#3426=ADVANCED_FACE('',(#176),#3273,.F.);
#3427=ADVANCED_FACE('',(#177),#3274,.F.);
#3428=ADVANCED_FACE('',(#178),#3275,.F.);
#3429=ADVANCED_FACE('',(#179),#3276,.F.);
#3430=ADVANCED_FACE('',(#180),#3277,.F.);
#3431=ADVANCED_FACE('',(#181),#3278,.F.);
#3432=ADVANCED_FACE('',(#182),#3279,.F.);
#3433=ADVANCED_FACE('',(#183),#3280,.F.);
#3434=ADVANCED_FACE('',(#184),#3281,.F.);
#3435=ADVANCED_FACE('',(#185),#3282,.F.);
#3436=ADVANCED_FACE('',(#186),#3283,.F.);
#3437=ADVANCED_FACE('',(#187),#3284,.F.);
#3438=ADVANCED_FACE('',(#188),#3285,.F.);
#3439=ADVANCED_FACE('',(#189),#3286,.F.);
#3440=ADVANCED_FACE('',(#190),#3287,.F.);
#3441=ADVANCED_FACE('',(#191),#3288,.F.);
#3442=ADVANCED_FACE('',(#192),#3289,.F.);
#3443=ADVANCED_FACE('',(#193),#3290,.F.);
#3444=ADVANCED_FACE('',(#194),#3291,.F.);
#3445=ADVANCED_FACE('',(#195),#3292,.F.);
#3446=ADVANCED_FACE('',(#196),#3293,.F.);
#3447=ADVANCED_FACE('',(#197),#3294,.F.);
#3448=ADVANCED_FACE('',(#198),#23,.F.);
#3449=ADVANCED_FACE('',(#199),#3295,.F.);
#3450=ADVANCED_FACE('',(#200),#3296,.F.);
#3451=ADVANCED_FACE('',(#201),#3297,.F.);
#3452=ADVANCED_FACE('',(#202),#3298,.F.);
#3453=ADVANCED_FACE('',(#203),#3299,.F.);
#3454=ADVANCED_FACE('',(#204),#3300,.F.);
#3455=ADVANCED_FACE('',(#205),#3301,.F.);
#3456=ADVANCED_FACE('',(#206),#24,.F.);
#3457=ADVANCED_FACE('',(#207),#25,.T.);
#3458=ADVANCED_FACE('',(#208),#26,.T.);
#3459=ADVANCED_FACE('',(#209),#27,.T.);
#3460=ADVANCED_FACE('',(#210),#28,.T.);
#3461=ADVANCED_FACE('',(#211),#29,.F.);
#3462=ADVANCED_FACE('',(#212),#30,.T.);
#3463=ADVANCED_FACE('',(#213),#31,.F.);
#3464=ADVANCED_FACE('',(#214),#32,.F.);
#3465=ADVANCED_FACE('',(#215),#33,.F.);
#3466=ADVANCED_FACE('',(#216),#34,.F.);
#3467=ADVANCED_FACE('',(#217),#35,.F.);
#3468=ADVANCED_FACE('',(#218),#36,.F.);
#3469=ADVANCED_FACE('',(#219),#37,.T.);
#3470=ADVANCED_FACE('',(#220),#38,.F.);
#3471=ADVANCED_FACE('',(#221),#39,.F.);
#3472=ADVANCED_FACE('',(#222),#40,.F.);
#3473=ADVANCED_FACE('',(#223,#15),#41,.F.);
#3474=ADVANCED_FACE('',(#224),#42,.F.);
#3475=ADVANCED_FACE('',(#225),#43,.T.);
#3476=ADVANCED_FACE('',(#226),#44,.F.);
#3477=ADVANCED_FACE('',(#227),#45,.F.);
#3478=ADVANCED_FACE('',(#228),#46,.F.);
#3479=ADVANCED_FACE('',(#229),#47,.F.);
#3480=ADVANCED_FACE('',(#230),#48,.F.);
#3481=ADVANCED_FACE('',(#231),#49,.F.);
#3482=ADVANCED_FACE('',(#232),#50,.F.);
#3483=ADVANCED_FACE('',(#233),#51,.T.);
#3484=CLOSED_SHELL('',(#3302,#3303,#3304,#3305,#3306,#3307,#3308,#3309,
#3310,#3311,#3312,#3313,#3314,#3315,#3316,#3317,#3318,#3319,#3320,#3321,
#3322,#3323,#3324,#3325,#3326,#3327,#3328,#3329,#3330,#3331,#3332,#3333,
#3334,#3335,#3336,#3337,#3338,#3339,#3340,#3341,#3342,#3343,#3344,#3345,
#3346,#3347,#3348,#3349,#3350,#3351,#3352,#3353,#3354,#3355,#3356,#3357,
#3358,#3359,#3360,#3361,#3362,#3363,#3364,#3365,#3366,#3367,#3368,#3369,
#3370,#3371,#3372,#3373,#3374,#3375,#3376,#3377,#3378,#3379,#3380,#3381,
#3382,#3383,#3384,#3385,#3386,#3387,#3388,#3389,#3390,#3391,#3392,#3393,
#3394,#3395,#3396,#3397,#3398,#3399,#3400,#3401,#3402,#3403,#3404,#3405,
#3406,#3407,#3408,#3409,#3410,#3411,#3412,#3413,#3414,#3415,#3416,#3417,
#3418,#3419,#3420,#3421,#3422,#3423,#3424,#3425,#3426,#3427,#3428,#3429,
#3430,#3431,#3432,#3433,#3434,#3435,#3436,#3437,#3438,#3439,#3440,#3441,
#3442,#3443,#3444,#3445,#3446,#3447,#3448,#3449,#3450,#3451,#3452,#3453,
#3454,#3455,#3456,#3457,#3458,#3459,#3460,#3461,#3462,#3463,#3464,#3465,
#3466,#3467,#3468,#3469,#3470,#3471,#3472,#3473,#3474,#3475,#3476,#3477,
#3478,#3479,#3480,#3481,#3482,#3483));
#3485=DERIVED_UNIT_ELEMENT(#3487,1.);
#3486=DERIVED_UNIT_ELEMENT(#6244,-3.);
#3487=(
MASS_UNIT()
NAMED_UNIT(*)
SI_UNIT(.KILO.,.GRAM.)
);
#3488=DERIVED_UNIT((#3485,#3486));
#3489=MEASURE_REPRESENTATION_ITEM('density measure',
POSITIVE_RATIO_MEASURE(7850.),#3488);
#3490=PROPERTY_DEFINITION_REPRESENTATION(#3495,#3492);
#3491=PROPERTY_DEFINITION_REPRESENTATION(#3496,#3493);
#3492=REPRESENTATION('material name',(#3494),#6241);
#3493=REPRESENTATION('density',(#3489),#6241);
#3494=DESCRIPTIVE_REPRESENTATION_ITEM('Steel','Steel');
#3495=PROPERTY_DEFINITION('material property','material name',#6251);
#3496=PROPERTY_DEFINITION('material property','density of part',#6251);
#3497=AXIS2_PLACEMENT_3D('',#5165,#3972,#3973);
#3498=AXIS2_PLACEMENT_3D('',#5166,#3974,#3975);
#3499=AXIS2_PLACEMENT_3D('',#5171,#3977,#3978);
#3500=AXIS2_PLACEMENT_3D('',#5174,#3980,#3981);
#3501=AXIS2_PLACEMENT_3D('',#5175,#3982,#3983);
#3502=AXIS2_PLACEMENT_3D('',#5181,#3987,#3988);
#3503=AXIS2_PLACEMENT_3D('',#5183,#3989,#3990);
#3504=AXIS2_PLACEMENT_3D('',#5185,#3991,#3992);
#3505=AXIS2_PLACEMENT_3D('',#5187,#3993,#3994);
#3506=AXIS2_PLACEMENT_3D('',#5189,#3995,#3996);
#3507=AXIS2_PLACEMENT_3D('',#5191,#3997,#3998);
#3508=AXIS2_PLACEMENT_3D('',#5193,#3999,#4000);
#3509=AXIS2_PLACEMENT_3D('',#5195,#4001,#4002);
#3510=AXIS2_PLACEMENT_3D('',#5197,#4003,#4004);
#3511=AXIS2_PLACEMENT_3D('',#5199,#4005,#4006);
#3512=AXIS2_PLACEMENT_3D('',#5201,#4007,#4008);
#3513=AXIS2_PLACEMENT_3D('',#5203,#4009,#4010);
#3514=AXIS2_PLACEMENT_3D('',#5205,#4011,#4012);
#3515=AXIS2_PLACEMENT_3D('',#5215,#4017,#4018);
#3516=AXIS2_PLACEMENT_3D('',#5217,#4019,#4020);
#3517=AXIS2_PLACEMENT_3D('',#5219,#4021,#4022);
#3518=AXIS2_PLACEMENT_3D('',#5221,#4023,#4024);
#3519=AXIS2_PLACEMENT_3D('',#5223,#4025,#4026);
#3520=AXIS2_PLACEMENT_3D('',#5225,#4027,#4028);
#3521=AXIS2_PLACEMENT_3D('',#5227,#4029,#4030);
#3522=AXIS2_PLACEMENT_3D('',#5229,#4031,#4032);
#3523=AXIS2_PLACEMENT_3D('',#5231,#4033,#4034);
#3524=AXIS2_PLACEMENT_3D('',#5233,#4035,#4036);
#3525=AXIS2_PLACEMENT_3D('',#5235,#4037,#4038);
#3526=AXIS2_PLACEMENT_3D('',#5237,#4039,#4040);
#3527=AXIS2_PLACEMENT_3D('',#5239,#4041,#4042);
#3528=AXIS2_PLACEMENT_3D('',#5241,#4043,#4044);
#3529=AXIS2_PLACEMENT_3D('',#5243,#4045,#4046);
#3530=AXIS2_PLACEMENT_3D('',#5245,#4047,#4048);
#3531=AXIS2_PLACEMENT_3D('',#5247,#4049,#4050);
#3532=AXIS2_PLACEMENT_3D('',#5249,#4051,#4052);
#3533=AXIS2_PLACEMENT_3D('',#5251,#4053,#4054);
#3534=AXIS2_PLACEMENT_3D('',#5253,#4055,#4056);
#3535=AXIS2_PLACEMENT_3D('',#5255,#4057,#4058);
#3536=AXIS2_PLACEMENT_3D('',#5257,#4059,#4060);
#3537=AXIS2_PLACEMENT_3D('',#5259,#4061,#4062);
#3538=AXIS2_PLACEMENT_3D('',#5261,#4063,#4064);
#3539=AXIS2_PLACEMENT_3D('',#5263,#4065,#4066);
#3540=AXIS2_PLACEMENT_3D('',#5265,#4067,#4068);
#3541=AXIS2_PLACEMENT_3D('',#5267,#4069,#4070);
#3542=AXIS2_PLACEMENT_3D('',#5269,#4071,#4072);
#3543=AXIS2_PLACEMENT_3D('',#5271,#4073,#4074);
#3544=AXIS2_PLACEMENT_3D('',#5273,#4075,#4076);
#3545=AXIS2_PLACEMENT_3D('',#5275,#4077,#4078);
#3546=AXIS2_PLACEMENT_3D('',#5277,#4079,#4080);
#3547=AXIS2_PLACEMENT_3D('',#5279,#4081,#4082);
#3548=AXIS2_PLACEMENT_3D('',#5281,#4083,#4084);
#3549=AXIS2_PLACEMENT_3D('',#5285,#4086,#4087);
#3550=AXIS2_PLACEMENT_3D('',#5287,#4088,#4089);
#3551=AXIS2_PLACEMENT_3D('',#5289,#4090,#4091);
#3552=AXIS2_PLACEMENT_3D('',#5291,#4092,#4093);
#3553=AXIS2_PLACEMENT_3D('',#5293,#4094,#4095);
#3554=AXIS2_PLACEMENT_3D('',#5295,#4096,#4097);
#3555=AXIS2_PLACEMENT_3D('',#5297,#4098,#4099);
#3556=AXIS2_PLACEMENT_3D('',#5299,#4100,#4101);
#3557=AXIS2_PLACEMENT_3D('',#5301,#4102,#4103);
#3558=AXIS2_PLACEMENT_3D('',#5303,#4104,#4105);
#3559=AXIS2_PLACEMENT_3D('',#5305,#4106,#4107);
#3560=AXIS2_PLACEMENT_3D('',#5307,#4108,#4109);
#3561=AXIS2_PLACEMENT_3D('',#5309,#4110,#4111);
#3562=AXIS2_PLACEMENT_3D('',#5311,#4112,#4113);
#3563=AXIS2_PLACEMENT_3D('',#5313,#4114,#4115);
#3564=AXIS2_PLACEMENT_3D('',#5315,#4116,#4117);
#3565=AXIS2_PLACEMENT_3D('',#5317,#4118,#4119);
#3566=AXIS2_PLACEMENT_3D('',#5319,#4120,#4121);
#3567=AXIS2_PLACEMENT_3D('',#5321,#4122,#4123);
#3568=AXIS2_PLACEMENT_3D('',#5323,#4124,#4125);
#3569=AXIS2_PLACEMENT_3D('',#5325,#4126,#4127);
#3570=AXIS2_PLACEMENT_3D('',#5327,#4128,#4129);
#3571=AXIS2_PLACEMENT_3D('',#5329,#4130,#4131);
#3572=AXIS2_PLACEMENT_3D('',#5331,#4132,#4133);
#3573=AXIS2_PLACEMENT_3D('',#5333,#4134,#4135);
#3574=AXIS2_PLACEMENT_3D('',#5335,#4136,#4137);
#3575=AXIS2_PLACEMENT_3D('',#5337,#4138,#4139);
#3576=AXIS2_PLACEMENT_3D('',#5339,#4140,#4141);
#3577=AXIS2_PLACEMENT_3D('',#5341,#4142,#4143);
#3578=AXIS2_PLACEMENT_3D('',#5343,#4144,#4145);
#3579=AXIS2_PLACEMENT_3D('',#5345,#4146,#4147);
#3580=AXIS2_PLACEMENT_3D('',#5347,#4148,#4149);
#3581=AXIS2_PLACEMENT_3D('',#5349,#4150,#4151);
#3582=AXIS2_PLACEMENT_3D('',#5351,#4152,#4153);
#3583=AXIS2_PLACEMENT_3D('',#5355,#4155,#4156);
#3584=AXIS2_PLACEMENT_3D('',#5357,#4157,#4158);
#3585=AXIS2_PLACEMENT_3D('',#5359,#4159,#4160);
#3586=AXIS2_PLACEMENT_3D('',#5361,#4161,#4162);
#3587=AXIS2_PLACEMENT_3D('',#5363,#4163,#4164);
#3588=AXIS2_PLACEMENT_3D('',#5365,#4165,#4166);
#3589=AXIS2_PLACEMENT_3D('',#5367,#4167,#4168);
#3590=AXIS2_PLACEMENT_3D('',#5369,#4169,#4170);
#3591=AXIS2_PLACEMENT_3D('',#5371,#4171,#4172);
#3592=AXIS2_PLACEMENT_3D('',#5373,#4173,#4174);
#3593=AXIS2_PLACEMENT_3D('',#5375,#4175,#4176);
#3594=AXIS2_PLACEMENT_3D('',#5377,#4177,#4178);
#3595=AXIS2_PLACEMENT_3D('',#5379,#4179,#4180);
#3596=AXIS2_PLACEMENT_3D('',#5381,#4181,#4182);
#3597=AXIS2_PLACEMENT_3D('',#5383,#4183,#4184);
#3598=AXIS2_PLACEMENT_3D('',#5385,#4185,#4186);
#3599=AXIS2_PLACEMENT_3D('',#5387,#4187,#4188);
#3600=AXIS2_PLACEMENT_3D('',#5389,#4189,#4190);
#3601=AXIS2_PLACEMENT_3D('',#5391,#4191,#4192);
#3602=AXIS2_PLACEMENT_3D('',#5393,#4193,#4194);
#3603=AXIS2_PLACEMENT_3D('',#5395,#4195,#4196);
#3604=AXIS2_PLACEMENT_3D('',#5397,#4197,#4198);
#3605=AXIS2_PLACEMENT_3D('',#5399,#4199,#4200);
#3606=AXIS2_PLACEMENT_3D('',#5401,#4201,#4202);
#3607=AXIS2_PLACEMENT_3D('',#5403,#4203,#4204);
#3608=AXIS2_PLACEMENT_3D('',#5405,#4205,#4206);
#3609=AXIS2_PLACEMENT_3D('',#5407,#4207,#4208);
#3610=AXIS2_PLACEMENT_3D('',#5409,#4209,#4210);
#3611=AXIS2_PLACEMENT_3D('',#5411,#4211,#4212);
#3612=AXIS2_PLACEMENT_3D('',#5413,#4213,#4214);
#3613=AXIS2_PLACEMENT_3D('',#5415,#4215,#4216);
#3614=AXIS2_PLACEMENT_3D('',#5417,#4217,#4218);
#3615=AXIS2_PLACEMENT_3D('',#5419,#4219,#4220);
#3616=AXIS2_PLACEMENT_3D('',#5421,#4221,#4222);
#3617=AXIS2_PLACEMENT_3D('',#5423,#4223,#4224);
#3618=AXIS2_PLACEMENT_3D('',#5425,#4225,#4226);
#3619=AXIS2_PLACEMENT_3D('',#5427,#4227,#4228);
#3620=AXIS2_PLACEMENT_3D('',#5431,#4230,#4231);
#3621=AXIS2_PLACEMENT_3D('',#5433,#4232,#4233);
#3622=AXIS2_PLACEMENT_3D('',#5435,#4234,#4235);
#3623=AXIS2_PLACEMENT_3D('',#5437,#4236,#4237);
#3624=AXIS2_PLACEMENT_3D('',#5439,#4238,#4239);
#3625=AXIS2_PLACEMENT_3D('',#5441,#4240,#4241);
#3626=AXIS2_PLACEMENT_3D('',#5443,#4242,#4243);
#3627=AXIS2_PLACEMENT_3D('',#5445,#4244,#4245);
#3628=AXIS2_PLACEMENT_3D('',#5447,#4246,#4247);
#3629=AXIS2_PLACEMENT_3D('',#5449,#4248,#4249);
#3630=AXIS2_PLACEMENT_3D('',#5451,#4250,#4251);
#3631=AXIS2_PLACEMENT_3D('',#5453,#4252,#4253);
#3632=AXIS2_PLACEMENT_3D('',#5455,#4254,#4255);
#3633=AXIS2_PLACEMENT_3D('',#5457,#4256,#4257);
#3634=AXIS2_PLACEMENT_3D('',#5459,#4258,#4259);
#3635=AXIS2_PLACEMENT_3D('',#5461,#4260,#4261);
#3636=AXIS2_PLACEMENT_3D('',#5463,#4262,#4263);
#3637=AXIS2_PLACEMENT_3D('',#5465,#4264,#4265);
#3638=AXIS2_PLACEMENT_3D('',#5467,#4266,#4267);
#3639=AXIS2_PLACEMENT_3D('',#5469,#4268,#4269);
#3640=AXIS2_PLACEMENT_3D('',#5471,#4270,#4271);
#3641=AXIS2_PLACEMENT_3D('',#5473,#4272,#4273);
#3642=AXIS2_PLACEMENT_3D('',#5475,#4274,#4275);
#3643=AXIS2_PLACEMENT_3D('',#5477,#4276,#4277);
#3644=AXIS2_PLACEMENT_3D('',#5479,#4278,#4279);
#3645=AXIS2_PLACEMENT_3D('',#5481,#4280,#4281);
#3646=AXIS2_PLACEMENT_3D('',#5483,#4282,#4283);
#3647=AXIS2_PLACEMENT_3D('',#5484,#4284,#4285);
#3648=AXIS2_PLACEMENT_3D('',#5485,#4286,#4287);
#3649=AXIS2_PLACEMENT_3D('',#5487,#4288,#4289);
#3650=AXIS2_PLACEMENT_3D('',#5489,#4291,#4292);
#3651=AXIS2_PLACEMENT_3D('',#5491,#4293,#4294);
#3652=AXIS2_PLACEMENT_3D('',#5493,#4296,#4297);
#3653=AXIS2_PLACEMENT_3D('',#5495,#4298,#4299);
#3654=AXIS2_PLACEMENT_3D('',#5497,#4300,#4301);
#3655=AXIS2_PLACEMENT_3D('',#5499,#4302,#4303);
#3656=AXIS2_PLACEMENT_3D('',#5501,#4304,#4305);
#3657=AXIS2_PLACEMENT_3D('',#5503,#4306,#4307);
#3658=AXIS2_PLACEMENT_3D('',#5505,#4308,#4309);
#3659=AXIS2_PLACEMENT_3D('',#5507,#4310,#4311);
#3660=AXIS2_PLACEMENT_3D('',#5509,#4312,#4313);
#3661=AXIS2_PLACEMENT_3D('',#5511,#4314,#4315);
#3662=AXIS2_PLACEMENT_3D('',#5513,#4316,#4317);
#3663=AXIS2_PLACEMENT_3D('',#5515,#4318,#4319);
#3664=AXIS2_PLACEMENT_3D('',#5517,#4320,#4321);
#3665=AXIS2_PLACEMENT_3D('',#5519,#4322,#4323);
#3666=AXIS2_PLACEMENT_3D('',#5521,#4324,#4325);
#3667=AXIS2_PLACEMENT_3D('',#5523,#4326,#4327);
#3668=AXIS2_PLACEMENT_3D('',#5525,#4328,#4329);
#3669=AXIS2_PLACEMENT_3D('',#5527,#4330,#4331);
#3670=AXIS2_PLACEMENT_3D('',#5529,#4332,#4333);
#3671=AXIS2_PLACEMENT_3D('',#5531,#4334,#4335);
#3672=AXIS2_PLACEMENT_3D('',#5533,#4336,#4337);
#3673=AXIS2_PLACEMENT_3D('',#5535,#4338,#4339);
#3674=AXIS2_PLACEMENT_3D('',#5537,#4340,#4341);
#3675=AXIS2_PLACEMENT_3D('',#5539,#4342,#4343);
#3676=AXIS2_PLACEMENT_3D('',#5541,#4344,#4345);
#3677=AXIS2_PLACEMENT_3D('',#5543,#4346,#4347);
#3678=AXIS2_PLACEMENT_3D('',#5545,#4348,#4349);
#3679=AXIS2_PLACEMENT_3D('',#5547,#4350,#4351);
#3680=AXIS2_PLACEMENT_3D('',#5549,#4352,#4353);
#3681=AXIS2_PLACEMENT_3D('',#5553,#4355,#4356);
#3682=AXIS2_PLACEMENT_3D('',#5555,#4357,#4358);
#3683=AXIS2_PLACEMENT_3D('',#5557,#4359,#4360);
#3684=AXIS2_PLACEMENT_3D('',#5559,#4361,#4362);
#3685=AXIS2_PLACEMENT_3D('',#5561,#4363,#4364);
#3686=AXIS2_PLACEMENT_3D('',#5563,#4365,#4366);
#3687=AXIS2_PLACEMENT_3D('',#5565,#4367,#4368);
#3688=AXIS2_PLACEMENT_3D('',#5567,#4369,#4370);
#3689=AXIS2_PLACEMENT_3D('',#5569,#4371,#4372);
#3690=AXIS2_PLACEMENT_3D('',#5571,#4373,#4374);
#3691=AXIS2_PLACEMENT_3D('',#5573,#4375,#4376);
#3692=AXIS2_PLACEMENT_3D('',#5575,#4377,#4378);
#3693=AXIS2_PLACEMENT_3D('',#5577,#4379,#4380);
#3694=AXIS2_PLACEMENT_3D('',#5579,#4381,#4382);
#3695=AXIS2_PLACEMENT_3D('',#5581,#4383,#4384);
#3696=AXIS2_PLACEMENT_3D('',#5583,#4385,#4386);
#3697=AXIS2_PLACEMENT_3D('',#5585,#4387,#4388);
#3698=AXIS2_PLACEMENT_3D('',#5587,#4389,#4390);
#3699=AXIS2_PLACEMENT_3D('',#5589,#4391,#4392);
#3700=AXIS2_PLACEMENT_3D('',#5591,#4393,#4394);
#3701=AXIS2_PLACEMENT_3D('',#5593,#4395,#4396);
#3702=AXIS2_PLACEMENT_3D('',#5595,#4397,#4398);
#3703=AXIS2_PLACEMENT_3D('',#5597,#4399,#4400);
#3704=AXIS2_PLACEMENT_3D('',#5599,#4401,#4402);
#3705=AXIS2_PLACEMENT_3D('',#5601,#4403,#4404);
#3706=AXIS2_PLACEMENT_3D('',#5603,#4405,#4406);
#3707=AXIS2_PLACEMENT_3D('',#5605,#4407,#4408);
#3708=AXIS2_PLACEMENT_3D('',#5607,#4409,#4410);
#3709=AXIS2_PLACEMENT_3D('',#5609,#4411,#4412);
#3710=AXIS2_PLACEMENT_3D('',#5611,#4413,#4414);
#3711=AXIS2_PLACEMENT_3D('',#5613,#4415,#4416);
#3712=AXIS2_PLACEMENT_3D('',#5615,#4417,#4418);
#3713=AXIS2_PLACEMENT_3D('',#5617,#4419,#4420);
#3714=AXIS2_PLACEMENT_3D('',#5619,#4421,#4422);
#3715=AXIS2_PLACEMENT_3D('',#5621,#4423,#4424);
#3716=AXIS2_PLACEMENT_3D('',#5623,#4425,#4426);
#3717=AXIS2_PLACEMENT_3D('',#5625,#4427,#4428);
#3718=AXIS2_PLACEMENT_3D('',#5629,#4430,#4431);
#3719=AXIS2_PLACEMENT_3D('',#5631,#4432,#4433);
#3720=AXIS2_PLACEMENT_3D('',#5633,#4434,#4435);
#3721=AXIS2_PLACEMENT_3D('',#5635,#4436,#4437);
#3722=AXIS2_PLACEMENT_3D('',#5637,#4438,#4439);
#3723=AXIS2_PLACEMENT_3D('',#5639,#4440,#4441);
#3724=AXIS2_PLACEMENT_3D('',#5641,#4442,#4443);
#3725=AXIS2_PLACEMENT_3D('',#5643,#4444,#4445);
#3726=AXIS2_PLACEMENT_3D('',#5645,#4446,#4447);
#3727=AXIS2_PLACEMENT_3D('',#5647,#4448,#4449);
#3728=AXIS2_PLACEMENT_3D('',#5649,#4450,#4451);
#3729=AXIS2_PLACEMENT_3D('',#5651,#4452,#4453);
#3730=AXIS2_PLACEMENT_3D('',#5653,#4454,#4455);
#3731=AXIS2_PLACEMENT_3D('',#5655,#4456,#4457);
#3732=AXIS2_PLACEMENT_3D('',#5657,#4458,#4459);
#3733=AXIS2_PLACEMENT_3D('',#5659,#4460,#4461);
#3734=AXIS2_PLACEMENT_3D('',#5661,#4462,#4463);
#3735=AXIS2_PLACEMENT_3D('',#5663,#4464,#4465);
#3736=AXIS2_PLACEMENT_3D('',#5665,#4466,#4467);
#3737=AXIS2_PLACEMENT_3D('',#5667,#4468,#4469);
#3738=AXIS2_PLACEMENT_3D('',#5669,#4470,#4471);
#3739=AXIS2_PLACEMENT_3D('',#5671,#4472,#4473);
#3740=AXIS2_PLACEMENT_3D('',#5673,#4474,#4475);
#3741=AXIS2_PLACEMENT_3D('',#5675,#4476,#4477);
#3742=AXIS2_PLACEMENT_3D('',#5677,#4478,#4479);
#3743=AXIS2_PLACEMENT_3D('',#5679,#4480,#4481);
#3744=AXIS2_PLACEMENT_3D('',#5681,#4482,#4483);
#3745=AXIS2_PLACEMENT_3D('',#5683,#4484,#4485);
#3746=AXIS2_PLACEMENT_3D('',#5685,#4486,#4487);
#3747=AXIS2_PLACEMENT_3D('',#5687,#4488,#4489);
#3748=AXIS2_PLACEMENT_3D('',#5689,#4490,#4491);
#3749=AXIS2_PLACEMENT_3D('',#5691,#4492,#4493);
#3750=AXIS2_PLACEMENT_3D('',#5693,#4494,#4495);
#3751=AXIS2_PLACEMENT_3D('',#5695,#4496,#4497);
#3752=AXIS2_PLACEMENT_3D('',#5699,#4499,#4500);
#3753=AXIS2_PLACEMENT_3D('',#5701,#4501,#4502);
#3754=AXIS2_PLACEMENT_3D('',#5703,#4503,#4504);
#3755=AXIS2_PLACEMENT_3D('',#5705,#4505,#4506);
#3756=AXIS2_PLACEMENT_3D('',#5707,#4507,#4508);
#3757=AXIS2_PLACEMENT_3D('',#5709,#4509,#4510);
#3758=AXIS2_PLACEMENT_3D('',#5711,#4511,#4512);
#3759=AXIS2_PLACEMENT_3D('',#5713,#4513,#4514);
#3760=AXIS2_PLACEMENT_3D('',#5715,#4515,#4516);
#3761=AXIS2_PLACEMENT_3D('',#5717,#4517,#4518);
#3762=AXIS2_PLACEMENT_3D('',#5719,#4519,#4520);
#3763=AXIS2_PLACEMENT_3D('',#5721,#4521,#4522);
#3764=AXIS2_PLACEMENT_3D('',#5723,#4523,#4524);
#3765=AXIS2_PLACEMENT_3D('',#5725,#4525,#4526);
#3766=AXIS2_PLACEMENT_3D('',#5727,#4527,#4528);
#3767=AXIS2_PLACEMENT_3D('',#5729,#4529,#4530);
#3768=AXIS2_PLACEMENT_3D('',#5731,#4531,#4532);
#3769=AXIS2_PLACEMENT_3D('',#5733,#4533,#4534);
#3770=AXIS2_PLACEMENT_3D('',#5735,#4535,#4536);
#3771=AXIS2_PLACEMENT_3D('',#5737,#4537,#4538);
#3772=AXIS2_PLACEMENT_3D('',#5739,#4539,#4540);
#3773=AXIS2_PLACEMENT_3D('',#5741,#4541,#4542);
#3774=AXIS2_PLACEMENT_3D('',#5743,#4543,#4544);
#3775=AXIS2_PLACEMENT_3D('',#5745,#4545,#4546);
#3776=AXIS2_PLACEMENT_3D('',#5747,#4547,#4548);
#3777=AXIS2_PLACEMENT_3D('',#5749,#4549,#4550);
#3778=AXIS2_PLACEMENT_3D('',#5751,#4551,#4552);
#3779=AXIS2_PLACEMENT_3D('',#5753,#4553,#4554);
#3780=AXIS2_PLACEMENT_3D('',#5755,#4555,#4556);
#3781=AXIS2_PLACEMENT_3D('',#5757,#4557,#4558);
#3782=AXIS2_PLACEMENT_3D('',#5759,#4559,#4560);
#3783=AXIS2_PLACEMENT_3D('',#5761,#4561,#4562);
#3784=AXIS2_PLACEMENT_3D('',#5763,#4563,#4564);
#3785=AXIS2_PLACEMENT_3D('',#5765,#4565,#4566);
#3786=AXIS2_PLACEMENT_3D('',#5775,#4571,#4572);
#3787=AXIS2_PLACEMENT_3D('',#5777,#4573,#4574);
#3788=AXIS2_PLACEMENT_3D('',#5779,#4575,#4576);
#3789=AXIS2_PLACEMENT_3D('',#5781,#4577,#4578);
#3790=AXIS2_PLACEMENT_3D('',#5783,#4579,#4580);
#3791=AXIS2_PLACEMENT_3D('',#5785,#4581,#4582);
#3792=AXIS2_PLACEMENT_3D('',#5787,#4583,#4584);
#3793=AXIS2_PLACEMENT_3D('',#5789,#4585,#4586);
#3794=AXIS2_PLACEMENT_3D('',#5791,#4587,#4588);
#3795=AXIS2_PLACEMENT_3D('',#5792,#4589,#4590);
#3796=AXIS2_PLACEMENT_3D('',#5793,#4591,#4592);
#3797=AXIS2_PLACEMENT_3D('',#5795,#4594,#4595);
#3798=AXIS2_PLACEMENT_3D('',#5797,#4597,#4598);
#3799=AXIS2_PLACEMENT_3D('',#5799,#4600,#4601);
#3800=AXIS2_PLACEMENT_3D('',#5801,#4603,#4604);
#3801=AXIS2_PLACEMENT_3D('',#5803,#4606,#4607);
#3802=AXIS2_PLACEMENT_3D('',#5805,#4609,#4610);
#3803=AXIS2_PLACEMENT_3D('',#5807,#4612,#4613);
#3804=AXIS2_PLACEMENT_3D('',#5809,#4615,#4616);
#3805=AXIS2_PLACEMENT_3D('',#5811,#4618,#4619);
#3806=AXIS2_PLACEMENT_3D('',#5813,#4621,#4622);
#3807=AXIS2_PLACEMENT_3D('',#5815,#4624,#4625);
#3808=AXIS2_PLACEMENT_3D('',#5818,#4628,#4629);
#3809=AXIS2_PLACEMENT_3D('',#5820,#4631,#4632);
#3810=AXIS2_PLACEMENT_3D('',#5822,#4634,#4635);
#3811=AXIS2_PLACEMENT_3D('',#5824,#4637,#4638);
#3812=AXIS2_PLACEMENT_3D('',#5826,#4640,#4641);
#3813=AXIS2_PLACEMENT_3D('',#5828,#4643,#4644);
#3814=AXIS2_PLACEMENT_3D('',#5830,#4646,#4647);
#3815=AXIS2_PLACEMENT_3D('',#5832,#4649,#4650);
#3816=AXIS2_PLACEMENT_3D('',#5834,#4652,#4653);
#3817=AXIS2_PLACEMENT_3D('',#5836,#4655,#4656);
#3818=AXIS2_PLACEMENT_3D('',#5838,#4658,#4659);
#3819=AXIS2_PLACEMENT_3D('',#5840,#4661,#4662);
#3820=AXIS2_PLACEMENT_3D('',#5842,#4664,#4665);
#3821=AXIS2_PLACEMENT_3D('',#5844,#4667,#4668);
#3822=AXIS2_PLACEMENT_3D('',#5846,#4670,#4671);
#3823=AXIS2_PLACEMENT_3D('',#5848,#4673,#4674);
#3824=AXIS2_PLACEMENT_3D('',#5850,#4676,#4677);
#3825=AXIS2_PLACEMENT_3D('',#5852,#4679,#4680);
#3826=AXIS2_PLACEMENT_3D('',#5854,#4682,#4683);
#3827=AXIS2_PLACEMENT_3D('',#5856,#4685,#4686);
#3828=AXIS2_PLACEMENT_3D('',#5858,#4688,#4689);
#3829=AXIS2_PLACEMENT_3D('',#5860,#4691,#4692);
#3830=AXIS2_PLACEMENT_3D('',#5862,#4694,#4695);
#3831=AXIS2_PLACEMENT_3D('',#5864,#4697,#4698);
#3832=AXIS2_PLACEMENT_3D('',#5866,#4700,#4701);
#3833=AXIS2_PLACEMENT_3D('',#5868,#4703,#4704);
#3834=AXIS2_PLACEMENT_3D('',#5870,#4706,#4707);
#3835=AXIS2_PLACEMENT_3D('',#5872,#4709,#4710);
#3836=AXIS2_PLACEMENT_3D('',#5873,#4711,#4712);
#3837=AXIS2_PLACEMENT_3D('',#5876,#4715,#4716);
#3838=AXIS2_PLACEMENT_3D('',#5878,#4718,#4719);
#3839=AXIS2_PLACEMENT_3D('',#5880,#4721,#4722);
#3840=AXIS2_PLACEMENT_3D('',#5882,#4724,#4725);
#3841=AXIS2_PLACEMENT_3D('',#5884,#4727,#4728);
#3842=AXIS2_PLACEMENT_3D('',#5886,#4730,#4731);
#3843=AXIS2_PLACEMENT_3D('',#5888,#4733,#4734);
#3844=AXIS2_PLACEMENT_3D('',#5890,#4736,#4737);
#3845=AXIS2_PLACEMENT_3D('',#5892,#4739,#4740);
#3846=AXIS2_PLACEMENT_3D('',#5894,#4742,#4743);
#3847=AXIS2_PLACEMENT_3D('',#5896,#4745,#4746);
#3848=AXIS2_PLACEMENT_3D('',#5898,#4748,#4749);
#3849=AXIS2_PLACEMENT_3D('',#5900,#4751,#4752);
#3850=AXIS2_PLACEMENT_3D('',#5902,#4754,#4755);
#3851=AXIS2_PLACEMENT_3D('',#5904,#4757,#4758);
#3852=AXIS2_PLACEMENT_3D('',#5906,#4760,#4761);
#3853=AXIS2_PLACEMENT_3D('',#5908,#4763,#4764);
#3854=AXIS2_PLACEMENT_3D('',#5910,#4766,#4767);
#3855=AXIS2_PLACEMENT_3D('',#5912,#4769,#4770);
#3856=AXIS2_PLACEMENT_3D('',#5914,#4772,#4773);
#3857=AXIS2_PLACEMENT_3D('',#5916,#4775,#4776);
#3858=AXIS2_PLACEMENT_3D('',#5918,#4778,#4779);
#3859=AXIS2_PLACEMENT_3D('',#5920,#4781,#4782);
#3860=AXIS2_PLACEMENT_3D('',#5922,#4784,#4785);
#3861=AXIS2_PLACEMENT_3D('',#5924,#4787,#4788);
#3862=AXIS2_PLACEMENT_3D('',#5926,#4790,#4791);
#3863=AXIS2_PLACEMENT_3D('',#5928,#4793,#4794);
#3864=AXIS2_PLACEMENT_3D('',#5930,#4796,#4797);
#3865=AXIS2_PLACEMENT_3D('',#5932,#4799,#4800);
#3866=AXIS2_PLACEMENT_3D('',#5934,#4802,#4803);
#3867=AXIS2_PLACEMENT_3D('',#5936,#4805,#4806);
#3868=AXIS2_PLACEMENT_3D('',#5938,#4808,#4809);
#3869=AXIS2_PLACEMENT_3D('',#5940,#4811,#4812);
#3870=AXIS2_PLACEMENT_3D('',#5942,#4814,#4815);
#3871=AXIS2_PLACEMENT_3D('',#5944,#4817,#4818);
#3872=AXIS2_PLACEMENT_3D('',#5946,#4820,#4821);
#3873=AXIS2_PLACEMENT_3D('',#5948,#4823,#4824);
#3874=AXIS2_PLACEMENT_3D('',#5949,#4825,#4826);
#3875=AXIS2_PLACEMENT_3D('',#5952,#4829,#4830);
#3876=AXIS2_PLACEMENT_3D('',#5954,#4832,#4833);
#3877=AXIS2_PLACEMENT_3D('',#5956,#4835,#4836);
#3878=AXIS2_PLACEMENT_3D('',#5958,#4838,#4839);
#3879=AXIS2_PLACEMENT_3D('',#5960,#4841,#4842);
#3880=AXIS2_PLACEMENT_3D('',#5962,#4844,#4845);
#3881=AXIS2_PLACEMENT_3D('',#5964,#4847,#4848);
#3882=AXIS2_PLACEMENT_3D('',#5966,#4850,#4851);
#3883=AXIS2_PLACEMENT_3D('',#5968,#4853,#4854);
#3884=AXIS2_PLACEMENT_3D('',#5970,#4856,#4857);
#3885=AXIS2_PLACEMENT_3D('',#5972,#4859,#4860);
#3886=AXIS2_PLACEMENT_3D('',#5974,#4862,#4863);
#3887=AXIS2_PLACEMENT_3D('',#5976,#4865,#4866);
#3888=AXIS2_PLACEMENT_3D('',#5978,#4868,#4869);
#3889=AXIS2_PLACEMENT_3D('',#5980,#4871,#4872);
#3890=AXIS2_PLACEMENT_3D('',#5982,#4874,#4875);
#3891=AXIS2_PLACEMENT_3D('',#5984,#4877,#4878);
#3892=AXIS2_PLACEMENT_3D('',#5986,#4880,#4881);
#3893=AXIS2_PLACEMENT_3D('',#5988,#4883,#4884);
#3894=AXIS2_PLACEMENT_3D('',#5990,#4886,#4887);
#3895=AXIS2_PLACEMENT_3D('',#5992,#4889,#4890);
#3896=AXIS2_PLACEMENT_3D('',#5994,#4892,#4893);
#3897=AXIS2_PLACEMENT_3D('',#5996,#4895,#4896);
#3898=AXIS2_PLACEMENT_3D('',#5998,#4898,#4899);
#3899=AXIS2_PLACEMENT_3D('',#6000,#4901,#4902);
#3900=AXIS2_PLACEMENT_3D('',#6002,#4904,#4905);
#3901=AXIS2_PLACEMENT_3D('',#6004,#4907,#4908);
#3902=AXIS2_PLACEMENT_3D('',#6006,#4910,#4911);
#3903=AXIS2_PLACEMENT_3D('',#6008,#4913,#4914);
#3904=AXIS2_PLACEMENT_3D('',#6010,#4916,#4917);
#3905=AXIS2_PLACEMENT_3D('',#6012,#4919,#4920);
#3906=AXIS2_PLACEMENT_3D('',#6014,#4922,#4923);
#3907=AXIS2_PLACEMENT_3D('',#6016,#4925,#4926);
#3908=AXIS2_PLACEMENT_3D('',#6018,#4928,#4929);
#3909=AXIS2_PLACEMENT_3D('',#6019,#4930,#4931);
#3910=AXIS2_PLACEMENT_3D('',#6022,#4934,#4935);
#3911=AXIS2_PLACEMENT_3D('',#6024,#4937,#4938);
#3912=AXIS2_PLACEMENT_3D('',#6026,#4940,#4941);
#3913=AXIS2_PLACEMENT_3D('',#6028,#4943,#4944);
#3914=AXIS2_PLACEMENT_3D('',#6030,#4946,#4947);
#3915=AXIS2_PLACEMENT_3D('',#6032,#4949,#4950);
#3916=AXIS2_PLACEMENT_3D('',#6034,#4952,#4953);
#3917=AXIS2_PLACEMENT_3D('',#6036,#4955,#4956);
#3918=AXIS2_PLACEMENT_3D('',#6038,#4958,#4959);
#3919=AXIS2_PLACEMENT_3D('',#6040,#4961,#4962);
#3920=AXIS2_PLACEMENT_3D('',#6042,#4964,#4965);
#3921=AXIS2_PLACEMENT_3D('',#6044,#4967,#4968);
#3922=AXIS2_PLACEMENT_3D('',#6046,#4970,#4971);
#3923=AXIS2_PLACEMENT_3D('',#6048,#4973,#4974);
#3924=AXIS2_PLACEMENT_3D('',#6050,#4976,#4977);
#3925=AXIS2_PLACEMENT_3D('',#6052,#4979,#4980);
#3926=AXIS2_PLACEMENT_3D('',#6054,#4982,#4983);
#3927=AXIS2_PLACEMENT_3D('',#6056,#4985,#4986);
#3928=AXIS2_PLACEMENT_3D('',#6058,#4988,#4989);
#3929=AXIS2_PLACEMENT_3D('',#6060,#4991,#4992);
#3930=AXIS2_PLACEMENT_3D('',#6062,#4994,#4995);
#3931=AXIS2_PLACEMENT_3D('',#6064,#4997,#4998);
#3932=AXIS2_PLACEMENT_3D('',#6066,#5000,#5001);
#3933=AXIS2_PLACEMENT_3D('',#6068,#5003,#5004);
#3934=AXIS2_PLACEMENT_3D('',#6070,#5006,#5007);
#3935=AXIS2_PLACEMENT_3D('',#6072,#5009,#5010);
#3936=AXIS2_PLACEMENT_3D('',#6074,#5012,#5013);
#3937=AXIS2_PLACEMENT_3D('',#6080,#5017,#5018);
#3938=AXIS2_PLACEMENT_3D('',#6082,#5020,#5021);
#3939=AXIS2_PLACEMENT_3D('',#6084,#5023,#5024);
#3940=AXIS2_PLACEMENT_3D('',#6086,#5026,#5027);
#3941=AXIS2_PLACEMENT_3D('',#6088,#5029,#5030);
#3942=AXIS2_PLACEMENT_3D('',#6090,#5032,#5033);
#3943=AXIS2_PLACEMENT_3D('',#6092,#5035,#5036);
#3944=AXIS2_PLACEMENT_3D('',#6093,#5037,#5038);
#3945=AXIS2_PLACEMENT_3D('',#6102,#5043,#5044);
#3946=AXIS2_PLACEMENT_3D('',#6108,#5048,#5049);
#3947=AXIS2_PLACEMENT_3D('',#6114,#5053,#5054);
#3948=AXIS2_PLACEMENT_3D('',#6117,#5057,#5058);
#3949=AXIS2_PLACEMENT_3D('',#6118,#5059,#5060);
#3950=AXIS2_PLACEMENT_3D('',#6127,#5065,#5066);
#3951=AXIS2_PLACEMENT_3D('',#6133,#5070,#5071);
#3952=AXIS2_PLACEMENT_3D('',#6142,#5076,#5077);
#3953=AXIS2_PLACEMENT_3D('',#6148,#5081,#5082);
#3954=AXIS2_PLACEMENT_3D('',#6151,#5085,#5086);
#3955=AXIS2_PLACEMENT_3D('',#6153,#5088,#5089);
#3956=AXIS2_PLACEMENT_3D('',#6166,#5096,#5097);
#3957=AXIS2_PLACEMENT_3D('',#6172,#5101,#5102);
#3958=AXIS2_PLACEMENT_3D('',#6175,#5105,#5106);
#3959=AXIS2_PLACEMENT_3D('',#6180,#5110,#5111);
#3960=AXIS2_PLACEMENT_3D('',#6181,#5112,#5113);
#3961=AXIS2_PLACEMENT_3D('',#6189,#5118,#5119);
#3962=AXIS2_PLACEMENT_3D('',#6195,#5123,#5124);
#3963=AXIS2_PLACEMENT_3D('',#6209,#5132,#5133);
#3964=AXIS2_PLACEMENT_3D('',#6216,#5138,#5139);
#3965=AXIS2_PLACEMENT_3D('',#6218,#5141,#5142);
#3966=AXIS2_PLACEMENT_3D('',#6219,#5143,#5144);
#3967=AXIS2_PLACEMENT_3D('',#6225,#5148,#5149);
#3968=AXIS2_PLACEMENT_3D('',#6230,#5153,#5154);
#3969=AXIS2_PLACEMENT_3D('',#6234,#5157,#5158);
#3970=AXIS2_PLACEMENT_3D('',#6236,#5160,#5161);
#3971=AXIS2_PLACEMENT_3D('',#6238,#5163,#5164);
#3972=DIRECTION('axis',(0.,0.,1.));
#3973=DIRECTION('refdir',(1.,0.,0.));
#3974=DIRECTION('center_axis',(1.,0.,0.));
#3975=DIRECTION('ref_axis',(0.,0.,-1.));
#3976=DIRECTION('',(1.,0.,0.));
#3977=DIRECTION('center_axis',(1.,0.,0.));
#3978=DIRECTION('ref_axis',(0.,0.,-1.));
#3979=DIRECTION('',(-1.,0.,0.));
#3980=DIRECTION('center_axis',(-1.,0.,0.));
#3981=DIRECTION('ref_axis',(0.,0.,-1.));
#3982=DIRECTION('center_axis',(0.,0.,1.));
#3983=DIRECTION('ref_axis',(1.,0.,0.));
#3984=DIRECTION('',(0.,1.,0.));
#3985=DIRECTION('',(1.,0.,0.));
#3986=DIRECTION('',(0.,-1.,0.));
#3987=DIRECTION('center_axis',(1.,0.,0.));
#3988=DIRECTION('ref_axis',(0.,0.,-1.));
#3989=DIRECTION('center_axis',(1.,0.,0.));
#3990=DIRECTION('ref_axis',(0.,0.,-1.));
#3991=DIRECTION('center_axis',(1.,0.,0.));
#3992=DIRECTION('ref_axis',(0.,0.,-1.));
#3993=DIRECTION('center_axis',(1.,0.,0.));
#3994=DIRECTION('ref_axis',(0.,0.,-1.));
#3995=DIRECTION('center_axis',(1.,0.,0.));
#3996=DIRECTION('ref_axis',(0.,0.,-1.));
#3997=DIRECTION('center_axis',(1.,0.,0.));
#3998=DIRECTION('ref_axis',(0.,0.,-1.));
#3999=DIRECTION('center_axis',(1.,0.,0.));
#4000=DIRECTION('ref_axis',(0.,0.,-1.));
#4001=DIRECTION('center_axis',(1.,0.,0.));
#4002=DIRECTION('ref_axis',(0.,0.,-1.));
#4003=DIRECTION('center_axis',(1.,0.,0.));
#4004=DIRECTION('ref_axis',(0.,0.,-1.));
#4005=DIRECTION('center_axis',(1.,0.,0.));
#4006=DIRECTION('ref_axis',(0.,0.,-1.));
#4007=DIRECTION('center_axis',(1.,0.,0.));
#4008=DIRECTION('ref_axis',(0.,0.,-1.));
#4009=DIRECTION('center_axis',(1.,0.,0.));
#4010=DIRECTION('ref_axis',(0.,0.,-1.));
#4011=DIRECTION('center_axis',(1.,0.,0.));
#4012=DIRECTION('ref_axis',(0.,0.,-1.));
#4013=DIRECTION('',(0.,0.,-1.));
#4014=DIRECTION('',(0.,-1.,0.));
#4015=DIRECTION('',(0.,0.,-1.));
#4016=DIRECTION('',(0.,1.,0.));
#4017=DIRECTION('center_axis',(1.,0.,0.));
#4018=DIRECTION('ref_axis',(0.,0.,-1.));
#4019=DIRECTION('center_axis',(1.,0.,0.));
#4020=DIRECTION('ref_axis',(0.,0.,-1.));
#4021=DIRECTION('center_axis',(1.,0.,0.));
#4022=DIRECTION('ref_axis',(0.,0.,-1.));
#4023=DIRECTION('center_axis',(1.,0.,0.));
#4024=DIRECTION('ref_axis',(0.,0.,-1.));
#4025=DIRECTION('center_axis',(1.,0.,0.));
#4026=DIRECTION('ref_axis',(0.,0.,-1.));
#4027=DIRECTION('center_axis',(1.,0.,0.));
#4028=DIRECTION('ref_axis',(0.,0.,-1.));
#4029=DIRECTION('center_axis',(1.,0.,0.));
#4030=DIRECTION('ref_axis',(0.,0.,-1.));
#4031=DIRECTION('center_axis',(1.,0.,0.));
#4032=DIRECTION('ref_axis',(0.,0.,-1.));
#4033=DIRECTION('center_axis',(1.,0.,0.));
#4034=DIRECTION('ref_axis',(0.,0.,-1.));
#4035=DIRECTION('center_axis',(1.,0.,0.));
#4036=DIRECTION('ref_axis',(0.,0.,-1.));
#4037=DIRECTION('center_axis',(1.,0.,0.));
#4038=DIRECTION('ref_axis',(0.,0.,-1.));
#4039=DIRECTION('center_axis',(1.,0.,0.));
#4040=DIRECTION('ref_axis',(0.,0.,-1.));
#4041=DIRECTION('center_axis',(1.,0.,0.));
#4042=DIRECTION('ref_axis',(0.,0.,-1.));
#4043=DIRECTION('center_axis',(1.,0.,0.));
#4044=DIRECTION('ref_axis',(0.,0.,-1.));
#4045=DIRECTION('center_axis',(1.,0.,0.));
#4046=DIRECTION('ref_axis',(0.,0.,-1.));
#4047=DIRECTION('center_axis',(1.,0.,0.));
#4048=DIRECTION('ref_axis',(0.,0.,-1.));
#4049=DIRECTION('center_axis',(1.,0.,0.));
#4050=DIRECTION('ref_axis',(0.,0.,-1.));
#4051=DIRECTION('center_axis',(1.,0.,0.));
#4052=DIRECTION('ref_axis',(0.,0.,-1.));
#4053=DIRECTION('center_axis',(1.,0.,0.));
#4054=DIRECTION('ref_axis',(0.,0.,-1.));
#4055=DIRECTION('center_axis',(1.,0.,0.));
#4056=DIRECTION('ref_axis',(0.,0.,-1.));
#4057=DIRECTION('center_axis',(1.,0.,0.));
#4058=DIRECTION('ref_axis',(0.,0.,-1.));
#4059=DIRECTION('center_axis',(1.,0.,0.));
#4060=DIRECTION('ref_axis',(0.,0.,-1.));
#4061=DIRECTION('center_axis',(1.,0.,0.));
#4062=DIRECTION('ref_axis',(0.,0.,-1.));
#4063=DIRECTION('center_axis',(1.,0.,0.));
#4064=DIRECTION('ref_axis',(0.,0.,-1.));
#4065=DIRECTION('center_axis',(1.,0.,0.));
#4066=DIRECTION('ref_axis',(0.,0.,-1.));
#4067=DIRECTION('center_axis',(1.,0.,0.));
#4068=DIRECTION('ref_axis',(0.,0.,-1.));
#4069=DIRECTION('center_axis',(1.,0.,0.));
#4070=DIRECTION('ref_axis',(0.,0.,-1.));
#4071=DIRECTION('center_axis',(1.,0.,0.));
#4072=DIRECTION('ref_axis',(0.,0.,-1.));
#4073=DIRECTION('center_axis',(1.,0.,0.));
#4074=DIRECTION('ref_axis',(0.,0.,-1.));
#4075=DIRECTION('center_axis',(1.,0.,0.));
#4076=DIRECTION('ref_axis',(0.,0.,-1.));
#4077=DIRECTION('center_axis',(1.,0.,0.));
#4078=DIRECTION('ref_axis',(0.,0.,-1.));
#4079=DIRECTION('center_axis',(1.,0.,0.));
#4080=DIRECTION('ref_axis',(0.,0.,-1.));
#4081=DIRECTION('center_axis',(1.,0.,0.));
#4082=DIRECTION('ref_axis',(0.,0.,-1.));
#4083=DIRECTION('center_axis',(1.,0.,0.));
#4084=DIRECTION('ref_axis',(0.,0.,-1.));
#4085=DIRECTION('',(0.,1.,0.));
#4086=DIRECTION('center_axis',(1.,0.,0.));
#4087=DIRECTION('ref_axis',(0.,0.,-1.));
#4088=DIRECTION('center_axis',(1.,0.,0.));
#4089=DIRECTION('ref_axis',(0.,0.,-1.));
#4090=DIRECTION('center_axis',(1.,0.,0.));
#4091=DIRECTION('ref_axis',(0.,0.,-1.));
#4092=DIRECTION('center_axis',(1.,0.,0.));
#4093=DIRECTION('ref_axis',(0.,0.,-1.));
#4094=DIRECTION('center_axis',(1.,0.,0.));
#4095=DIRECTION('ref_axis',(0.,0.,-1.));
#4096=DIRECTION('center_axis',(1.,0.,0.));
#4097=DIRECTION('ref_axis',(0.,0.,-1.));
#4098=DIRECTION('center_axis',(1.,0.,0.));
#4099=DIRECTION('ref_axis',(0.,0.,-1.));
#4100=DIRECTION('center_axis',(1.,0.,0.));
#4101=DIRECTION('ref_axis',(0.,0.,-1.));
#4102=DIRECTION('center_axis',(1.,0.,0.));
#4103=DIRECTION('ref_axis',(0.,0.,-1.));
#4104=DIRECTION('center_axis',(1.,0.,0.));
#4105=DIRECTION('ref_axis',(0.,0.,-1.));
#4106=DIRECTION('center_axis',(1.,0.,0.));
#4107=DIRECTION('ref_axis',(0.,0.,-1.));
#4108=DIRECTION('center_axis',(1.,0.,0.));
#4109=DIRECTION('ref_axis',(0.,0.,-1.));
#4110=DIRECTION('center_axis',(1.,0.,0.));
#4111=DIRECTION('ref_axis',(0.,0.,-1.));
#4112=DIRECTION('center_axis',(1.,0.,0.));
#4113=DIRECTION('ref_axis',(0.,0.,-1.));
#4114=DIRECTION('center_axis',(1.,0.,0.));
#4115=DIRECTION('ref_axis',(0.,0.,-1.));
#4116=DIRECTION('center_axis',(1.,0.,0.));
#4117=DIRECTION('ref_axis',(0.,0.,-1.));
#4118=DIRECTION('center_axis',(1.,0.,0.));
#4119=DIRECTION('ref_axis',(0.,0.,-1.));
#4120=DIRECTION('center_axis',(1.,0.,0.));
#4121=DIRECTION('ref_axis',(0.,0.,-1.));
#4122=DIRECTION('center_axis',(1.,0.,0.));
#4123=DIRECTION('ref_axis',(0.,0.,-1.));
#4124=DIRECTION('center_axis',(1.,0.,0.));
#4125=DIRECTION('ref_axis',(0.,0.,-1.));
#4126=DIRECTION('center_axis',(1.,0.,0.));
#4127=DIRECTION('ref_axis',(0.,0.,-1.));
#4128=DIRECTION('center_axis',(1.,0.,0.));
#4129=DIRECTION('ref_axis',(0.,0.,-1.));
#4130=DIRECTION('center_axis',(1.,0.,0.));
#4131=DIRECTION('ref_axis',(0.,0.,-1.));
#4132=DIRECTION('center_axis',(1.,0.,0.));
#4133=DIRECTION('ref_axis',(0.,0.,-1.));
#4134=DIRECTION('center_axis',(1.,0.,0.));
#4135=DIRECTION('ref_axis',(0.,0.,-1.));
#4136=DIRECTION('center_axis',(1.,0.,0.));
#4137=DIRECTION('ref_axis',(0.,0.,-1.));
#4138=DIRECTION('center_axis',(1.,0.,0.));
#4139=DIRECTION('ref_axis',(0.,0.,-1.));
#4140=DIRECTION('center_axis',(1.,0.,0.));
#4141=DIRECTION('ref_axis',(0.,0.,-1.));
#4142=DIRECTION('center_axis',(1.,0.,0.));
#4143=DIRECTION('ref_axis',(0.,0.,-1.));
#4144=DIRECTION('center_axis',(1.,0.,0.));
#4145=DIRECTION('ref_axis',(0.,0.,-1.));
#4146=DIRECTION('center_axis',(1.,0.,0.));
#4147=DIRECTION('ref_axis',(0.,0.,-1.));
#4148=DIRECTION('center_axis',(1.,0.,0.));
#4149=DIRECTION('ref_axis',(0.,0.,-1.));
#4150=DIRECTION('center_axis',(1.,0.,0.));
#4151=DIRECTION('ref_axis',(0.,0.,-1.));
#4152=DIRECTION('center_axis',(1.,0.,0.));
#4153=DIRECTION('ref_axis',(0.,0.,-1.));
#4154=DIRECTION('',(0.,1.,0.));
#4155=DIRECTION('center_axis',(1.,0.,0.));
#4156=DIRECTION('ref_axis',(0.,0.,-1.));
#4157=DIRECTION('center_axis',(1.,0.,0.));
#4158=DIRECTION('ref_axis',(0.,0.,-1.));
#4159=DIRECTION('center_axis',(1.,0.,0.));
#4160=DIRECTION('ref_axis',(0.,0.,-1.));
#4161=DIRECTION('center_axis',(1.,0.,0.));
#4162=DIRECTION('ref_axis',(0.,0.,-1.));
#4163=DIRECTION('center_axis',(1.,0.,0.));
#4164=DIRECTION('ref_axis',(0.,0.,-1.));
#4165=DIRECTION('center_axis',(1.,0.,0.));
#4166=DIRECTION('ref_axis',(0.,0.,-1.));
#4167=DIRECTION('center_axis',(1.,0.,0.));
#4168=DIRECTION('ref_axis',(0.,0.,-1.));
#4169=DIRECTION('center_axis',(1.,0.,0.));
#4170=DIRECTION('ref_axis',(0.,0.,-1.));
#4171=DIRECTION('center_axis',(1.,0.,0.));
#4172=DIRECTION('ref_axis',(0.,0.,-1.));
#4173=DIRECTION('center_axis',(1.,0.,0.));
#4174=DIRECTION('ref_axis',(0.,0.,-1.));
#4175=DIRECTION('center_axis',(1.,0.,0.));
#4176=DIRECTION('ref_axis',(0.,0.,-1.));
#4177=DIRECTION('center_axis',(1.,0.,0.));
#4178=DIRECTION('ref_axis',(0.,0.,-1.));
#4179=DIRECTION('center_axis',(1.,0.,0.));
#4180=DIRECTION('ref_axis',(0.,0.,-1.));
#4181=DIRECTION('center_axis',(1.,0.,0.));
#4182=DIRECTION('ref_axis',(0.,0.,-1.));
#4183=DIRECTION('center_axis',(1.,0.,0.));
#4184=DIRECTION('ref_axis',(0.,0.,-1.));
#4185=DIRECTION('center_axis',(1.,0.,0.));
#4186=DIRECTION('ref_axis',(0.,0.,-1.));
#4187=DIRECTION('center_axis',(1.,0.,0.));
#4188=DIRECTION('ref_axis',(0.,0.,-1.));
#4189=DIRECTION('center_axis',(1.,0.,0.));
#4190=DIRECTION('ref_axis',(0.,0.,-1.));
#4191=DIRECTION('center_axis',(1.,0.,0.));
#4192=DIRECTION('ref_axis',(0.,0.,-1.));
#4193=DIRECTION('center_axis',(1.,0.,0.));
#4194=DIRECTION('ref_axis',(0.,0.,-1.));
#4195=DIRECTION('center_axis',(1.,0.,0.));
#4196=DIRECTION('ref_axis',(0.,0.,-1.));
#4197=DIRECTION('center_axis',(1.,0.,0.));
#4198=DIRECTION('ref_axis',(0.,0.,-1.));
#4199=DIRECTION('center_axis',(1.,0.,0.));
#4200=DIRECTION('ref_axis',(0.,0.,-1.));
#4201=DIRECTION('center_axis',(1.,0.,0.));
#4202=DIRECTION('ref_axis',(0.,0.,-1.));
#4203=DIRECTION('center_axis',(1.,0.,0.));
#4204=DIRECTION('ref_axis',(0.,0.,-1.));
#4205=DIRECTION('center_axis',(1.,0.,0.));
#4206=DIRECTION('ref_axis',(0.,0.,-1.));
#4207=DIRECTION('center_axis',(1.,0.,0.));
#4208=DIRECTION('ref_axis',(0.,0.,-1.));
#4209=DIRECTION('center_axis',(1.,0.,0.));
#4210=DIRECTION('ref_axis',(0.,0.,-1.));
#4211=DIRECTION('center_axis',(1.,0.,0.));
#4212=DIRECTION('ref_axis',(0.,0.,-1.));
#4213=DIRECTION('center_axis',(1.,0.,0.));
#4214=DIRECTION('ref_axis',(0.,0.,-1.));
#4215=DIRECTION('center_axis',(1.,0.,0.));
#4216=DIRECTION('ref_axis',(0.,0.,-1.));
#4217=DIRECTION('center_axis',(1.,0.,0.));
#4218=DIRECTION('ref_axis',(0.,0.,-1.));
#4219=DIRECTION('center_axis',(1.,0.,0.));
#4220=DIRECTION('ref_axis',(0.,0.,-1.));
#4221=DIRECTION('center_axis',(1.,0.,0.));
#4222=DIRECTION('ref_axis',(0.,0.,-1.));
#4223=DIRECTION('center_axis',(1.,0.,0.));
#4224=DIRECTION('ref_axis',(0.,0.,-1.));
#4225=DIRECTION('center_axis',(1.,0.,0.));
#4226=DIRECTION('ref_axis',(0.,0.,-1.));
#4227=DIRECTION('center_axis',(1.,0.,0.));
#4228=DIRECTION('ref_axis',(0.,0.,-1.));
#4229=DIRECTION('',(0.,1.,0.));
#4230=DIRECTION('center_axis',(1.,0.,0.));
#4231=DIRECTION('ref_axis',(0.,0.,-1.));
#4232=DIRECTION('center_axis',(1.,0.,0.));
#4233=DIRECTION('ref_axis',(0.,0.,-1.));
#4234=DIRECTION('center_axis',(1.,0.,0.));
#4235=DIRECTION('ref_axis',(0.,0.,-1.));
#4236=DIRECTION('center_axis',(1.,0.,0.));
#4237=DIRECTION('ref_axis',(0.,0.,-1.));
#4238=DIRECTION('center_axis',(1.,0.,0.));
#4239=DIRECTION('ref_axis',(0.,0.,-1.));
#4240=DIRECTION('center_axis',(1.,0.,0.));
#4241=DIRECTION('ref_axis',(0.,0.,-1.));
#4242=DIRECTION('center_axis',(1.,0.,0.));
#4243=DIRECTION('ref_axis',(0.,0.,-1.));
#4244=DIRECTION('center_axis',(1.,0.,0.));
#4245=DIRECTION('ref_axis',(0.,0.,-1.));
#4246=DIRECTION('center_axis',(1.,0.,0.));
#4247=DIRECTION('ref_axis',(0.,0.,-1.));
#4248=DIRECTION('center_axis',(1.,0.,0.));
#4249=DIRECTION('ref_axis',(0.,0.,-1.));
#4250=DIRECTION('center_axis',(1.,0.,0.));
#4251=DIRECTION('ref_axis',(0.,0.,-1.));
#4252=DIRECTION('center_axis',(1.,0.,0.));
#4253=DIRECTION('ref_axis',(0.,0.,-1.));
#4254=DIRECTION('center_axis',(1.,0.,0.));
#4255=DIRECTION('ref_axis',(0.,0.,-1.));
#4256=DIRECTION('center_axis',(1.,0.,0.));
#4257=DIRECTION('ref_axis',(0.,0.,-1.));
#4258=DIRECTION('center_axis',(1.,0.,0.));
#4259=DIRECTION('ref_axis',(0.,0.,-1.));
#4260=DIRECTION('center_axis',(1.,0.,0.));
#4261=DIRECTION('ref_axis',(0.,0.,-1.));
#4262=DIRECTION('center_axis',(1.,0.,0.));
#4263=DIRECTION('ref_axis',(0.,0.,-1.));
#4264=DIRECTION('center_axis',(1.,0.,0.));
#4265=DIRECTION('ref_axis',(0.,0.,-1.));
#4266=DIRECTION('center_axis',(1.,0.,0.));
#4267=DIRECTION('ref_axis',(0.,0.,-1.));
#4268=DIRECTION('center_axis',(1.,0.,0.));
#4269=DIRECTION('ref_axis',(0.,0.,-1.));
#4270=DIRECTION('center_axis',(1.,0.,0.));
#4271=DIRECTION('ref_axis',(0.,0.,-1.));
#4272=DIRECTION('center_axis',(1.,0.,0.));
#4273=DIRECTION('ref_axis',(0.,0.,-1.));
#4274=DIRECTION('center_axis',(1.,0.,0.));
#4275=DIRECTION('ref_axis',(0.,0.,-1.));
#4276=DIRECTION('center_axis',(1.,0.,0.));
#4277=DIRECTION('ref_axis',(0.,0.,-1.));
#4278=DIRECTION('center_axis',(1.,0.,0.));
#4279=DIRECTION('ref_axis',(0.,0.,-1.));
#4280=DIRECTION('center_axis',(1.,0.,0.));
#4281=DIRECTION('ref_axis',(0.,0.,-1.));
#4282=DIRECTION('center_axis',(1.,0.,0.));
#4283=DIRECTION('ref_axis',(0.,0.,-1.));
#4284=DIRECTION('center_axis',(1.,0.,0.));
#4285=DIRECTION('ref_axis',(0.,0.,-1.));
#4286=DIRECTION('center_axis',(1.,0.,0.));
#4287=DIRECTION('ref_axis',(0.,0.,-1.));
#4288=DIRECTION('center_axis',(-1.,0.,0.));
#4289=DIRECTION('ref_axis',(0.,0.,-1.));
#4290=DIRECTION('',(1.,0.,0.));
#4291=DIRECTION('center_axis',(1.,0.,0.));
#4292=DIRECTION('ref_axis',(0.,0.,-1.));
#4293=DIRECTION('center_axis',(-1.,0.,0.));
#4294=DIRECTION('ref_axis',(0.,0.,-1.));
#4295=DIRECTION('',(1.,0.,0.));
#4296=DIRECTION('center_axis',(-1.,0.,0.));
#4297=DIRECTION('ref_axis',(0.,0.,1.));
#4298=DIRECTION('center_axis',(-1.,0.,0.));
#4299=DIRECTION('ref_axis',(0.,0.,-1.));
#4300=DIRECTION('center_axis',(-1.,0.,0.));
#4301=DIRECTION('ref_axis',(0.,0.,-1.));
#4302=DIRECTION('center_axis',(-1.,0.,0.));
#4303=DIRECTION('ref_axis',(0.,0.,-1.));
#4304=DIRECTION('center_axis',(-1.,0.,0.));
#4305=DIRECTION('ref_axis',(0.,0.,-1.));
#4306=DIRECTION('center_axis',(-1.,0.,0.));
#4307=DIRECTION('ref_axis',(0.,0.,-1.));
#4308=DIRECTION('center_axis',(-1.,0.,0.));
#4309=DIRECTION('ref_axis',(0.,0.,-1.));
#4310=DIRECTION('center_axis',(-1.,0.,0.));
#4311=DIRECTION('ref_axis',(0.,0.,-1.));
#4312=DIRECTION('center_axis',(-1.,0.,0.));
#4313=DIRECTION('ref_axis',(0.,0.,-1.));
#4314=DIRECTION('center_axis',(-1.,0.,0.));
#4315=DIRECTION('ref_axis',(0.,0.,-1.));
#4316=DIRECTION('center_axis',(-1.,0.,0.));
#4317=DIRECTION('ref_axis',(0.,0.,-1.));
#4318=DIRECTION('center_axis',(-1.,0.,0.));
#4319=DIRECTION('ref_axis',(0.,0.,-1.));
#4320=DIRECTION('center_axis',(-1.,0.,0.));
#4321=DIRECTION('ref_axis',(0.,0.,-1.));
#4322=DIRECTION('center_axis',(-1.,0.,0.));
#4323=DIRECTION('ref_axis',(0.,0.,-1.));
#4324=DIRECTION('center_axis',(-1.,0.,0.));
#4325=DIRECTION('ref_axis',(0.,0.,-1.));
#4326=DIRECTION('center_axis',(-1.,0.,0.));
#4327=DIRECTION('ref_axis',(0.,0.,-1.));
#4328=DIRECTION('center_axis',(-1.,0.,0.));
#4329=DIRECTION('ref_axis',(0.,0.,-1.));
#4330=DIRECTION('center_axis',(-1.,0.,0.));
#4331=DIRECTION('ref_axis',(0.,0.,-1.));
#4332=DIRECTION('center_axis',(-1.,0.,0.));
#4333=DIRECTION('ref_axis',(0.,0.,-1.));
#4334=DIRECTION('center_axis',(-1.,0.,0.));
#4335=DIRECTION('ref_axis',(0.,0.,-1.));
#4336=DIRECTION('center_axis',(-1.,0.,0.));
#4337=DIRECTION('ref_axis',(0.,0.,-1.));
#4338=DIRECTION('center_axis',(-1.,0.,0.));
#4339=DIRECTION('ref_axis',(0.,0.,-1.));
#4340=DIRECTION('center_axis',(-1.,0.,0.));
#4341=DIRECTION('ref_axis',(0.,0.,-1.));
#4342=DIRECTION('center_axis',(-1.,0.,0.));
#4343=DIRECTION('ref_axis',(0.,0.,-1.));
#4344=DIRECTION('center_axis',(-1.,0.,0.));
#4345=DIRECTION('ref_axis',(0.,0.,-1.));
#4346=DIRECTION('center_axis',(-1.,0.,0.));
#4347=DIRECTION('ref_axis',(0.,0.,-1.));
#4348=DIRECTION('center_axis',(-1.,0.,0.));
#4349=DIRECTION('ref_axis',(0.,0.,-1.));
#4350=DIRECTION('center_axis',(-1.,0.,0.));
#4351=DIRECTION('ref_axis',(0.,0.,-1.));
#4352=DIRECTION('center_axis',(-1.,0.,0.));
#4353=DIRECTION('ref_axis',(0.,0.,-1.));
#4354=DIRECTION('',(0.,-1.,0.));
#4355=DIRECTION('center_axis',(-1.,0.,0.));
#4356=DIRECTION('ref_axis',(0.,0.,-1.));
#4357=DIRECTION('center_axis',(-1.,0.,0.));
#4358=DIRECTION('ref_axis',(0.,0.,-1.));
#4359=DIRECTION('center_axis',(-1.,0.,0.));
#4360=DIRECTION('ref_axis',(0.,0.,-1.));
#4361=DIRECTION('center_axis',(-1.,0.,0.));
#4362=DIRECTION('ref_axis',(0.,0.,-1.));
#4363=DIRECTION('center_axis',(-1.,0.,0.));
#4364=DIRECTION('ref_axis',(0.,0.,-1.));
#4365=DIRECTION('center_axis',(-1.,0.,0.));
#4366=DIRECTION('ref_axis',(0.,0.,-1.));
#4367=DIRECTION('center_axis',(-1.,0.,0.));
#4368=DIRECTION('ref_axis',(0.,0.,-1.));
#4369=DIRECTION('center_axis',(-1.,0.,0.));
#4370=DIRECTION('ref_axis',(0.,0.,-1.));
#4371=DIRECTION('center_axis',(-1.,0.,0.));
#4372=DIRECTION('ref_axis',(0.,0.,-1.));
#4373=DIRECTION('center_axis',(-1.,0.,0.));
#4374=DIRECTION('ref_axis',(0.,0.,-1.));
#4375=DIRECTION('center_axis',(-1.,0.,0.));
#4376=DIRECTION('ref_axis',(0.,0.,-1.));
#4377=DIRECTION('center_axis',(-1.,0.,0.));
#4378=DIRECTION('ref_axis',(0.,0.,-1.));
#4379=DIRECTION('center_axis',(-1.,0.,0.));
#4380=DIRECTION('ref_axis',(0.,0.,-1.));
#4381=DIRECTION('center_axis',(-1.,0.,0.));
#4382=DIRECTION('ref_axis',(0.,0.,-1.));
#4383=DIRECTION('center_axis',(-1.,0.,0.));
#4384=DIRECTION('ref_axis',(0.,0.,-1.));
#4385=DIRECTION('center_axis',(-1.,0.,0.));
#4386=DIRECTION('ref_axis',(0.,0.,-1.));
#4387=DIRECTION('center_axis',(-1.,0.,0.));
#4388=DIRECTION('ref_axis',(0.,0.,-1.));
#4389=DIRECTION('center_axis',(-1.,0.,0.));
#4390=DIRECTION('ref_axis',(0.,0.,-1.));
#4391=DIRECTION('center_axis',(-1.,0.,0.));
#4392=DIRECTION('ref_axis',(0.,0.,-1.));
#4393=DIRECTION('center_axis',(-1.,0.,0.));
#4394=DIRECTION('ref_axis',(0.,0.,-1.));
#4395=DIRECTION('center_axis',(-1.,0.,0.));
#4396=DIRECTION('ref_axis',(0.,0.,-1.));
#4397=DIRECTION('center_axis',(-1.,0.,0.));
#4398=DIRECTION('ref_axis',(0.,0.,-1.));
#4399=DIRECTION('center_axis',(-1.,0.,0.));
#4400=DIRECTION('ref_axis',(0.,0.,-1.));
#4401=DIRECTION('center_axis',(-1.,0.,0.));
#4402=DIRECTION('ref_axis',(0.,0.,-1.));
#4403=DIRECTION('center_axis',(-1.,0.,0.));
#4404=DIRECTION('ref_axis',(0.,0.,-1.));
#4405=DIRECTION('center_axis',(-1.,0.,0.));
#4406=DIRECTION('ref_axis',(0.,0.,-1.));
#4407=DIRECTION('center_axis',(-1.,0.,0.));
#4408=DIRECTION('ref_axis',(0.,0.,-1.));
#4409=DIRECTION('center_axis',(-1.,0.,0.));
#4410=DIRECTION('ref_axis',(0.,0.,-1.));
#4411=DIRECTION('center_axis',(-1.,0.,0.));
#4412=DIRECTION('ref_axis',(0.,0.,-1.));
#4413=DIRECTION('center_axis',(-1.,0.,0.));
#4414=DIRECTION('ref_axis',(0.,0.,-1.));
#4415=DIRECTION('center_axis',(-1.,0.,0.));
#4416=DIRECTION('ref_axis',(0.,0.,-1.));
#4417=DIRECTION('center_axis',(-1.,0.,0.));
#4418=DIRECTION('ref_axis',(0.,0.,-1.));
#4419=DIRECTION('center_axis',(-1.,0.,0.));
#4420=DIRECTION('ref_axis',(0.,0.,-1.));
#4421=DIRECTION('center_axis',(-1.,0.,0.));
#4422=DIRECTION('ref_axis',(0.,0.,-1.));
#4423=DIRECTION('center_axis',(-1.,0.,0.));
#4424=DIRECTION('ref_axis',(0.,0.,-1.));
#4425=DIRECTION('center_axis',(-1.,0.,0.));
#4426=DIRECTION('ref_axis',(0.,0.,-1.));
#4427=DIRECTION('center_axis',(-1.,0.,0.));
#4428=DIRECTION('ref_axis',(0.,0.,-1.));
#4429=DIRECTION('',(0.,-1.,0.));
#4430=DIRECTION('center_axis',(-1.,0.,0.));
#4431=DIRECTION('ref_axis',(0.,0.,-1.));
#4432=DIRECTION('center_axis',(-1.,0.,0.));
#4433=DIRECTION('ref_axis',(0.,0.,-1.));
#4434=DIRECTION('center_axis',(-1.,0.,0.));
#4435=DIRECTION('ref_axis',(0.,0.,-1.));
#4436=DIRECTION('center_axis',(-1.,0.,0.));
#4437=DIRECTION('ref_axis',(0.,0.,-1.));
#4438=DIRECTION('center_axis',(-1.,0.,0.));
#4439=DIRECTION('ref_axis',(0.,0.,-1.));
#4440=DIRECTION('center_axis',(-1.,0.,0.));
#4441=DIRECTION('ref_axis',(0.,0.,-1.));
#4442=DIRECTION('center_axis',(-1.,0.,0.));
#4443=DIRECTION('ref_axis',(0.,0.,-1.));
#4444=DIRECTION('center_axis',(-1.,0.,0.));
#4445=DIRECTION('ref_axis',(0.,0.,-1.));
#4446=DIRECTION('center_axis',(-1.,0.,0.));
#4447=DIRECTION('ref_axis',(0.,0.,-1.));
#4448=DIRECTION('center_axis',(-1.,0.,0.));
#4449=DIRECTION('ref_axis',(0.,0.,-1.));
#4450=DIRECTION('center_axis',(-1.,0.,0.));
#4451=DIRECTION('ref_axis',(0.,0.,-1.));
#4452=DIRECTION('center_axis',(-1.,0.,0.));
#4453=DIRECTION('ref_axis',(0.,0.,-1.));
#4454=DIRECTION('center_axis',(-1.,0.,0.));
#4455=DIRECTION('ref_axis',(0.,0.,-1.));
#4456=DIRECTION('center_axis',(-1.,0.,0.));
#4457=DIRECTION('ref_axis',(0.,0.,-1.));
#4458=DIRECTION('center_axis',(-1.,0.,0.));
#4459=DIRECTION('ref_axis',(0.,0.,-1.));
#4460=DIRECTION('center_axis',(-1.,0.,0.));
#4461=DIRECTION('ref_axis',(0.,0.,-1.));
#4462=DIRECTION('center_axis',(-1.,0.,0.));
#4463=DIRECTION('ref_axis',(0.,0.,-1.));
#4464=DIRECTION('center_axis',(-1.,0.,0.));
#4465=DIRECTION('ref_axis',(0.,0.,-1.));
#4466=DIRECTION('center_axis',(-1.,0.,0.));
#4467=DIRECTION('ref_axis',(0.,0.,-1.));
#4468=DIRECTION('center_axis',(-1.,0.,0.));
#4469=DIRECTION('ref_axis',(0.,0.,-1.));
#4470=DIRECTION('center_axis',(-1.,0.,0.));
#4471=DIRECTION('ref_axis',(0.,0.,-1.));
#4472=DIRECTION('center_axis',(-1.,0.,0.));
#4473=DIRECTION('ref_axis',(0.,0.,-1.));
#4474=DIRECTION('center_axis',(-1.,0.,0.));
#4475=DIRECTION('ref_axis',(0.,0.,-1.));
#4476=DIRECTION('center_axis',(-1.,0.,0.));
#4477=DIRECTION('ref_axis',(0.,0.,-1.));
#4478=DIRECTION('center_axis',(-1.,0.,0.));
#4479=DIRECTION('ref_axis',(0.,0.,-1.));
#4480=DIRECTION('center_axis',(-1.,0.,0.));
#4481=DIRECTION('ref_axis',(0.,0.,-1.));
#4482=DIRECTION('center_axis',(-1.,0.,0.));
#4483=DIRECTION('ref_axis',(0.,0.,-1.));
#4484=DIRECTION('center_axis',(-1.,0.,0.));
#4485=DIRECTION('ref_axis',(0.,0.,-1.));
#4486=DIRECTION('center_axis',(-1.,0.,0.));
#4487=DIRECTION('ref_axis',(0.,0.,-1.));
#4488=DIRECTION('center_axis',(-1.,0.,0.));
#4489=DIRECTION('ref_axis',(0.,0.,-1.));
#4490=DIRECTION('center_axis',(-1.,0.,0.));
#4491=DIRECTION('ref_axis',(0.,0.,-1.));
#4492=DIRECTION('center_axis',(-1.,0.,0.));
#4493=DIRECTION('ref_axis',(0.,0.,-1.));
#4494=DIRECTION('center_axis',(-1.,0.,0.));
#4495=DIRECTION('ref_axis',(0.,0.,-1.));
#4496=DIRECTION('center_axis',(-1.,0.,0.));
#4497=DIRECTION('ref_axis',(0.,0.,-1.));
#4498=DIRECTION('',(0.,-1.,0.));
#4499=DIRECTION('center_axis',(-1.,0.,0.));
#4500=DIRECTION('ref_axis',(0.,0.,-1.));
#4501=DIRECTION('center_axis',(-1.,0.,0.));
#4502=DIRECTION('ref_axis',(0.,0.,-1.));
#4503=DIRECTION('center_axis',(-1.,0.,0.));
#4504=DIRECTION('ref_axis',(0.,0.,-1.));
#4505=DIRECTION('center_axis',(-1.,0.,0.));
#4506=DIRECTION('ref_axis',(0.,0.,-1.));
#4507=DIRECTION('center_axis',(-1.,0.,0.));
#4508=DIRECTION('ref_axis',(0.,0.,-1.));
#4509=DIRECTION('center_axis',(-1.,0.,0.));
#4510=DIRECTION('ref_axis',(0.,0.,-1.));
#4511=DIRECTION('center_axis',(-1.,0.,0.));
#4512=DIRECTION('ref_axis',(0.,0.,-1.));
#4513=DIRECTION('center_axis',(-1.,0.,0.));
#4514=DIRECTION('ref_axis',(0.,0.,-1.));
#4515=DIRECTION('center_axis',(-1.,0.,0.));
#4516=DIRECTION('ref_axis',(0.,0.,-1.));
#4517=DIRECTION('center_axis',(-1.,0.,0.));
#4518=DIRECTION('ref_axis',(0.,0.,-1.));
#4519=DIRECTION('center_axis',(-1.,0.,0.));
#4520=DIRECTION('ref_axis',(0.,0.,-1.));
#4521=DIRECTION('center_axis',(-1.,0.,0.));
#4522=DIRECTION('ref_axis',(0.,0.,-1.));
#4523=DIRECTION('center_axis',(-1.,0.,0.));
#4524=DIRECTION('ref_axis',(0.,0.,-1.));
#4525=DIRECTION('center_axis',(-1.,0.,0.));
#4526=DIRECTION('ref_axis',(0.,0.,-1.));
#4527=DIRECTION('center_axis',(-1.,0.,0.));
#4528=DIRECTION('ref_axis',(0.,0.,-1.));
#4529=DIRECTION('center_axis',(-1.,0.,0.));
#4530=DIRECTION('ref_axis',(0.,0.,-1.));
#4531=DIRECTION('center_axis',(-1.,0.,0.));
#4532=DIRECTION('ref_axis',(0.,0.,-1.));
#4533=DIRECTION('center_axis',(-1.,0.,0.));
#4534=DIRECTION('ref_axis',(0.,0.,-1.));
#4535=DIRECTION('center_axis',(-1.,0.,0.));
#4536=DIRECTION('ref_axis',(0.,0.,-1.));
#4537=DIRECTION('center_axis',(-1.,0.,0.));
#4538=DIRECTION('ref_axis',(0.,0.,-1.));
#4539=DIRECTION('center_axis',(-1.,0.,0.));
#4540=DIRECTION('ref_axis',(0.,0.,-1.));
#4541=DIRECTION('center_axis',(-1.,0.,0.));
#4542=DIRECTION('ref_axis',(0.,0.,-1.));
#4543=DIRECTION('center_axis',(-1.,0.,0.));
#4544=DIRECTION('ref_axis',(0.,0.,-1.));
#4545=DIRECTION('center_axis',(-1.,0.,0.));
#4546=DIRECTION('ref_axis',(0.,0.,-1.));
#4547=DIRECTION('center_axis',(-1.,0.,0.));
#4548=DIRECTION('ref_axis',(0.,0.,-1.));
#4549=DIRECTION('center_axis',(-1.,0.,0.));
#4550=DIRECTION('ref_axis',(0.,0.,-1.));
#4551=DIRECTION('center_axis',(-1.,0.,0.));
#4552=DIRECTION('ref_axis',(0.,0.,-1.));
#4553=DIRECTION('center_axis',(-1.,0.,0.));
#4554=DIRECTION('ref_axis',(0.,0.,-1.));
#4555=DIRECTION('center_axis',(-1.,0.,0.));
#4556=DIRECTION('ref_axis',(0.,0.,-1.));
#4557=DIRECTION('center_axis',(-1.,0.,0.));
#4558=DIRECTION('ref_axis',(0.,0.,-1.));
#4559=DIRECTION('center_axis',(-1.,0.,0.));
#4560=DIRECTION('ref_axis',(0.,0.,-1.));
#4561=DIRECTION('center_axis',(-1.,0.,0.));
#4562=DIRECTION('ref_axis',(0.,0.,-1.));
#4563=DIRECTION('center_axis',(-1.,0.,0.));
#4564=DIRECTION('ref_axis',(0.,0.,-1.));
#4565=DIRECTION('center_axis',(-1.,0.,0.));
#4566=DIRECTION('ref_axis',(0.,0.,-1.));
#4567=DIRECTION('',(0.,-1.,0.));
#4568=DIRECTION('',(0.,0.,1.));
#4569=DIRECTION('',(0.,1.,0.));
#4570=DIRECTION('',(0.,0.,-1.));
#4571=DIRECTION('center_axis',(-1.,0.,0.));
#4572=DIRECTION('ref_axis',(0.,0.,-1.));
#4573=DIRECTION('center_axis',(-1.,0.,0.));
#4574=DIRECTION('ref_axis',(0.,0.,-1.));
#4575=DIRECTION('center_axis',(-1.,0.,0.));
#4576=DIRECTION('ref_axis',(0.,0.,-1.));
#4577=DIRECTION('center_axis',(-1.,0.,0.));
#4578=DIRECTION('ref_axis',(0.,0.,-1.));
#4579=DIRECTION('center_axis',(-1.,0.,0.));
#4580=DIRECTION('ref_axis',(0.,0.,-1.));
#4581=DIRECTION('center_axis',(-1.,0.,0.));
#4582=DIRECTION('ref_axis',(0.,0.,-1.));
#4583=DIRECTION('center_axis',(-1.,0.,0.));
#4584=DIRECTION('ref_axis',(0.,0.,-1.));
#4585=DIRECTION('center_axis',(-1.,0.,0.));
#4586=DIRECTION('ref_axis',(0.,0.,-1.));
#4587=DIRECTION('center_axis',(-1.,0.,0.));
#4588=DIRECTION('ref_axis',(0.,0.,-1.));
#4589=DIRECTION('center_axis',(-1.,0.,0.));
#4590=DIRECTION('ref_axis',(0.,0.,-1.));
#4591=DIRECTION('center_axis',(1.,0.,0.));
#4592=DIRECTION('ref_axis',(0.,0.,-1.));
#4593=DIRECTION('',(1.,0.,0.));
#4594=DIRECTION('center_axis',(1.,0.,0.));
#4595=DIRECTION('ref_axis',(0.,0.,-1.));
#4596=DIRECTION('',(1.,0.,0.));
#4597=DIRECTION('center_axis',(1.,0.,0.));
#4598=DIRECTION('ref_axis',(0.,0.,-1.));
#4599=DIRECTION('',(1.,0.,0.));
#4600=DIRECTION('center_axis',(1.,0.,0.));
#4601=DIRECTION('ref_axis',(0.,0.,-1.));
#4602=DIRECTION('',(1.,0.,0.));
#4603=DIRECTION('center_axis',(1.,0.,0.));
#4604=DIRECTION('ref_axis',(0.,0.,-1.));
#4605=DIRECTION('',(1.,0.,0.));
#4606=DIRECTION('center_axis',(1.,0.,0.));
#4607=DIRECTION('ref_axis',(0.,0.,-1.));
#4608=DIRECTION('',(1.,0.,0.));
#4609=DIRECTION('center_axis',(1.,0.,0.));
#4610=DIRECTION('ref_axis',(0.,0.,-1.));
#4611=DIRECTION('',(1.,0.,0.));
#4612=DIRECTION('center_axis',(1.,0.,0.));
#4613=DIRECTION('ref_axis',(0.,0.,-1.));
#4614=DIRECTION('',(1.,0.,0.));
#4615=DIRECTION('center_axis',(1.,0.,0.));
#4616=DIRECTION('ref_axis',(0.,0.,-1.));
#4617=DIRECTION('',(1.,0.,0.));
#4618=DIRECTION('center_axis',(1.,0.,0.));
#4619=DIRECTION('ref_axis',(0.,0.204160470315031,0.97893743536589));
#4620=DIRECTION('',(1.,0.,0.));
#4621=DIRECTION('center_axis',(0.,1.,0.));
#4622=DIRECTION('ref_axis',(0.,0.,1.));
#4623=DIRECTION('',(1.,0.,0.));
#4624=DIRECTION('center_axis',(1.,0.,0.));
#4625=DIRECTION('ref_axis',(0.,0.,-1.));
#4626=DIRECTION('',(1.,0.,0.));
#4627=DIRECTION('',(-1.,0.,0.));
#4628=DIRECTION('center_axis',(0.,0.,1.));
#4629=DIRECTION('ref_axis',(1.,0.,0.));
#4630=DIRECTION('',(1.,0.,0.));
#4631=DIRECTION('center_axis',(1.,0.,0.));
#4632=DIRECTION('ref_axis',(0.,0.,-1.));
#4633=DIRECTION('',(1.,0.,0.));
#4634=DIRECTION('center_axis',(1.,0.,0.));
#4635=DIRECTION('ref_axis',(0.,0.,-1.));
#4636=DIRECTION('',(1.,0.,0.));
#4637=DIRECTION('center_axis',(1.,0.,0.));
#4638=DIRECTION('ref_axis',(0.,0.,-1.));
#4639=DIRECTION('',(1.,0.,0.));
#4640=DIRECTION('center_axis',(1.,0.,0.));
#4641=DIRECTION('ref_axis',(0.,0.,-1.));
#4642=DIRECTION('',(1.,0.,0.));
#4643=DIRECTION('center_axis',(1.,0.,0.));
#4644=DIRECTION('ref_axis',(0.,0.,-1.));
#4645=DIRECTION('',(1.,0.,0.));
#4646=DIRECTION('center_axis',(1.,0.,0.));
#4647=DIRECTION('ref_axis',(0.,0.,-1.));
#4648=DIRECTION('',(1.,0.,0.));
#4649=DIRECTION('center_axis',(1.,0.,0.));
#4650=DIRECTION('ref_axis',(0.,0.,-1.));
#4651=DIRECTION('',(1.,0.,0.));
#4652=DIRECTION('center_axis',(1.,0.,0.));
#4653=DIRECTION('ref_axis',(0.,0.,-1.));
#4654=DIRECTION('',(-1.,0.,0.));
#4655=DIRECTION('center_axis',(1.,0.,0.));
#4656=DIRECTION('ref_axis',(0.,0.,-1.));
#4657=DIRECTION('',(1.,0.,0.));
#4658=DIRECTION('center_axis',(1.,0.,0.));
#4659=DIRECTION('ref_axis',(0.,0.,-1.));
#4660=DIRECTION('',(-1.,0.,0.));
#4661=DIRECTION('center_axis',(1.,0.,0.));
#4662=DIRECTION('ref_axis',(0.,0.,-1.));
#4663=DIRECTION('',(-1.,0.,0.));
#4664=DIRECTION('center_axis',(1.,0.,0.));
#4665=DIRECTION('ref_axis',(0.,0.,-1.));
#4666=DIRECTION('',(1.,0.,0.));
#4667=DIRECTION('center_axis',(1.,0.,0.));
#4668=DIRECTION('ref_axis',(0.,0.,-1.));
#4669=DIRECTION('',(1.,0.,0.));
#4670=DIRECTION('center_axis',(1.,0.,0.));
#4671=DIRECTION('ref_axis',(0.,0.,-1.));
#4672=DIRECTION('',(1.,0.,0.));
#4673=DIRECTION('center_axis',(1.,0.,0.));
#4674=DIRECTION('ref_axis',(0.,0.,-1.));
#4675=DIRECTION('',(1.,0.,0.));
#4676=DIRECTION('center_axis',(1.,0.,0.));
#4677=DIRECTION('ref_axis',(0.,0.,-1.));
#4678=DIRECTION('',(1.,0.,0.));
#4679=DIRECTION('center_axis',(1.,0.,0.));
#4680=DIRECTION('ref_axis',(0.,0.,-1.));
#4681=DIRECTION('',(1.,0.,0.));
#4682=DIRECTION('center_axis',(1.,0.,0.));
#4683=DIRECTION('ref_axis',(0.,0.,-1.));
#4684=DIRECTION('',(1.,0.,0.));
#4685=DIRECTION('center_axis',(1.,0.,0.));
#4686=DIRECTION('ref_axis',(0.,0.,-1.));
#4687=DIRECTION('',(1.,0.,0.));
#4688=DIRECTION('center_axis',(1.,0.,0.));
#4689=DIRECTION('ref_axis',(0.,0.,-1.));
#4690=DIRECTION('',(1.,0.,0.));
#4691=DIRECTION('center_axis',(1.,0.,0.));
#4692=DIRECTION('ref_axis',(0.,0.,-1.));
#4693=DIRECTION('',(1.,0.,0.));
#4694=DIRECTION('center_axis',(1.,0.,0.));
#4695=DIRECTION('ref_axis',(0.,0.,-1.));
#4696=DIRECTION('',(1.,0.,0.));
#4697=DIRECTION('center_axis',(1.,0.,0.));
#4698=DIRECTION('ref_axis',(0.,9.65555430136595E-5,0.999999995338513));
#4699=DIRECTION('',(1.,0.,0.));
#4700=DIRECTION('center_axis',(1.,0.,0.));
#4701=DIRECTION('ref_axis',(0.,0.,-1.));
#4702=DIRECTION('',(1.,0.,0.));
#4703=DIRECTION('center_axis',(1.,0.,0.));
#4704=DIRECTION('ref_axis',(0.,0.,-1.));
#4705=DIRECTION('',(1.,0.,0.));
#4706=DIRECTION('center_axis',(1.,0.,0.));
#4707=DIRECTION('ref_axis',(0.,0.,-1.));
#4708=DIRECTION('',(1.,0.,0.));
#4709=DIRECTION('center_axis',(1.,0.,0.));
#4710=DIRECTION('ref_axis',(0.,0.,-1.));
#4711=DIRECTION('center_axis',(1.,0.,0.));
#4712=DIRECTION('ref_axis',(0.,0.,-1.));
#4713=DIRECTION('',(-1.,0.,0.));
#4714=DIRECTION('',(1.,0.,0.));
#4715=DIRECTION('center_axis',(1.,0.,0.));
#4716=DIRECTION('ref_axis',(0.,0.,-1.));
#4717=DIRECTION('',(1.,0.,0.));
#4718=DIRECTION('center_axis',(0.,0.,1.));
#4719=DIRECTION('ref_axis',(1.,0.,0.));
#4720=DIRECTION('',(1.,0.,0.));
#4721=DIRECTION('center_axis',(1.,0.,0.));
#4722=DIRECTION('ref_axis',(0.,0.,-1.));
#4723=DIRECTION('',(1.,0.,0.));
#4724=DIRECTION('center_axis',(1.,0.,0.));
#4725=DIRECTION('ref_axis',(0.,0.,-1.));
#4726=DIRECTION('',(1.,0.,0.));
#4727=DIRECTION('center_axis',(1.,0.,0.));
#4728=DIRECTION('ref_axis',(0.,0.,-1.));
#4729=DIRECTION('',(1.,0.,0.));
#4730=DIRECTION('center_axis',(1.,0.,0.));
#4731=DIRECTION('ref_axis',(0.,0.,-1.));
#4732=DIRECTION('',(1.,0.,0.));
#4733=DIRECTION('center_axis',(1.,0.,0.));
#4734=DIRECTION('ref_axis',(0.,0.,-1.));
#4735=DIRECTION('',(1.,0.,0.));
#4736=DIRECTION('center_axis',(1.,0.,0.));
#4737=DIRECTION('ref_axis',(0.,0.,-1.));
#4738=DIRECTION('',(1.,0.,0.));
#4739=DIRECTION('center_axis',(1.,0.,0.));
#4740=DIRECTION('ref_axis',(0.,0.,-1.));
#4741=DIRECTION('',(1.,0.,0.));
#4742=DIRECTION('center_axis',(1.,0.,0.));
#4743=DIRECTION('ref_axis',(0.,0.,-1.));
#4744=DIRECTION('',(1.,0.,0.));
#4745=DIRECTION('center_axis',(1.,0.,0.));
#4746=DIRECTION('ref_axis',(0.,0.,-1.));
#4747=DIRECTION('',(1.,0.,0.));
#4748=DIRECTION('center_axis',(1.,0.,0.));
#4749=DIRECTION('ref_axis',(0.,0.,-1.));
#4750=DIRECTION('',(1.,0.,0.));
#4751=DIRECTION('center_axis',(1.,0.,0.));
#4752=DIRECTION('ref_axis',(0.,0.,-1.));
#4753=DIRECTION('',(1.,0.,0.));
#4754=DIRECTION('center_axis',(1.,0.,0.));
#4755=DIRECTION('ref_axis',(0.,0.,-1.));
#4756=DIRECTION('',(1.,0.,0.));
#4757=DIRECTION('center_axis',(1.,0.,0.));
#4758=DIRECTION('ref_axis',(0.,0.,-1.));
#4759=DIRECTION('',(1.,0.,0.));
#4760=DIRECTION('center_axis',(1.,0.,0.));
#4761=DIRECTION('ref_axis',(0.,0.,-1.));
#4762=DIRECTION('',(1.,0.,0.));
#4763=DIRECTION('center_axis',(1.,0.,0.));
#4764=DIRECTION('ref_axis',(0.,0.,-1.));
#4765=DIRECTION('',(1.,0.,0.));
#4766=DIRECTION('center_axis',(1.,0.,0.));
#4767=DIRECTION('ref_axis',(0.,0.,-1.));
#4768=DIRECTION('',(1.,0.,0.));
#4769=DIRECTION('center_axis',(1.,0.,0.));
#4770=DIRECTION('ref_axis',(0.,1.22464679914735E-16,1.));
#4771=DIRECTION('',(1.,0.,0.));
#4772=DIRECTION('center_axis',(1.,0.,0.));
#4773=DIRECTION('ref_axis',(0.,0.,-1.));
#4774=DIRECTION('',(1.,0.,0.));
#4775=DIRECTION('center_axis',(1.,0.,0.));
#4776=DIRECTION('ref_axis',(0.,0.,-1.));
#4777=DIRECTION('',(1.,0.,0.));
#4778=DIRECTION('center_axis',(1.,0.,0.));
#4779=DIRECTION('ref_axis',(0.,0.,-1.));
#4780=DIRECTION('',(1.,0.,0.));
#4781=DIRECTION('center_axis',(1.,0.,0.));
#4782=DIRECTION('ref_axis',(0.,0.,-1.));
#4783=DIRECTION('',(1.,0.,0.));
#4784=DIRECTION('center_axis',(1.,0.,0.));
#4785=DIRECTION('ref_axis',(0.,0.,-1.));
#4786=DIRECTION('',(1.,0.,0.));
#4787=DIRECTION('center_axis',(1.,0.,0.));
#4788=DIRECTION('ref_axis',(0.,0.,-1.));
#4789=DIRECTION('',(1.,0.,0.));
#4790=DIRECTION('center_axis',(1.,0.,0.));
#4791=DIRECTION('ref_axis',(0.,0.,-1.));
#4792=DIRECTION('',(1.,0.,0.));
#4793=DIRECTION('center_axis',(1.,0.,0.));
#4794=DIRECTION('ref_axis',(0.,0.,-1.));
#4795=DIRECTION('',(1.,0.,0.));
#4796=DIRECTION('center_axis',(1.,0.,0.));
#4797=DIRECTION('ref_axis',(0.,0.,-1.));
#4798=DIRECTION('',(1.,0.,0.));
#4799=DIRECTION('center_axis',(1.,0.,0.));
#4800=DIRECTION('ref_axis',(0.,0.,-1.));
#4801=DIRECTION('',(1.,0.,0.));
#4802=DIRECTION('center_axis',(1.,0.,0.));
#4803=DIRECTION('ref_axis',(0.,0.,-1.));
#4804=DIRECTION('',(1.,0.,0.));
#4805=DIRECTION('center_axis',(1.,0.,0.));
#4806=DIRECTION('ref_axis',(0.,0.,-1.));
#4807=DIRECTION('',(1.,0.,0.));
#4808=DIRECTION('center_axis',(1.,0.,0.));
#4809=DIRECTION('ref_axis',(0.,0.,-1.));
#4810=DIRECTION('',(1.,0.,0.));
#4811=DIRECTION('center_axis',(1.,0.,0.));
#4812=DIRECTION('ref_axis',(0.,0.,-1.));
#4813=DIRECTION('',(1.,0.,0.));
#4814=DIRECTION('center_axis',(1.,0.,0.));
#4815=DIRECTION('ref_axis',(0.,0.,-1.));
#4816=DIRECTION('',(1.,0.,0.));
#4817=DIRECTION('center_axis',(1.,0.,0.));
#4818=DIRECTION('ref_axis',(0.,0.,-1.));
#4819=DIRECTION('',(1.,0.,0.));
#4820=DIRECTION('center_axis',(1.,0.,0.));
#4821=DIRECTION('ref_axis',(0.,0.,-1.));
#4822=DIRECTION('',(1.,0.,0.));
#4823=DIRECTION('center_axis',(1.,0.,0.));
#4824=DIRECTION('ref_axis',(0.,0.,-1.));
#4825=DIRECTION('center_axis',(1.,0.,0.));
#4826=DIRECTION('ref_axis',(0.,0.,-1.));
#4827=DIRECTION('',(1.,0.,0.));
#4828=DIRECTION('',(-1.,0.,0.));
#4829=DIRECTION('center_axis',(0.,0.,1.));
#4830=DIRECTION('ref_axis',(1.,0.,0.));
#4831=DIRECTION('',(1.,0.,0.));
#4832=DIRECTION('center_axis',(1.,0.,0.));
#4833=DIRECTION('ref_axis',(0.,0.,-1.));
#4834=DIRECTION('',(1.,0.,0.));
#4835=DIRECTION('center_axis',(1.,0.,0.));
#4836=DIRECTION('ref_axis',(0.,0.,-1.));
#4837=DIRECTION('',(1.,0.,0.));
#4838=DIRECTION('center_axis',(1.,0.,0.));
#4839=DIRECTION('ref_axis',(0.,0.,-1.));
#4840=DIRECTION('',(1.,0.,0.));
#4841=DIRECTION('center_axis',(1.,0.,0.));
#4842=DIRECTION('ref_axis',(0.,0.,-1.));
#4843=DIRECTION('',(1.,0.,0.));
#4844=DIRECTION('center_axis',(1.,0.,0.));
#4845=DIRECTION('ref_axis',(0.,0.,-1.));
#4846=DIRECTION('',(1.,0.,0.));
#4847=DIRECTION('center_axis',(1.,0.,0.));
#4848=DIRECTION('ref_axis',(0.,0.,-1.));
#4849=DIRECTION('',(1.,0.,0.));
#4850=DIRECTION('center_axis',(1.,0.,0.));
#4851=DIRECTION('ref_axis',(0.,0.,-1.));
#4852=DIRECTION('',(1.,0.,0.));
#4853=DIRECTION('center_axis',(1.,0.,0.));
#4854=DIRECTION('ref_axis',(0.,0.,-1.));
#4855=DIRECTION('',(1.,0.,0.));
#4856=DIRECTION('center_axis',(1.,0.,0.));
#4857=DIRECTION('ref_axis',(0.,0.,-1.));
#4858=DIRECTION('',(1.,0.,0.));
#4859=DIRECTION('center_axis',(1.,0.,0.));
#4860=DIRECTION('ref_axis',(0.,0.,-1.));
#4861=DIRECTION('',(1.,0.,0.));
#4862=DIRECTION('center_axis',(1.,0.,0.));
#4863=DIRECTION('ref_axis',(0.,0.,-1.));
#4864=DIRECTION('',(1.,0.,0.));
#4865=DIRECTION('center_axis',(1.,0.,0.));
#4866=DIRECTION('ref_axis',(0.,0.,-1.));
#4867=DIRECTION('',(1.,0.,0.));
#4868=DIRECTION('center_axis',(1.,0.,0.));
#4869=DIRECTION('ref_axis',(0.,0.,-1.));
#4870=DIRECTION('',(1.,0.,0.));
#4871=DIRECTION('center_axis',(1.,0.,0.));
#4872=DIRECTION('ref_axis',(0.,0.,-1.));
#4873=DIRECTION('',(1.,0.,0.));
#4874=DIRECTION('center_axis',(1.,0.,0.));
#4875=DIRECTION('ref_axis',(0.,1.22464679914735E-16,1.));
#4876=DIRECTION('',(1.,0.,0.));
#4877=DIRECTION('center_axis',(1.,0.,0.));
#4878=DIRECTION('ref_axis',(0.,0.,-1.));
#4879=DIRECTION('',(1.,0.,0.));
#4880=DIRECTION('center_axis',(1.,0.,0.));
#4881=DIRECTION('ref_axis',(0.,0.,-1.));
#4882=DIRECTION('',(1.,0.,0.));
#4883=DIRECTION('center_axis',(1.,0.,0.));
#4884=DIRECTION('ref_axis',(0.,0.,-1.));
#4885=DIRECTION('',(1.,0.,0.));
#4886=DIRECTION('center_axis',(1.,0.,0.));
#4887=DIRECTION('ref_axis',(0.,0.,-1.));
#4888=DIRECTION('',(1.,0.,0.));
#4889=DIRECTION('center_axis',(1.,0.,0.));
#4890=DIRECTION('ref_axis',(0.,0.,-1.));
#4891=DIRECTION('',(1.,0.,0.));
#4892=DIRECTION('center_axis',(1.,0.,0.));
#4893=DIRECTION('ref_axis',(0.,0.,-1.));
#4894=DIRECTION('',(1.,0.,0.));
#4895=DIRECTION('center_axis',(1.,0.,0.));
#4896=DIRECTION('ref_axis',(0.,0.,-1.));
#4897=DIRECTION('',(1.,0.,0.));
#4898=DIRECTION('center_axis',(1.,0.,0.));
#4899=DIRECTION('ref_axis',(0.,0.,-1.));
#4900=DIRECTION('',(1.,0.,0.));
#4901=DIRECTION('center_axis',(1.,0.,0.));
#4902=DIRECTION('ref_axis',(0.,0.,-1.));
#4903=DIRECTION('',(1.,0.,0.));
#4904=DIRECTION('center_axis',(1.,0.,0.));
#4905=DIRECTION('ref_axis',(0.,0.,-1.));
#4906=DIRECTION('',(1.,0.,0.));
#4907=DIRECTION('center_axis',(1.,0.,0.));
#4908=DIRECTION('ref_axis',(0.,0.,-1.));
#4909=DIRECTION('',(1.,0.,0.));
#4910=DIRECTION('center_axis',(1.,0.,0.));
#4911=DIRECTION('ref_axis',(0.,0.,-1.));
#4912=DIRECTION('',(1.,0.,0.));
#4913=DIRECTION('center_axis',(1.,0.,0.));
#4914=DIRECTION('ref_axis',(0.,0.,-1.));
#4915=DIRECTION('',(1.,0.,0.));
#4916=DIRECTION('center_axis',(1.,0.,0.));
#4917=DIRECTION('ref_axis',(0.,0.,-1.));
#4918=DIRECTION('',(1.,0.,0.));
#4919=DIRECTION('center_axis',(1.,0.,0.));
#4920=DIRECTION('ref_axis',(0.,0.,-1.));
#4921=DIRECTION('',(1.,0.,0.));
#4922=DIRECTION('center_axis',(1.,0.,0.));
#4923=DIRECTION('ref_axis',(0.,0.,-1.));
#4924=DIRECTION('',(1.,0.,0.));
#4925=DIRECTION('center_axis',(1.,0.,0.));
#4926=DIRECTION('ref_axis',(0.,0.,-1.));
#4927=DIRECTION('',(1.,0.,0.));
#4928=DIRECTION('center_axis',(1.,0.,0.));
#4929=DIRECTION('ref_axis',(0.,0.,-1.));
#4930=DIRECTION('center_axis',(1.,0.,0.));
#4931=DIRECTION('ref_axis',(0.,0.0349124405504273,0.999390374926041));
#4932=DIRECTION('',(1.,0.,0.));
#4933=DIRECTION('',(-1.,0.,0.));
#4934=DIRECTION('center_axis',(1.,0.,0.));
#4935=DIRECTION('ref_axis',(0.,0.,-1.));
#4936=DIRECTION('',(-1.,0.,0.));
#4937=DIRECTION('center_axis',(1.,0.,0.));
#4938=DIRECTION('ref_axis',(0.,0.,-1.));
#4939=DIRECTION('',(1.,0.,0.));
#4940=DIRECTION('center_axis',(1.,0.,0.));
#4941=DIRECTION('ref_axis',(0.,0.,-1.));
#4942=DIRECTION('',(-1.,0.,0.));
#4943=DIRECTION('center_axis',(1.,0.,0.));
#4944=DIRECTION('ref_axis',(0.,0.,-1.));
#4945=DIRECTION('',(-1.,0.,0.));
#4946=DIRECTION('center_axis',(1.,0.,0.));
#4947=DIRECTION('ref_axis',(0.,0.,-1.));
#4948=DIRECTION('',(1.,0.,0.));
#4949=DIRECTION('center_axis',(1.,0.,0.));
#4950=DIRECTION('ref_axis',(0.,0.,-1.));
#4951=DIRECTION('',(-1.,0.,0.));
#4952=DIRECTION('center_axis',(1.,0.,0.));
#4953=DIRECTION('ref_axis',(0.,0.,-1.));
#4954=DIRECTION('',(1.,0.,0.));
#4955=DIRECTION('center_axis',(1.,0.,0.));
#4956=DIRECTION('ref_axis',(0.,0.,-1.));
#4957=DIRECTION('',(-1.,0.,0.));
#4958=DIRECTION('center_axis',(1.,0.,0.));
#4959=DIRECTION('ref_axis',(0.,0.,-1.));
#4960=DIRECTION('',(1.,0.,0.));
#4961=DIRECTION('center_axis',(1.,0.,0.));
#4962=DIRECTION('ref_axis',(0.,0.,-1.));
#4963=DIRECTION('',(-1.,0.,0.));
#4964=DIRECTION('center_axis',(1.,0.,0.));
#4965=DIRECTION('ref_axis',(0.,0.,-1.));
#4966=DIRECTION('',(1.,0.,0.));
#4967=DIRECTION('center_axis',(1.,0.,0.));
#4968=DIRECTION('ref_axis',(0.,0.,-1.));
#4969=DIRECTION('',(-1.,0.,0.));
#4970=DIRECTION('center_axis',(1.,0.,0.));
#4971=DIRECTION('ref_axis',(0.,0.,-1.));
#4972=DIRECTION('',(1.,0.,0.));
#4973=DIRECTION('center_axis',(1.,0.,0.));
#4974=DIRECTION('ref_axis',(0.,0.,-1.));
#4975=DIRECTION('',(-1.,0.,0.));
#4976=DIRECTION('center_axis',(1.,0.,0.));
#4977=DIRECTION('ref_axis',(0.,0.,-1.));
#4978=DIRECTION('',(1.,0.,0.));
#4979=DIRECTION('center_axis',(1.,0.,0.));
#4980=DIRECTION('ref_axis',(0.,0.,-1.));
#4981=DIRECTION('',(-1.,0.,0.));
#4982=DIRECTION('center_axis',(1.,0.,0.));
#4983=DIRECTION('ref_axis',(0.,0.,-1.));
#4984=DIRECTION('',(1.,0.,0.));
#4985=DIRECTION('center_axis',(1.,0.,0.));
#4986=DIRECTION('ref_axis',(0.,0.,-1.));
#4987=DIRECTION('',(-1.,0.,0.));
#4988=DIRECTION('center_axis',(1.,0.,0.));
#4989=DIRECTION('ref_axis',(0.,0.,-1.));
#4990=DIRECTION('',(1.,0.,0.));
#4991=DIRECTION('center_axis',(1.,0.,0.));
#4992=DIRECTION('ref_axis',(0.,0.,-1.));
#4993=DIRECTION('',(-1.,0.,0.));
#4994=DIRECTION('center_axis',(1.,0.,0.));
#4995=DIRECTION('ref_axis',(0.,0.,-1.));
#4996=DIRECTION('',(1.,0.,0.));
#4997=DIRECTION('center_axis',(1.,0.,0.));
#4998=DIRECTION('ref_axis',(0.,0.,-1.));
#4999=DIRECTION('',(-1.,0.,0.));
#5000=DIRECTION('center_axis',(1.,0.,0.));
#5001=DIRECTION('ref_axis',(0.,0.,-1.));
#5002=DIRECTION('',(1.,0.,0.));
#5003=DIRECTION('center_axis',(1.,0.,0.));
#5004=DIRECTION('ref_axis',(0.,0.,-1.));
#5005=DIRECTION('',(-1.,0.,0.));
#5006=DIRECTION('center_axis',(1.,0.,0.));
#5007=DIRECTION('ref_axis',(0.,0.,-1.));
#5008=DIRECTION('',(1.,0.,0.));
#5009=DIRECTION('center_axis',(1.,0.,0.));
#5010=DIRECTION('ref_axis',(0.,0.,-1.));
#5011=DIRECTION('',(-1.,0.,0.));
#5012=DIRECTION('center_axis',(0.,0.,1.));
#5013=DIRECTION('ref_axis',(1.,0.,0.));
#5014=DIRECTION('',(1.,0.,0.));
#5015=DIRECTION('',(0.,-1.,0.));
#5016=DIRECTION('',(-1.,0.,0.));
#5017=DIRECTION('center_axis',(1.,0.,0.));
#5018=DIRECTION('ref_axis',(0.,0.,-1.));
#5019=DIRECTION('',(1.,0.,0.));
#5020=DIRECTION('center_axis',(1.,0.,0.));
#5021=DIRECTION('ref_axis',(0.,0.,-1.));
#5022=DIRECTION('',(1.,0.,0.));
#5023=DIRECTION('center_axis',(1.,0.,0.));
#5024=DIRECTION('ref_axis',(0.,0.,-1.));
#5025=DIRECTION('',(1.,0.,0.));
#5026=DIRECTION('center_axis',(1.,0.,0.));
#5027=DIRECTION('ref_axis',(0.,0.,-1.));
#5028=DIRECTION('',(1.,0.,0.));
#5029=DIRECTION('center_axis',(1.,0.,0.));
#5030=DIRECTION('ref_axis',(0.,0.,-1.));
#5031=DIRECTION('',(1.,0.,0.));
#5032=DIRECTION('center_axis',(1.,0.,0.));
#5033=DIRECTION('ref_axis',(0.,0.,-1.));
#5034=DIRECTION('',(1.,0.,0.));
#5035=DIRECTION('center_axis',(1.,0.,0.));
#5036=DIRECTION('ref_axis',(0.,0.,-1.));
#5037=DIRECTION('center_axis',(0.,0.,1.));
#5038=DIRECTION('ref_axis',(1.,0.,0.));
#5039=DIRECTION('',(1.,0.,0.));
#5040=DIRECTION('',(0.,-1.,0.));
#5041=DIRECTION('',(-1.,0.,0.));
#5042=DIRECTION('',(0.,1.,0.));
#5043=DIRECTION('center_axis',(-1.,0.,0.));
#5044=DIRECTION('ref_axis',(0.,0.,1.));
#5045=DIRECTION('',(0.,0.,-1.));
#5046=DIRECTION('',(0.,0.,-1.));
#5047=DIRECTION('',(0.,-1.,0.));
#5048=DIRECTION('center_axis',(0.,0.,1.));
#5049=DIRECTION('ref_axis',(1.,0.,0.));
#5050=DIRECTION('',(-1.,0.,0.));
#5051=DIRECTION('',(1.,0.,0.));
#5052=DIRECTION('',(0.,1.,0.));
#5053=DIRECTION('center_axis',(1.,0.,0.));
#5054=DIRECTION('ref_axis',(0.,0.,-1.));
#5055=DIRECTION('',(0.,0.,1.));
#5056=DIRECTION('',(0.,0.,-1.));
#5057=DIRECTION('center_axis',(0.,-1.,0.));
#5058=DIRECTION('ref_axis',(0.,0.,-1.));
#5059=DIRECTION('center_axis',(1.,0.,0.));
#5060=DIRECTION('ref_axis',(0.,0.,-1.));
#5061=DIRECTION('',(0.,1.,0.));
#5062=DIRECTION('',(0.,0.,-1.));
#5063=DIRECTION('',(0.,-1.,0.));
#5064=DIRECTION('',(0.,0.,-1.));
#5065=DIRECTION('center_axis',(0.,0.,1.));
#5066=DIRECTION('ref_axis',(1.,0.,0.));
#5067=DIRECTION('',(0.,1.,0.));
#5068=DIRECTION('',(-1.,0.,0.));
#5069=DIRECTION('',(1.,0.,0.));
#5070=DIRECTION('center_axis',(0.,0.,1.));
#5071=DIRECTION('ref_axis',(1.,0.,0.));
#5072=DIRECTION('',(0.,-1.,0.));
#5073=DIRECTION('',(-1.,0.,0.));
#5074=DIRECTION('',(0.,1.,0.));
#5075=DIRECTION('',(1.,0.,0.));
#5076=DIRECTION('center_axis',(1.,0.,0.));
#5077=DIRECTION('ref_axis',(0.,0.,-1.));
#5078=DIRECTION('',(0.,-1.,0.));
#5079=DIRECTION('',(0.,0.,-1.));
#5080=DIRECTION('',(0.,0.,-1.));
#5081=DIRECTION('center_axis',(0.,-1.,0.));
#5082=DIRECTION('ref_axis',(0.,0.,-1.));
#5083=DIRECTION('',(0.,0.,-1.));
#5084=DIRECTION('',(0.,0.,-1.));
#5085=DIRECTION('center_axis',(-1.,0.,0.));
#5086=DIRECTION('ref_axis',(0.,0.,1.));
#5087=DIRECTION('',(0.,0.,-1.));
#5088=DIRECTION('center_axis',(0.,-1.,0.));
#5089=DIRECTION('ref_axis',(0.,0.,-1.));
#5090=DIRECTION('',(0.,0.,-1.));
#5091=DIRECTION('',(1.,0.,0.));
#5092=DIRECTION('',(0.,0.,-1.));
#5093=DIRECTION('',(-1.,0.,0.));
#5094=DIRECTION('',(0.,0.,-1.));
#5095=DIRECTION('',(1.,0.,0.));
#5096=DIRECTION('center_axis',(1.,0.,0.));
#5097=DIRECTION('ref_axis',(0.,0.,-1.));
#5098=DIRECTION('',(0.,1.,0.));
#5099=DIRECTION('',(0.,0.,-1.));
#5100=DIRECTION('',(0.,-1.,0.));
#5101=DIRECTION('center_axis',(0.,0.,1.));
#5102=DIRECTION('ref_axis',(1.,0.,0.));
#5103=DIRECTION('',(0.,1.,0.));
#5104=DIRECTION('',(1.,0.,0.));
#5105=DIRECTION('center_axis',(0.,0.,1.));
#5106=DIRECTION('ref_axis',(1.,0.,0.));
#5107=DIRECTION('',(0.,-1.,0.));
#5108=DIRECTION('',(0.,-1.,0.));
#5109=DIRECTION('',(-1.,0.,0.));
#5110=DIRECTION('center_axis',(-1.,0.,0.));
#5111=DIRECTION('ref_axis',(0.,0.,1.));
#5112=DIRECTION('center_axis',(-1.,0.,0.));
#5113=DIRECTION('ref_axis',(0.,0.,1.));
#5114=DIRECTION('',(0.,0.,-1.));
#5115=DIRECTION('',(0.,-1.,0.));
#5116=DIRECTION('',(0.,0.,-1.));
#5117=DIRECTION('',(0.,1.,0.));
#5118=DIRECTION('center_axis',(0.,1.,0.));
#5119=DIRECTION('ref_axis',(0.,0.,1.));
#5120=DIRECTION('',(1.,0.,0.));
#5121=DIRECTION('',(0.,0.,-1.));
#5122=DIRECTION('',(-1.,0.,0.));
#5123=DIRECTION('center_axis',(1.,0.,0.));
#5124=DIRECTION('ref_axis',(0.,0.,-1.));
#5125=DIRECTION('',(0.,0.,1.));
#5126=DIRECTION('',(0.,-1.,0.));
#5127=DIRECTION('',(0.,0.,-1.));
#5128=DIRECTION('',(0.,-1.,0.));
#5129=DIRECTION('',(0.,0.,-1.));
#5130=DIRECTION('',(0.,1.,0.));
#5131=DIRECTION('',(0.,-1.,0.));
#5132=DIRECTION('center_axis',(0.,0.,1.));
#5133=DIRECTION('ref_axis',(1.,0.,0.));
#5134=DIRECTION('',(-1.,0.,0.));
#5135=DIRECTION('',(-1.,0.,0.));
#5136=DIRECTION('',(0.,1.,0.));
#5137=DIRECTION('',(1.,0.,0.));
#5138=DIRECTION('center_axis',(0.,0.,1.));
#5139=DIRECTION('ref_axis',(1.,0.,0.));
#5140=DIRECTION('',(1.,0.,0.));
#5141=DIRECTION('center_axis',(0.,-1.,0.));
#5142=DIRECTION('ref_axis',(0.,0.,-1.));
#5143=DIRECTION('center_axis',(-1.,0.,0.));
#5144=DIRECTION('ref_axis',(0.,0.,1.));
#5145=DIRECTION('',(0.,0.,-1.));
#5146=DIRECTION('',(0.,1.,0.));
#5147=DIRECTION('',(0.,0.,-1.));
#5148=DIRECTION('center_axis',(0.,-1.,0.));
#5149=DIRECTION('ref_axis',(0.,0.,-1.));
#5150=DIRECTION('',(1.,0.,0.));
#5151=DIRECTION('',(0.,0.,-1.));
#5152=DIRECTION('',(-1.,0.,0.));
#5153=DIRECTION('center_axis',(0.,0.,1.));
#5154=DIRECTION('ref_axis',(1.,0.,0.));
#5155=DIRECTION('',(-1.,0.,0.));
#5156=DIRECTION('',(0.,1.,0.));
#5157=DIRECTION('center_axis',(1.,0.,0.));
#5158=DIRECTION('ref_axis',(0.,0.,-1.));
#5159=DIRECTION('',(0.,0.,-1.));
#5160=DIRECTION('center_axis',(0.,1.,0.));
#5161=DIRECTION('ref_axis',(0.,0.,1.));
#5162=DIRECTION('',(1.,0.,0.));
#5163=DIRECTION('center_axis',(0.,0.,1.));
#5164=DIRECTION('ref_axis',(1.,0.,0.));
#5165=CARTESIAN_POINT('',(0.,0.,0.));
#5166=CARTESIAN_POINT('Origin',(38.1,-5.96524788298432,5.4852746192299));
#5167=CARTESIAN_POINT('',(35.1,-3.78356162353776,6.70603055935145));
#5168=CARTESIAN_POINT('',(41.1,-3.78356162353776,6.70603055935145));
#5169=CARTESIAN_POINT('',(38.1,-3.78356162353776,6.70603055935145));
#5170=CARTESIAN_POINT('',(35.1,-3.78019816974828,6.7));
#5171=CARTESIAN_POINT('Origin',(35.1,-5.96524788298432,5.4852746192299));
#5172=CARTESIAN_POINT('',(41.1,-3.78019816974828,6.7));
#5173=CARTESIAN_POINT('',(38.1,-3.78019816974828,6.7));
#5174=CARTESIAN_POINT('Origin',(41.1,-5.96524788298432,5.4852746192299));
#5175=CARTESIAN_POINT('Origin',(38.1,14.,6.7));
#5176=CARTESIAN_POINT('',(35.1,-2.07244342966192,6.7));
#5177=CARTESIAN_POINT('',(35.1,14.,6.7));
#5178=CARTESIAN_POINT('',(41.1,-2.07244342966192,6.7));
#5179=CARTESIAN_POINT('',(38.1,-2.07244342966192,6.7));
#5180=CARTESIAN_POINT('',(41.1,14.,6.7));
#5181=CARTESIAN_POINT('Origin',(35.1,14.,11.35));
#5182=CARTESIAN_POINT('',(35.1,-3.89146094587195,6.93734203341844));
#5183=CARTESIAN_POINT('Origin',(35.1,-6.10018796587661,5.7662207966964));
#5184=CARTESIAN_POINT('',(35.1,-3.98940849357152,7.15877834556343));
#5185=CARTESIAN_POINT('Origin',(35.1,-6.2240732221183,6.03794225094969));
#5186=CARTESIAN_POINT('',(35.1,-4.07779995856839,7.36993123823771));
#5187=CARTESIAN_POINT('Origin',(35.1,-6.33728138493096,6.30000428562711));
#5188=CARTESIAN_POINT('',(35.1,-4.1570474027575,7.57040850701101));
#5189=CARTESIAN_POINT('Origin',(35.1,-6.44020726860796,6.55198765737677));
#5190=CARTESIAN_POINT('',(35.1,-4.2275786055116,7.75983465742425));
#5191=CARTESIAN_POINT('Origin',(35.1,-6.53326213689587,6.79348924655744));
#5192=CARTESIAN_POINT('',(35.1,-4.28983638567845,7.93785153822918));
#5193=CARTESIAN_POINT('Origin',(35.1,-6.61687304506018,7.02412270214403));
#5194=CARTESIAN_POINT('',(35.1,-4.34427789915064,8.10411895139331));
#5195=CARTESIAN_POINT('Origin',(35.1,-6.69148215668795,7.24351905980679));
#5196=CARTESIAN_POINT('',(35.1,-4.39137391313723,8.25831524005931));
#5197=CARTESIAN_POINT('Origin',(35.1,-6.75754603632044,7.45132733217551));
#5198=CARTESIAN_POINT('',(35.1,-4.43160805830452,8.40013785697634));
#5199=CARTESIAN_POINT('Origin',(35.1,-6.81553491904721,7.64721507034447));
#5200=CARTESIAN_POINT('',(35.1,-4.4654760599893,8.52930391818066));
#5201=CARTESIAN_POINT('Origin',(35.1,-6.8659319582303,7.83086889571975));
#5202=CARTESIAN_POINT('',(35.1,-4.49348494972312,8.6455507507134));
#5203=CARTESIAN_POINT('Origin',(35.1,-6.9092324525619,8.00199500135815));
#5204=CARTESIAN_POINT('',(35.1,-9.,9.58539858869337));
#5205=CARTESIAN_POINT('Origin',(35.1,-6.94594305369213,8.1603196219956));
#5206=CARTESIAN_POINT('',(35.1,-9.,16.));
#5207=CARTESIAN_POINT('',(35.1,-9.,11.35));
#5208=CARTESIAN_POINT('',(35.1,37.,16.));
#5209=CARTESIAN_POINT('',(35.1,14.,16.));
#5210=CARTESIAN_POINT('',(35.1,37.,6.7));
#5211=CARTESIAN_POINT('',(35.1,37.,11.35));
#5212=CARTESIAN_POINT('',(35.1,23.2791819153407,6.7));
#5213=CARTESIAN_POINT('',(35.1,14.,6.7));
#5214=CARTESIAN_POINT('',(35.1,23.3104776490726,6.81211661354138));
#5215=CARTESIAN_POINT('Origin',(35.1,20.8875326722864,7.4280205341871));
#5216=CARTESIAN_POINT('',(35.1,23.3796180670723,7.05120776196454));
#5217=CARTESIAN_POINT('Origin',(35.1,20.9464261930191,7.62529599912074));
#5218=CARTESIAN_POINT('',(35.1,23.440380068908,7.27823016290704));
#5219=CARTESIAN_POINT('Origin',(35.1,20.9976716523247,7.81037261709885));
#5220=CARTESIAN_POINT('',(35.1,23.4932572109093,7.49287666553712));
#5221=CARTESIAN_POINT('Origin',(35.1,21.0417629916044,7.98295430501356));
#5222=CARTESIAN_POINT('',(35.1,23.5387545379979,7.69485983568078));
#5223=CARTESIAN_POINT('Origin',(35.1,21.0792055973251,8.14276496897967));
#5224=CARTESIAN_POINT('',(35.1,23.5773877717436,7.88391221452388));
#5225=CARTESIAN_POINT('Origin',(35.1,21.110515492509,8.28954894602597));
#5226=CARTESIAN_POINT('',(35.1,23.6096824816144,8.05978641878404));
#5227=CARTESIAN_POINT('Origin',(35.1,21.1362185112069,8.42307141310141));
#5228=CARTESIAN_POINT('',(35.1,23.6361732406654,8.22225496434719));
#5229=CARTESIAN_POINT('Origin',(35.1,21.1568494572762,8.54311876274197));
#5230=CARTESIAN_POINT('',(35.1,23.6574027668316,8.37110955097814));
#5231=CARTESIAN_POINT('Origin',(35.1,21.1729512488081,8.64949894479694));
#5232=CARTESIAN_POINT('',(35.1,23.6739210506809,8.50615916496651));
#5233=CARTESIAN_POINT('Origin',(35.1,21.1850740495753,8.74204177366827));
#5234=CARTESIAN_POINT('',(35.1,23.6862844693891,8.62722521422884));
#5235=CARTESIAN_POINT('Origin',(35.1,21.1937743888867,8.82059920057118));
#5236=CARTESIAN_POINT('',(35.1,23.6950548820153,8.73412783044663));
#5237=CARTESIAN_POINT('Origin',(35.1,21.1996142712593,8.88504555038064));
#5238=CARTESIAN_POINT('',(35.1,23.7007986746613,8.82663870490993));
#5239=CARTESIAN_POINT('Origin',(35.1,21.2031602773314,8.9352777226848));
#5240=CARTESIAN_POINT('',(35.1,23.7040854759787,8.90424444930647));
#5241=CARTESIAN_POINT('Origin',(35.1,21.2049826574537,8.97121535672357));
#5242=CARTESIAN_POINT('',(35.1,18.7071342524246,9.07880662931408));
#5243=CARTESIAN_POINT('Origin',(35.1,21.2056544194108,8.9928009599488));
#5244=CARTESIAN_POINT('',(35.1,18.7071041907569,9.07841953672298));
#5245=CARTESIAN_POINT('Origin',(35.1,21.1996142712593,8.88504555038064));
#5246=CARTESIAN_POINT('',(35.1,18.7049273877811,9.05648180927293));
#5247=CARTESIAN_POINT('Origin',(35.1,21.1937743888867,8.82059920057118));
#5248=CARTESIAN_POINT('',(35.1,18.7006225315518,9.02043116748706));
#5249=CARTESIAN_POINT('Origin',(35.1,21.1850740495753,8.74204177366827));
#5250=CARTESIAN_POINT('',(35.1,18.6936274654189,8.97036274319172));
#5251=CARTESIAN_POINT('Origin',(35.1,21.1729512488081,8.64949894479694));
#5252=CARTESIAN_POINT('',(35.1,18.6833854868687,8.90640375705934));
#5253=CARTESIAN_POINT('Origin',(35.1,21.1568494572762,8.54311876274197));
#5254=CARTESIAN_POINT('',(35.1,18.6693462319723,8.8287081446035));
#5255=CARTESIAN_POINT('Origin',(35.1,21.1362185112069,8.42307141310141));
#5256=CARTESIAN_POINT('',(35.1,18.6509665518362,8.73745407932485));
#5257=CARTESIAN_POINT('Origin',(35.1,21.110515492509,8.28954894602597));
#5258=CARTESIAN_POINT('',(35.1,18.6277113780202,8.6328426084561));
#5259=CARTESIAN_POINT('Origin',(35.1,21.0792055973251,8.14276496897967));
#5260=CARTESIAN_POINT('',(35.1,18.5990545750212,8.51509675920537));
#5261=CARTESIAN_POINT('Origin',(35.1,21.0417629916044,7.98295430501356));
#5262=CARTESIAN_POINT('',(35.1,18.5644797782715,8.38446085425505));
#5263=CARTESIAN_POINT('Origin',(35.1,20.9976716523247,7.81037261709885));
#5264=CARTESIAN_POINT('',(35.1,18.5234812162329,8.24119991976647));
#5265=CARTESIAN_POINT('Origin',(35.1,20.9464261930191,7.62529599912074));
#5266=CARTESIAN_POINT('',(35.1,18.4755645152351,8.08559912977115));
#5267=CARTESIAN_POINT('Origin',(35.1,20.8875326722864,7.4280205341871));
#5268=CARTESIAN_POINT('',(35.1,18.4202474857496,7.91796325840732));
#5269=CARTESIAN_POINT('Origin',(35.1,20.8205093839926,7.21886182095863));
#5270=CARTESIAN_POINT('',(35.1,18.3570608888321,7.73861612489254));
#5271=CARTESIAN_POINT('Origin',(35.1,20.7448876278973,6.99815446875835));
#5272=CARTESIAN_POINT('',(35.1,18.2855491814956,7.54790002303474));
#5273=CARTESIAN_POINT('Origin',(35.1,20.6602124594744,6.76625156226805));
#5274=CARTESIAN_POINT('',(35.1,18.2052712398173,7.34617513083268));
#5275=CARTESIAN_POINT('Origin',(35.1,20.5660434177261,6.52352409666815));
#5276=CARTESIAN_POINT('',(35.1,18.1158010586157,7.13381889784053));
#5277=CARTESIAN_POINT('Origin',(35.1,20.4619552298268,6.27036038412449));
#5278=CARTESIAN_POINT('',(35.1,18.0167284265717,6.91122540921823));
#5279=CARTESIAN_POINT('Origin',(35.1,20.3475384914688,6.00716543257177));
#5280=CARTESIAN_POINT('',(35.1,17.9164211446586,6.7));
#5281=CARTESIAN_POINT('Origin',(35.1,20.2224003218218,5.73436029778722));
#5282=CARTESIAN_POINT('',(35.1,17.2706374074121,6.7));
#5283=CARTESIAN_POINT('',(35.1,14.,6.7));
#5284=CARTESIAN_POINT('',(35.1,17.0573681713896,7.54790002303469));
#5285=CARTESIAN_POINT('Origin',(35.1,14.7768739351591,6.52352409666815));
#5286=CARTESIAN_POINT('',(35.1,16.9858564640531,7.73861612489256));
#5287=CARTESIAN_POINT('Origin',(35.1,14.6827048934108,6.76625156226806));
#5288=CARTESIAN_POINT('',(35.1,16.9226698671356,7.9179632584073));
#5289=CARTESIAN_POINT('Origin',(35.1,14.5980297249879,6.99815446875835));
#5290=CARTESIAN_POINT('',(35.1,16.8673528376501,8.08559912977115));
#5291=CARTESIAN_POINT('Origin',(35.1,14.5224079688925,7.21886182095863));
#5292=CARTESIAN_POINT('',(35.1,16.8194361366523,8.24119991976649));
#5293=CARTESIAN_POINT('Origin',(35.1,14.4553846805988,7.4280205341871));
#5294=CARTESIAN_POINT('',(35.1,16.7784375746137,8.38446085425503));
#5295=CARTESIAN_POINT('Origin',(35.1,14.3964911598661,7.62529599912074));
#5296=CARTESIAN_POINT('',(35.1,16.743862777864,8.51509675920543));
#5297=CARTESIAN_POINT('Origin',(35.1,14.3452457005604,7.81037261709885));
#5298=CARTESIAN_POINT('',(35.1,16.715205974865,8.63284260845607));
#5299=CARTESIAN_POINT('Origin',(35.1,14.3011543612807,7.98295430501356));
#5300=CARTESIAN_POINT('',(35.1,16.691950801049,8.73745407932486));
#5301=CARTESIAN_POINT('Origin',(35.1,14.2637117555601,8.14276496897967));
#5302=CARTESIAN_POINT('',(35.1,16.6735711209129,8.8287081446035));
#5303=CARTESIAN_POINT('Origin',(35.1,14.2324018603762,8.28954894602597));
#5304=CARTESIAN_POINT('',(35.1,16.6595318660165,8.90640375705934));
#5305=CARTESIAN_POINT('Origin',(35.1,14.2066988416783,8.42307141310141));
#5306=CARTESIAN_POINT('',(35.1,16.6492898874663,8.97036274319171));
#5307=CARTESIAN_POINT('Origin',(35.1,14.186067895609,8.54311876274197));
#5308=CARTESIAN_POINT('',(35.1,16.6422948213333,9.02043116748706));
#5309=CARTESIAN_POINT('Origin',(35.1,14.169966104077,8.64949894479694));
#5310=CARTESIAN_POINT('',(35.1,16.6379899651041,9.05648180927293));
#5311=CARTESIAN_POINT('Origin',(35.1,14.1578433033099,8.74204177366827));
#5312=CARTESIAN_POINT('',(35.1,16.6359897641493,9.07671049001342));
#5313=CARTESIAN_POINT('Origin',(35.1,14.1491429639985,8.82059920057118));
#5314=CARTESIAN_POINT('',(35.1,11.6383441181588,9.07671049001342));
#5315=CARTESIAN_POINT('Origin',(35.1,14.1371669411541,9.));
#5316=CARTESIAN_POINT('',(35.1,11.6363439172041,9.05648180927293));
#5317=CARTESIAN_POINT('Origin',(35.1,14.1251909183096,8.82059920057118));
#5318=CARTESIAN_POINT('',(35.1,11.6320390609748,9.02043116748706));
#5319=CARTESIAN_POINT('Origin',(35.1,14.1164905789983,8.74204177366827));
#5320=CARTESIAN_POINT('',(35.1,11.6250439948418,8.97036274319172));
#5321=CARTESIAN_POINT('Origin',(35.1,14.1043677782311,8.64949894479694));
#5322=CARTESIAN_POINT('',(35.1,11.6148020162917,8.90640375705934));
#5323=CARTESIAN_POINT('Origin',(35.1,14.0882659866991,8.54311876274197));
#5324=CARTESIAN_POINT('',(35.1,11.6007627613952,8.82870814460354));
#5325=CARTESIAN_POINT('Origin',(35.1,14.0676350406299,8.42307141310141));
#5326=CARTESIAN_POINT('',(35.1,11.5823830812592,8.73745407932482));
#5327=CARTESIAN_POINT('Origin',(35.1,14.0419320219319,8.28954894602597));
#5328=CARTESIAN_POINT('',(35.1,11.5591279074432,8.63284260845607));
#5329=CARTESIAN_POINT('Origin',(35.1,14.0106221267481,8.14276496897967));
#5330=CARTESIAN_POINT('',(35.1,11.5304711044442,8.5150967592054));
#5331=CARTESIAN_POINT('Origin',(35.1,13.9731795210274,7.98295430501356));
#5332=CARTESIAN_POINT('',(35.1,11.4958963076944,8.38446085425505));
#5333=CARTESIAN_POINT('Origin',(35.1,13.9290881817477,7.81037261709885));
#5334=CARTESIAN_POINT('',(35.1,11.4548977456559,8.2411999197665));
#5335=CARTESIAN_POINT('Origin',(35.1,13.877842722442,7.62529599912074));
#5336=CARTESIAN_POINT('',(35.1,11.406981044658,8.08559912977115));
#5337=CARTESIAN_POINT('Origin',(35.1,13.8189492017094,7.42802053418711));
#5338=CARTESIAN_POINT('',(35.1,11.3516640151726,7.91796325840728));
#5339=CARTESIAN_POINT('Origin',(35.1,13.7519259134156,7.21886182095863));
#5340=CARTESIAN_POINT('',(35.1,11.288477418255,7.73861612489258));
#5341=CARTESIAN_POINT('Origin',(35.1,13.6763041573203,6.99815446875835));
#5342=CARTESIAN_POINT('',(35.1,11.2169657109185,7.54790002303468));
#5343=CARTESIAN_POINT('Origin',(35.1,13.5916289888973,6.76625156226805));
#5344=CARTESIAN_POINT('',(35.1,11.1366877692403,7.34617513083273));
#5345=CARTESIAN_POINT('Origin',(35.1,13.497459947149,6.52352409666815));
#5346=CARTESIAN_POINT('',(35.1,11.0472175880387,7.13381889784051));
#5347=CARTESIAN_POINT('Origin',(35.1,13.3933717592498,6.27036038412449));
#5348=CARTESIAN_POINT('',(35.1,10.9481449559946,6.91122540921822));
#5349=CARTESIAN_POINT('Origin',(35.1,13.2789550208918,6.00716543257177));
#5350=CARTESIAN_POINT('',(35.1,10.8478376740816,6.7));
#5351=CARTESIAN_POINT('Origin',(35.1,13.1538168512448,5.73436029778722));
#5352=CARTESIAN_POINT('',(35.1,10.3579127376495,6.7));
#5353=CARTESIAN_POINT('',(35.1,14.,6.7));
#5354=CARTESIAN_POINT('',(35.1,10.2576054557365,6.91122540921823));
#5355=CARTESIAN_POINT('Origin',(35.1,8.05193356048631,5.73436029778722));
#5356=CARTESIAN_POINT('',(35.1,10.1585328236924,7.13381889784051));
#5357=CARTESIAN_POINT('Origin',(35.1,7.9267953908393,6.00716543257177));
#5358=CARTESIAN_POINT('',(35.1,10.0690626424908,7.34617513083272));
#5359=CARTESIAN_POINT('Origin',(35.1,7.81237865248133,6.27036038412449));
#5360=CARTESIAN_POINT('',(35.1,9.9887847008126,7.54790002303471));
#5361=CARTESIAN_POINT('Origin',(35.1,7.70829046458207,6.52352409666815));
#5362=CARTESIAN_POINT('',(35.1,9.91727299347607,7.73861612489256));
#5363=CARTESIAN_POINT('Origin',(35.1,7.61412142283378,6.76625156226805));
#5364=CARTESIAN_POINT('',(35.1,9.85408639655853,7.91796325840729));
#5365=CARTESIAN_POINT('Origin',(35.1,7.52944625441082,6.99815446875835));
#5366=CARTESIAN_POINT('',(35.1,9.79876936707307,8.08559912977115));
#5367=CARTESIAN_POINT('Origin',(35.1,7.45382449831551,7.21886182095863));
#5368=CARTESIAN_POINT('',(35.1,9.75085266607522,8.24119991976652));
#5369=CARTESIAN_POINT('Origin',(35.1,7.38680121002172,7.4280205341871));
#5370=CARTESIAN_POINT('',(35.1,9.70985410403669,8.38446085425501));
#5371=CARTESIAN_POINT('Origin',(35.1,7.32790768928908,7.62529599912074));
#5372=CARTESIAN_POINT('',(35.1,9.67527930728694,8.51509675920541));
#5373=CARTESIAN_POINT('Origin',(35.1,7.2766622299834,7.81037261709885));
#5374=CARTESIAN_POINT('',(35.1,9.64662250428793,8.63284260845604));
#5375=CARTESIAN_POINT('Origin',(35.1,7.23257089070369,7.98295430501356));
#5376=CARTESIAN_POINT('',(35.1,9.62336733047194,8.73745407932486));
#5377=CARTESIAN_POINT('Origin',(35.1,7.19512828498304,8.14276496897967));
#5378=CARTESIAN_POINT('',(35.1,9.60498765033586,8.8287081446035));
#5379=CARTESIAN_POINT('Origin',(35.1,7.16381838979918,8.28954894602597));
#5380=CARTESIAN_POINT('',(35.1,9.59094839543942,8.90640375705943));
#5381=CARTESIAN_POINT('Origin',(35.1,7.13811537110123,8.42307141310141));
#5382=CARTESIAN_POINT('',(35.1,9.58070641688929,8.97036274319166));
#5383=CARTESIAN_POINT('Origin',(35.1,7.11748442503198,8.54311876274197));
#5384=CARTESIAN_POINT('',(35.1,9.57371135075631,9.02043116748703));
#5385=CARTESIAN_POINT('Origin',(35.1,7.10138263350001,8.64949894479694));
#5386=CARTESIAN_POINT('',(35.1,9.56940649452703,9.05648180927293));
#5387=CARTESIAN_POINT('Origin',(35.1,7.08925983273282,8.74204177366827));
#5388=CARTESIAN_POINT('',(35.1,9.56740629357227,9.07671049001344));
#5389=CARTESIAN_POINT('Origin',(35.1,7.08055949342148,8.82059920057118));
#5390=CARTESIAN_POINT('',(35.1,4.56976064758179,9.07671049001344));
#5391=CARTESIAN_POINT('Origin',(35.1,7.06858347057703,9.));
#5392=CARTESIAN_POINT('',(35.1,4.56776044662704,9.05648180927296));
#5393=CARTESIAN_POINT('Origin',(35.1,7.05660744773258,8.82059920057118));
#5394=CARTESIAN_POINT('',(35.1,4.56345559039775,9.020431167487));
#5395=CARTESIAN_POINT('Origin',(35.1,7.04790710842125,8.74204177366827));
#5396=CARTESIAN_POINT('',(35.1,4.55646052426478,8.97036274319167));
#5397=CARTESIAN_POINT('Origin',(35.1,7.03578430765406,8.64949894479694));
#5398=CARTESIAN_POINT('',(35.1,4.54621854571465,8.90640375705942));
#5399=CARTESIAN_POINT('Origin',(35.1,7.01968251612209,8.54311876274197));
#5400=CARTESIAN_POINT('',(35.1,4.53217929081821,8.82870814460353));
#5401=CARTESIAN_POINT('Origin',(35.1,6.99905157005284,8.42307141310141));
#5402=CARTESIAN_POINT('',(35.1,4.51379961068212,8.73745407932483));
#5403=CARTESIAN_POINT('Origin',(35.1,6.97334855135489,8.28954894602597));
#5404=CARTESIAN_POINT('',(35.1,4.49054443686614,8.63284260845604));
#5405=CARTESIAN_POINT('Origin',(35.1,6.94203865617103,8.14276496897967));
#5406=CARTESIAN_POINT('',(35.1,4.46188763386712,8.51509675920541));
#5407=CARTESIAN_POINT('Origin',(35.1,6.90459605045038,7.98295430501356));
#5408=CARTESIAN_POINT('',(35.1,4.42731283711738,8.38446085425501));
#5409=CARTESIAN_POINT('Origin',(35.1,6.86050471117066,7.81037261709885));
#5410=CARTESIAN_POINT('',(35.1,4.38631427507885,8.24119991976652));
#5411=CARTESIAN_POINT('Origin',(35.1,6.80925925186498,7.62529599912074));
#5412=CARTESIAN_POINT('',(35.1,4.33839757408099,8.08559912977114));
#5413=CARTESIAN_POINT('Origin',(35.1,6.75036573113235,7.42802053418711));
#5414=CARTESIAN_POINT('',(35.1,4.28308054459554,7.9179632584073));
#5415=CARTESIAN_POINT('Origin',(35.1,6.68334244283856,7.21886182095863));
#5416=CARTESIAN_POINT('',(35.1,4.219893947678,7.73861612489256));
#5417=CARTESIAN_POINT('Origin',(35.1,6.60772068674325,6.99815446875835));
#5418=CARTESIAN_POINT('',(35.1,4.14838224034147,7.54790002303471));
#5419=CARTESIAN_POINT('Origin',(35.1,6.52304551832029,6.76625156226805));
#5420=CARTESIAN_POINT('',(35.1,4.06810429866326,7.34617513083272));
#5421=CARTESIAN_POINT('Origin',(35.1,6.428876476572,6.52352409666815));
#5422=CARTESIAN_POINT('',(35.1,3.97863411746163,7.13381889784051));
#5423=CARTESIAN_POINT('Origin',(35.1,6.32478828867274,6.27036038412449));
#5424=CARTESIAN_POINT('',(35.1,3.87956148541758,6.91122540921822));
#5425=CARTESIAN_POINT('Origin',(35.1,6.21037155031477,6.00716543257177));
#5426=CARTESIAN_POINT('',(35.1,3.77925420350453,6.7));
#5427=CARTESIAN_POINT('Origin',(35.1,6.08523338066776,5.73436029778722));
#5428=CARTESIAN_POINT('',(35.1,3.29191375729597,6.7));
#5429=CARTESIAN_POINT('',(35.1,14.,6.7));
#5430=CARTESIAN_POINT('',(35.1,3.21533704111173,6.85402517853937));
#5431=CARTESIAN_POINT('Origin',(35.1,1.01635427225859,5.66470823916327));
#5432=CARTESIAN_POINT('',(35.1,3.11380161389894,7.07911451824208));
#5433=CARTESIAN_POINT('Origin',(35.1,0.888476353737365,5.93984831296484));
#5434=CARTESIAN_POINT('',(35.1,3.02196864587766,7.29406764614298));
#5435=CARTESIAN_POINT('Origin',(35.1,0.771415430668717,6.20548589656572));
#5436=CARTESIAN_POINT('',(35.1,2.93943197670092,7.49848642031637));
#5437=CARTESIAN_POINT('Origin',(35.1,0.66478285235379,6.46119602649849));
#5438=CARTESIAN_POINT('',(35.1,2.86576948734333,7.69198917176466));
#5439=CARTESIAN_POINT('Origin',(35.1,0.56817328496672,6.70656962110383));
#5440=CARTESIAN_POINT('',(35.1,2.80054376891301,7.87421134626603));
#5441=CARTESIAN_POINT('Origin',(35.1,0.481165360002289,6.94121413497396));
#5442=CARTESIAN_POINT('',(35.1,2.74330281629347,8.0448061227743));
#5443=CARTESIAN_POINT('Origin',(35.1,0.403322348375645,7.1647541869415));
#5444=CARTESIAN_POINT('',(35.1,2.69358074550046,8.20344500921884));
#5445=CARTESIAN_POINT('Origin',(35.1,0.334192859095669,7.37683216060932));
#5446=CARTESIAN_POINT('',(35.1,2.65089853359985,8.34981841765712));
#5447=CARTESIAN_POINT('Origin',(35.1,0.273311561394277,7.57710877646042));
#5448=CARTESIAN_POINT('',(35.1,2.61476477999675,8.48363622258415));
#5449=CARTESIAN_POINT('Origin',(35.1,0.220199929156378,7.76526363463285));
#5450=CARTESIAN_POINT('',(35.1,2.58467648786948,8.60462830944103));
#5451=CARTESIAN_POINT('Origin',(35.1,0.174367006459578,7.94099572749109));
#5452=CARTESIAN_POINT('',(35.1,2.56011986448781,8.71254512627213));
#5453=CARTESIAN_POINT('Origin',(35.1,0.135310192998928,8.10402392117409));
#5454=CARTESIAN_POINT('',(35.1,2.54057113911776,8.80715826279755));
#5455=CARTESIAN_POINT('Origin',(35.1,0.102516048140194,8.25408740534945));
#5456=CARTESIAN_POINT('',(35.1,2.5254973971737,8.88826110407249));
#5457=CARTESIAN_POINT('Origin',(35.1,0.0754611123153421,8.39094611045431));
#5458=CARTESIAN_POINT('',(35.1,2.51435742921938,8.95566965535133));
#5459=CARTESIAN_POINT('Origin',(35.1,0.0536127444461849,8.51438109175548));
#5460=CARTESIAN_POINT('',(35.1,2.50660259331002,9.00922375007736));
#5461=CARTESIAN_POINT('Origin',(35.1,0.03642997405648,8.62419487961427));
#5462=CARTESIAN_POINT('',(35.1,2.50167768890088,9.04878914861376));
#5463=CARTESIAN_POINT('Origin',(35.1,0.0233643667092935,8.7202117953958));
#5464=CARTESIAN_POINT('',(35.1,2.49902183971843,9.07426189118491));
#5465=CARTESIAN_POINT('Origin',(35.1,0.0138609013851039,8.80227823251733));
#5466=CARTESIAN_POINT('',(35.1,2.498804706956,9.07689683864936));
#5467=CARTESIAN_POINT('Origin',(35.1,0.00735885839703565,8.87026290218605));
#5468=CARTESIAN_POINT('',(35.1,-2.49878672384723,9.07737938380597));
#5469=CARTESIAN_POINT('Origin',(35.1,1.49999250001476E-6,8.99955000374999));
#5470=CARTESIAN_POINT('',(35.1,-2.50010138462721,9.06329220213845));
#5471=CARTESIAN_POINT('Origin',(35.1,-0.0102699452114947,8.83803811605543));
#5472=CARTESIAN_POINT('',(35.1,-2.5038213318007,9.03076232122672));
#5473=CARTESIAN_POINT('Origin',(35.1,-0.0182022881833044,8.76299755504837));
#5474=CARTESIAN_POINT('',(35.1,-2.51009142638676,8.98418754203137));
#5475=CARTESIAN_POINT('Origin',(35.1,-0.0294170698005201,8.67393806729302));
#5476=CARTESIAN_POINT('',(35.1,-2.51946981755954,8.92368775317354));
#5477=CARTESIAN_POINT('Origin',(35.1,-0.0444722720090085,8.57100212897142));
#5478=CARTESIAN_POINT('',(35.1,-2.20728490071028,7.16750331413034));
#5479=CARTESIAN_POINT('Origin',(35.1,-0.063919732900938,8.45435441562641));
#5480=CARTESIAN_POINT('',(35.1,-2.1573870430492,6.99255399343615));
#5481=CARTESIAN_POINT('Origin',(35.1,0.220199929156378,7.76526363463285));
#5482=CARTESIAN_POINT('',(35.1,-2.08607632501051,6.7504959278509));
#5483=CARTESIAN_POINT('Origin',(35.1,0.273311561394277,7.57710877646042));
#5484=CARTESIAN_POINT('Origin',(35.1,0.334192859095669,7.37683216060932));
#5485=CARTESIAN_POINT('Origin',(38.1,-6.10018796587661,5.7662207966964));
#5486=CARTESIAN_POINT('',(41.1,-3.89146094587195,6.93734203341844));
#5487=CARTESIAN_POINT('Origin',(41.1,-6.10018796587661,5.7662207966964));
#5488=CARTESIAN_POINT('',(38.1,-3.89146094587195,6.93734203341844));
#5489=CARTESIAN_POINT('Origin',(38.1,-6.2240732221183,6.03794225094969));
#5490=CARTESIAN_POINT('',(41.1,-3.98940849357152,7.15877834556343));
#5491=CARTESIAN_POINT('Origin',(41.1,-6.2240732221183,6.03794225094969));
#5492=CARTESIAN_POINT('',(38.1,-3.98940849357152,7.15877834556343));
#5493=CARTESIAN_POINT('Origin',(41.1,14.,11.35));
#5494=CARTESIAN_POINT('',(41.1,-2.08607632501051,6.7504959278509));
#5495=CARTESIAN_POINT('Origin',(41.1,0.334192859095669,7.37683216060932));
#5496=CARTESIAN_POINT('',(41.1,-2.1573870430492,6.99255399343615));
#5497=CARTESIAN_POINT('Origin',(41.1,0.273311561394277,7.57710877646042));
#5498=CARTESIAN_POINT('',(41.1,-2.20728490071028,7.16750331413034));
#5499=CARTESIAN_POINT('Origin',(41.1,0.220199929156378,7.76526363463285));
#5500=CARTESIAN_POINT('',(41.1,-2.51946981755954,8.92368775317354));
#5501=CARTESIAN_POINT('Origin',(41.1,-0.063919732900938,8.45435441562641));
#5502=CARTESIAN_POINT('',(41.1,-2.51009142638676,8.98418754203137));
#5503=CARTESIAN_POINT('Origin',(41.1,-0.0444722720090085,8.57100212897142));
#5504=CARTESIAN_POINT('',(41.1,-2.5038213318007,9.03076232122672));
#5505=CARTESIAN_POINT('Origin',(41.1,-0.0294170698005201,8.67393806729302));
#5506=CARTESIAN_POINT('',(41.1,-2.50010138462721,9.06329220213845));
#5507=CARTESIAN_POINT('Origin',(41.1,-0.0182022881833044,8.76299755504837));
#5508=CARTESIAN_POINT('',(41.1,-2.49878672384723,9.07737938380597));
#5509=CARTESIAN_POINT('Origin',(41.1,-0.0102699452114947,8.83803811605543));
#5510=CARTESIAN_POINT('',(41.1,2.498804706956,9.07689683864936));
#5511=CARTESIAN_POINT('Origin',(41.1,1.49999250001476E-6,8.99955000374999));
#5512=CARTESIAN_POINT('',(41.1,2.49902183971843,9.07426189118491));
#5513=CARTESIAN_POINT('Origin',(41.1,0.00735885839703565,8.87026290218605));
#5514=CARTESIAN_POINT('',(41.1,2.50167768890088,9.04878914861376));
#5515=CARTESIAN_POINT('Origin',(41.1,0.0138609013851039,8.80227823251733));
#5516=CARTESIAN_POINT('',(41.1,2.50660259331002,9.00922375007736));
#5517=CARTESIAN_POINT('Origin',(41.1,0.0233643667092935,8.7202117953958));
#5518=CARTESIAN_POINT('',(41.1,2.51435742921938,8.95566965535133));
#5519=CARTESIAN_POINT('Origin',(41.1,0.03642997405648,8.62419487961427));
#5520=CARTESIAN_POINT('',(41.1,2.5254973971737,8.88826110407249));
#5521=CARTESIAN_POINT('Origin',(41.1,0.0536127444461849,8.51438109175548));
#5522=CARTESIAN_POINT('',(41.1,2.54057113911776,8.80715826279755));
#5523=CARTESIAN_POINT('Origin',(41.1,0.0754611123153421,8.39094611045431));
#5524=CARTESIAN_POINT('',(41.1,2.56011986448781,8.71254512627213));
#5525=CARTESIAN_POINT('Origin',(41.1,0.102516048140194,8.25408740534945));
#5526=CARTESIAN_POINT('',(41.1,2.58467648786948,8.60462830944103));
#5527=CARTESIAN_POINT('Origin',(41.1,0.135310192998928,8.10402392117409));
#5528=CARTESIAN_POINT('',(41.1,2.61476477999675,8.48363622258415));
#5529=CARTESIAN_POINT('Origin',(41.1,0.174367006459578,7.94099572749109));
#5530=CARTESIAN_POINT('',(41.1,2.65089853359985,8.34981841765712));
#5531=CARTESIAN_POINT('Origin',(41.1,0.220199929156378,7.76526363463285));
#5532=CARTESIAN_POINT('',(41.1,2.69358074550046,8.20344500921884));
#5533=CARTESIAN_POINT('Origin',(41.1,0.273311561394277,7.57710877646042));
#5534=CARTESIAN_POINT('',(41.1,2.74330281629347,8.0448061227743));
#5535=CARTESIAN_POINT('Origin',(41.1,0.334192859095669,7.37683216060932));
#5536=CARTESIAN_POINT('',(41.1,2.80054376891301,7.87421134626603));
#5537=CARTESIAN_POINT('Origin',(41.1,0.403322348375645,7.1647541869415));
#5538=CARTESIAN_POINT('',(41.1,2.86576948734333,7.69198917176466));
#5539=CARTESIAN_POINT('Origin',(41.1,0.481165360002289,6.94121413497396));
#5540=CARTESIAN_POINT('',(41.1,2.93943197670092,7.49848642031637));
#5541=CARTESIAN_POINT('Origin',(41.1,0.56817328496672,6.70656962110383));
#5542=CARTESIAN_POINT('',(41.1,3.02196864587766,7.29406764614298));
#5543=CARTESIAN_POINT('Origin',(41.1,0.66478285235379,6.46119602649849));
#5544=CARTESIAN_POINT('',(41.1,3.11380161389894,7.07911451824208));
#5545=CARTESIAN_POINT('Origin',(41.1,0.771415430668717,6.20548589656572));
#5546=CARTESIAN_POINT('',(41.1,3.21533704111173,6.85402517853937));
#5547=CARTESIAN_POINT('Origin',(41.1,0.888476353737365,5.93984831296484));
#5548=CARTESIAN_POINT('',(41.1,3.29191375729597,6.7));
#5549=CARTESIAN_POINT('Origin',(41.1,1.01635427225859,5.66470823916327));
#5550=CARTESIAN_POINT('',(41.1,3.77925420350453,6.7));
#5551=CARTESIAN_POINT('',(41.1,14.,6.7));
#5552=CARTESIAN_POINT('',(41.1,3.87956148541758,6.91122540921822));
#5553=CARTESIAN_POINT('Origin',(41.1,6.08523338066776,5.73436029778722));
#5554=CARTESIAN_POINT('',(41.1,3.97863411746163,7.13381889784051));
#5555=CARTESIAN_POINT('Origin',(41.1,6.21037155031477,6.00716543257177));
#5556=CARTESIAN_POINT('',(41.1,4.06810429866326,7.34617513083272));
#5557=CARTESIAN_POINT('Origin',(41.1,6.32478828867274,6.27036038412449));
#5558=CARTESIAN_POINT('',(41.1,4.14838224034147,7.54790002303471));
#5559=CARTESIAN_POINT('Origin',(41.1,6.428876476572,6.52352409666815));
#5560=CARTESIAN_POINT('',(41.1,4.219893947678,7.73861612489256));
#5561=CARTESIAN_POINT('Origin',(41.1,6.52304551832029,6.76625156226805));
#5562=CARTESIAN_POINT('',(41.1,4.28308054459554,7.9179632584073));
#5563=CARTESIAN_POINT('Origin',(41.1,6.60772068674325,6.99815446875835));
#5564=CARTESIAN_POINT('',(41.1,4.33839757408099,8.08559912977114));
#5565=CARTESIAN_POINT('Origin',(41.1,6.68334244283856,7.21886182095863));
#5566=CARTESIAN_POINT('',(41.1,4.38631427507885,8.24119991976652));
#5567=CARTESIAN_POINT('Origin',(41.1,6.75036573113235,7.42802053418711));
#5568=CARTESIAN_POINT('',(41.1,4.42731283711738,8.38446085425501));
#5569=CARTESIAN_POINT('Origin',(41.1,6.80925925186498,7.62529599912074));
#5570=CARTESIAN_POINT('',(41.1,4.46188763386712,8.51509675920541));
#5571=CARTESIAN_POINT('Origin',(41.1,6.86050471117066,7.81037261709885));
#5572=CARTESIAN_POINT('',(41.1,4.49054443686614,8.63284260845604));
#5573=CARTESIAN_POINT('Origin',(41.1,6.90459605045038,7.98295430501356));
#5574=CARTESIAN_POINT('',(41.1,4.51379961068212,8.73745407932483));
#5575=CARTESIAN_POINT('Origin',(41.1,6.94203865617103,8.14276496897967));
#5576=CARTESIAN_POINT('',(41.1,4.53217929081821,8.82870814460353));
#5577=CARTESIAN_POINT('Origin',(41.1,6.97334855135489,8.28954894602597));
#5578=CARTESIAN_POINT('',(41.1,4.54621854571465,8.90640375705942));
#5579=CARTESIAN_POINT('Origin',(41.1,6.99905157005284,8.42307141310141));
#5580=CARTESIAN_POINT('',(41.1,4.55646052426478,8.97036274319167));
#5581=CARTESIAN_POINT('Origin',(41.1,7.01968251612209,8.54311876274197));
#5582=CARTESIAN_POINT('',(41.1,4.56345559039775,9.020431167487));
#5583=CARTESIAN_POINT('Origin',(41.1,7.03578430765406,8.64949894479694));
#5584=CARTESIAN_POINT('',(41.1,4.56776044662704,9.05648180927296));
#5585=CARTESIAN_POINT('Origin',(41.1,7.04790710842125,8.74204177366827));
#5586=CARTESIAN_POINT('',(41.1,4.56976064758179,9.07671049001344));
#5587=CARTESIAN_POINT('Origin',(41.1,7.05660744773258,8.82059920057118));
#5588=CARTESIAN_POINT('',(41.1,9.56740629357227,9.07671049001344));
#5589=CARTESIAN_POINT('Origin',(41.1,7.06858347057703,9.));
#5590=CARTESIAN_POINT('',(41.1,9.56940649452703,9.05648180927293));
#5591=CARTESIAN_POINT('Origin',(41.1,7.08055949342148,8.82059920057118));
#5592=CARTESIAN_POINT('',(41.1,9.57371135075631,9.02043116748703));
#5593=CARTESIAN_POINT('Origin',(41.1,7.08925983273282,8.74204177366827));
#5594=CARTESIAN_POINT('',(41.1,9.58070641688929,8.97036274319166));
#5595=CARTESIAN_POINT('Origin',(41.1,7.10138263350001,8.64949894479694));
#5596=CARTESIAN_POINT('',(41.1,9.59094839543942,8.90640375705943));
#5597=CARTESIAN_POINT('Origin',(41.1,7.11748442503198,8.54311876274197));
#5598=CARTESIAN_POINT('',(41.1,9.60498765033586,8.8287081446035));
#5599=CARTESIAN_POINT('Origin',(41.1,7.13811537110123,8.42307141310141));
#5600=CARTESIAN_POINT('',(41.1,9.62336733047194,8.73745407932486));
#5601=CARTESIAN_POINT('Origin',(41.1,7.16381838979918,8.28954894602597));
#5602=CARTESIAN_POINT('',(41.1,9.64662250428793,8.63284260845604));
#5603=CARTESIAN_POINT('Origin',(41.1,7.19512828498304,8.14276496897967));
#5604=CARTESIAN_POINT('',(41.1,9.67527930728694,8.51509675920541));
#5605=CARTESIAN_POINT('Origin',(41.1,7.23257089070369,7.98295430501356));
#5606=CARTESIAN_POINT('',(41.1,9.70985410403669,8.38446085425501));
#5607=CARTESIAN_POINT('Origin',(41.1,7.2766622299834,7.81037261709885));
#5608=CARTESIAN_POINT('',(41.1,9.75085266607522,8.24119991976652));
#5609=CARTESIAN_POINT('Origin',(41.1,7.32790768928908,7.62529599912074));
#5610=CARTESIAN_POINT('',(41.1,9.79876936707307,8.08559912977115));
#5611=CARTESIAN_POINT('Origin',(41.1,7.38680121002172,7.4280205341871));
#5612=CARTESIAN_POINT('',(41.1,9.85408639655853,7.91796325840729));
#5613=CARTESIAN_POINT('Origin',(41.1,7.45382449831551,7.21886182095863));
#5614=CARTESIAN_POINT('',(41.1,9.91727299347607,7.73861612489256));
#5615=CARTESIAN_POINT('Origin',(41.1,7.52944625441082,6.99815446875835));
#5616=CARTESIAN_POINT('',(41.1,9.9887847008126,7.54790002303471));
#5617=CARTESIAN_POINT('Origin',(41.1,7.61412142283378,6.76625156226805));
#5618=CARTESIAN_POINT('',(41.1,10.0690626424908,7.34617513083272));
#5619=CARTESIAN_POINT('Origin',(41.1,7.70829046458207,6.52352409666815));
#5620=CARTESIAN_POINT('',(41.1,10.1585328236924,7.13381889784051));
#5621=CARTESIAN_POINT('Origin',(41.1,7.81237865248133,6.27036038412449));
#5622=CARTESIAN_POINT('',(41.1,10.2576054557365,6.91122540921823));
#5623=CARTESIAN_POINT('Origin',(41.1,7.9267953908393,6.00716543257177));
#5624=CARTESIAN_POINT('',(41.1,10.3579127376495,6.7));
#5625=CARTESIAN_POINT('Origin',(41.1,8.05193356048631,5.73436029778722));
#5626=CARTESIAN_POINT('',(41.1,10.8478376740816,6.7));
#5627=CARTESIAN_POINT('',(41.1,14.,6.7));
#5628=CARTESIAN_POINT('',(41.1,10.9481449559946,6.91122540921822));
#5629=CARTESIAN_POINT('Origin',(41.1,13.1538168512448,5.73436029778722));
#5630=CARTESIAN_POINT('',(41.1,11.0472175880387,7.13381889784051));
#5631=CARTESIAN_POINT('Origin',(41.1,13.2789550208918,6.00716543257177));
#5632=CARTESIAN_POINT('',(41.1,11.1366877692403,7.34617513083273));
#5633=CARTESIAN_POINT('Origin',(41.1,13.3933717592498,6.27036038412449));
#5634=CARTESIAN_POINT('',(41.1,11.2169657109185,7.54790002303468));
#5635=CARTESIAN_POINT('Origin',(41.1,13.497459947149,6.52352409666815));
#5636=CARTESIAN_POINT('',(41.1,11.288477418255,7.73861612489258));
#5637=CARTESIAN_POINT('Origin',(41.1,13.5916289888973,6.76625156226805));
#5638=CARTESIAN_POINT('',(41.1,11.3516640151726,7.91796325840728));
#5639=CARTESIAN_POINT('Origin',(41.1,13.6763041573203,6.99815446875835));
#5640=CARTESIAN_POINT('',(41.1,11.406981044658,8.08559912977115));
#5641=CARTESIAN_POINT('Origin',(41.1,13.7519259134156,7.21886182095863));
#5642=CARTESIAN_POINT('',(41.1,11.4548977456559,8.2411999197665));
#5643=CARTESIAN_POINT('Origin',(41.1,13.8189492017094,7.42802053418711));
#5644=CARTESIAN_POINT('',(41.1,11.4958963076944,8.38446085425505));
#5645=CARTESIAN_POINT('Origin',(41.1,13.877842722442,7.62529599912074));
#5646=CARTESIAN_POINT('',(41.1,11.5304711044442,8.5150967592054));
#5647=CARTESIAN_POINT('Origin',(41.1,13.9290881817477,7.81037261709885));
#5648=CARTESIAN_POINT('',(41.1,11.5591279074432,8.63284260845607));
#5649=CARTESIAN_POINT('Origin',(41.1,13.9731795210274,7.98295430501356));
#5650=CARTESIAN_POINT('',(41.1,11.5823830812592,8.73745407932482));
#5651=CARTESIAN_POINT('Origin',(41.1,14.0106221267481,8.14276496897967));
#5652=CARTESIAN_POINT('',(41.1,11.6007627613952,8.82870814460354));
#5653=CARTESIAN_POINT('Origin',(41.1,14.0419320219319,8.28954894602597));
#5654=CARTESIAN_POINT('',(41.1,11.6148020162917,8.90640375705934));
#5655=CARTESIAN_POINT('Origin',(41.1,14.0676350406299,8.42307141310141));
#5656=CARTESIAN_POINT('',(41.1,11.6250439948418,8.97036274319172));
#5657=CARTESIAN_POINT('Origin',(41.1,14.0882659866991,8.54311876274197));
#5658=CARTESIAN_POINT('',(41.1,11.6320390609748,9.02043116748706));
#5659=CARTESIAN_POINT('Origin',(41.1,14.1043677782311,8.64949894479694));
#5660=CARTESIAN_POINT('',(41.1,11.6363439172041,9.05648180927293));
#5661=CARTESIAN_POINT('Origin',(41.1,14.1164905789983,8.74204177366827));
#5662=CARTESIAN_POINT('',(41.1,11.6383441181588,9.07671049001342));
#5663=CARTESIAN_POINT('Origin',(41.1,14.1251909183096,8.82059920057118));
#5664=CARTESIAN_POINT('',(41.1,16.6359897641493,9.07671049001342));
#5665=CARTESIAN_POINT('Origin',(41.1,14.1371669411541,9.));
#5666=CARTESIAN_POINT('',(41.1,16.6379899651041,9.05648180927293));
#5667=CARTESIAN_POINT('Origin',(41.1,14.1491429639985,8.82059920057118));
#5668=CARTESIAN_POINT('',(41.1,16.6422948213333,9.02043116748706));
#5669=CARTESIAN_POINT('Origin',(41.1,14.1578433033099,8.74204177366827));
#5670=CARTESIAN_POINT('',(41.1,16.6492898874663,8.97036274319171));
#5671=CARTESIAN_POINT('Origin',(41.1,14.169966104077,8.64949894479694));
#5672=CARTESIAN_POINT('',(41.1,16.6595318660165,8.90640375705934));
#5673=CARTESIAN_POINT('Origin',(41.1,14.186067895609,8.54311876274197));
#5674=CARTESIAN_POINT('',(41.1,16.6735711209129,8.8287081446035));
#5675=CARTESIAN_POINT('Origin',(41.1,14.2066988416783,8.42307141310141));
#5676=CARTESIAN_POINT('',(41.1,16.691950801049,8.73745407932486));
#5677=CARTESIAN_POINT('Origin',(41.1,14.2324018603762,8.28954894602597));
#5678=CARTESIAN_POINT('',(41.1,16.715205974865,8.63284260845607));
#5679=CARTESIAN_POINT('Origin',(41.1,14.2637117555601,8.14276496897967));
#5680=CARTESIAN_POINT('',(41.1,16.743862777864,8.51509675920543));
#5681=CARTESIAN_POINT('Origin',(41.1,14.3011543612807,7.98295430501356));
#5682=CARTESIAN_POINT('',(41.1,16.7784375746137,8.38446085425503));
#5683=CARTESIAN_POINT('Origin',(41.1,14.3452457005604,7.81037261709885));
#5684=CARTESIAN_POINT('',(41.1,16.8194361366523,8.24119991976649));
#5685=CARTESIAN_POINT('Origin',(41.1,14.3964911598661,7.62529599912074));
#5686=CARTESIAN_POINT('',(41.1,16.8673528376501,8.08559912977115));
#5687=CARTESIAN_POINT('Origin',(41.1,14.4553846805988,7.4280205341871));
#5688=CARTESIAN_POINT('',(41.1,16.9226698671356,7.9179632584073));
#5689=CARTESIAN_POINT('Origin',(41.1,14.5224079688925,7.21886182095863));
#5690=CARTESIAN_POINT('',(41.1,16.9858564640531,7.73861612489256));
#5691=CARTESIAN_POINT('Origin',(41.1,14.5980297249879,6.99815446875835));
#5692=CARTESIAN_POINT('',(41.1,17.0573681713896,7.54790002303469));
#5693=CARTESIAN_POINT('Origin',(41.1,14.6827048934108,6.76625156226806));
#5694=CARTESIAN_POINT('',(41.1,17.2706374074121,6.7));
#5695=CARTESIAN_POINT('Origin',(41.1,14.7768739351591,6.52352409666815));
#5696=CARTESIAN_POINT('',(41.1,17.9164211446586,6.7));
#5697=CARTESIAN_POINT('',(41.1,14.,6.7));
#5698=CARTESIAN_POINT('',(41.1,18.0167284265717,6.91122540921823));
#5699=CARTESIAN_POINT('Origin',(41.1,20.2224003218218,5.73436029778722));
#5700=CARTESIAN_POINT('',(41.1,18.1158010586157,7.13381889784053));
#5701=CARTESIAN_POINT('Origin',(41.1,20.3475384914688,6.00716543257177));
#5702=CARTESIAN_POINT('',(41.1,18.2052712398173,7.34617513083268));
#5703=CARTESIAN_POINT('Origin',(41.1,20.4619552298268,6.27036038412449));
#5704=CARTESIAN_POINT('',(41.1,18.2855491814956,7.54790002303474));
#5705=CARTESIAN_POINT('Origin',(41.1,20.5660434177261,6.52352409666815));
#5706=CARTESIAN_POINT('',(41.1,18.3570608888321,7.73861612489254));
#5707=CARTESIAN_POINT('Origin',(41.1,20.6602124594744,6.76625156226805));
#5708=CARTESIAN_POINT('',(41.1,18.4202474857496,7.91796325840732));
#5709=CARTESIAN_POINT('Origin',(41.1,20.7448876278973,6.99815446875835));
#5710=CARTESIAN_POINT('',(41.1,18.4755645152351,8.08559912977115));
#5711=CARTESIAN_POINT('Origin',(41.1,20.8205093839926,7.21886182095863));
#5712=CARTESIAN_POINT('',(41.1,18.5234812162329,8.24119991976647));
#5713=CARTESIAN_POINT('Origin',(41.1,20.8875326722864,7.4280205341871));
#5714=CARTESIAN_POINT('',(41.1,18.5644797782715,8.38446085425505));
#5715=CARTESIAN_POINT('Origin',(41.1,20.9464261930191,7.62529599912074));
#5716=CARTESIAN_POINT('',(41.1,18.5990545750212,8.51509675920537));
#5717=CARTESIAN_POINT('Origin',(41.1,20.9976716523247,7.81037261709885));
#5718=CARTESIAN_POINT('',(41.1,18.6277113780202,8.6328426084561));
#5719=CARTESIAN_POINT('Origin',(41.1,21.0417629916044,7.98295430501356));
#5720=CARTESIAN_POINT('',(41.1,18.6509665518362,8.73745407932485));
#5721=CARTESIAN_POINT('Origin',(41.1,21.0792055973251,8.14276496897967));
#5722=CARTESIAN_POINT('',(41.1,18.6693462319723,8.8287081446035));
#5723=CARTESIAN_POINT('Origin',(41.1,21.110515492509,8.28954894602597));
#5724=CARTESIAN_POINT('',(41.1,18.6833854868687,8.90640375705934));
#5725=CARTESIAN_POINT('Origin',(41.1,21.1362185112069,8.42307141310141));
#5726=CARTESIAN_POINT('',(41.1,18.6936274654189,8.97036274319172));
#5727=CARTESIAN_POINT('Origin',(41.1,21.1568494572762,8.54311876274197));
#5728=CARTESIAN_POINT('',(41.1,18.7006225315518,9.02043116748706));
#5729=CARTESIAN_POINT('Origin',(41.1,21.1729512488081,8.64949894479694));
#5730=CARTESIAN_POINT('',(41.1,18.7049273877811,9.05648180927293));
#5731=CARTESIAN_POINT('Origin',(41.1,21.1850740495753,8.74204177366827));
#5732=CARTESIAN_POINT('',(41.1,18.7071041907569,9.07841953672298));
#5733=CARTESIAN_POINT('Origin',(41.1,21.1937743888867,8.82059920057118));
#5734=CARTESIAN_POINT('',(41.1,18.7071342524246,9.07880662931408));
#5735=CARTESIAN_POINT('Origin',(41.1,21.1996142712593,8.88504555038064));
#5736=CARTESIAN_POINT('',(41.1,23.7040854759787,8.90424444930647));
#5737=CARTESIAN_POINT('Origin',(41.1,21.2056544194108,8.9928009599488));
#5738=CARTESIAN_POINT('',(41.1,23.7007986746613,8.82663870490993));
#5739=CARTESIAN_POINT('Origin',(41.1,21.2049826574537,8.97121535672357));
#5740=CARTESIAN_POINT('',(41.1,23.6950548820153,8.73412783044663));
#5741=CARTESIAN_POINT('Origin',(41.1,21.2031602773314,8.9352777226848));
#5742=CARTESIAN_POINT('',(41.1,23.6862844693891,8.62722521422884));
#5743=CARTESIAN_POINT('Origin',(41.1,21.1996142712593,8.88504555038064));
#5744=CARTESIAN_POINT('',(41.1,23.6739210506809,8.50615916496651));
#5745=CARTESIAN_POINT('Origin',(41.1,21.1937743888867,8.82059920057118));
#5746=CARTESIAN_POINT('',(41.1,23.6574027668316,8.37110955097814));
#5747=CARTESIAN_POINT('Origin',(41.1,21.1850740495753,8.74204177366827));
#5748=CARTESIAN_POINT('',(41.1,23.6361732406654,8.22225496434719));
#5749=CARTESIAN_POINT('Origin',(41.1,21.1729512488081,8.64949894479694));
#5750=CARTESIAN_POINT('',(41.1,23.6096824816144,8.05978641878404));
#5751=CARTESIAN_POINT('Origin',(41.1,21.1568494572762,8.54311876274197));
#5752=CARTESIAN_POINT('',(41.1,23.5773877717436,7.88391221452388));
#5753=CARTESIAN_POINT('Origin',(41.1,21.1362185112069,8.42307141310141));
#5754=CARTESIAN_POINT('',(41.1,23.5387545379979,7.69485983568078));
#5755=CARTESIAN_POINT('Origin',(41.1,21.110515492509,8.28954894602597));
#5756=CARTESIAN_POINT('',(41.1,23.4932572109093,7.49287666553712));
#5757=CARTESIAN_POINT('Origin',(41.1,21.0792055973251,8.14276496897967));
#5758=CARTESIAN_POINT('',(41.1,23.440380068908,7.27823016290704));
#5759=CARTESIAN_POINT('Origin',(41.1,21.0417629916044,7.98295430501356));
#5760=CARTESIAN_POINT('',(41.1,23.3796180670723,7.05120776196454));
#5761=CARTESIAN_POINT('Origin',(41.1,20.9976716523247,7.81037261709885));
#5762=CARTESIAN_POINT('',(41.1,23.3104776490726,6.81211661354138));
#5763=CARTESIAN_POINT('Origin',(41.1,20.9464261930191,7.62529599912074));
#5764=CARTESIAN_POINT('',(41.1,23.2791819153407,6.7));
#5765=CARTESIAN_POINT('Origin',(41.1,20.8875326722864,7.4280205341871));
#5766=CARTESIAN_POINT('',(41.1,31.,6.7));
#5767=CARTESIAN_POINT('',(41.1,14.,6.7));
#5768=CARTESIAN_POINT('',(41.1,31.,16.));
#5769=CARTESIAN_POINT('',(41.1,31.,11.35));
#5770=CARTESIAN_POINT('',(41.1,-9.,16.));
#5771=CARTESIAN_POINT('',(41.1,14.,16.));
#5772=CARTESIAN_POINT('',(41.1,-9.,9.58539858869337));
#5773=CARTESIAN_POINT('',(41.1,-9.,11.35));
#5774=CARTESIAN_POINT('',(41.1,-4.49348494972312,8.6455507507134));
#5775=CARTESIAN_POINT('Origin',(41.1,-6.94594305369213,8.1603196219956));
#5776=CARTESIAN_POINT('',(41.1,-4.4654760599893,8.52930391818066));
#5777=CARTESIAN_POINT('Origin',(41.1,-6.9092324525619,8.00199500135815));
#5778=CARTESIAN_POINT('',(41.1,-4.43160805830452,8.40013785697634));
#5779=CARTESIAN_POINT('Origin',(41.1,-6.8659319582303,7.83086889571975));
#5780=CARTESIAN_POINT('',(41.1,-4.39137391313723,8.25831524005931));
#5781=CARTESIAN_POINT('Origin',(41.1,-6.81553491904721,7.64721507034447));
#5782=CARTESIAN_POINT('',(41.1,-4.34427789915064,8.10411895139331));
#5783=CARTESIAN_POINT('Origin',(41.1,-6.75754603632044,7.45132733217551));
#5784=CARTESIAN_POINT('',(41.1,-4.28983638567845,7.93785153822918));
#5785=CARTESIAN_POINT('Origin',(41.1,-6.69148215668795,7.24351905980679));
#5786=CARTESIAN_POINT('',(41.1,-4.2275786055116,7.75983465742425));
#5787=CARTESIAN_POINT('Origin',(41.1,-6.61687304506018,7.02412270214403));
#5788=CARTESIAN_POINT('',(41.1,-4.1570474027575,7.57040850701101));
#5789=CARTESIAN_POINT('Origin',(41.1,-6.53326213689587,6.79348924655744));
#5790=CARTESIAN_POINT('',(41.1,-4.07779995856839,7.36993123823771));
#5791=CARTESIAN_POINT('Origin',(41.1,-6.44020726860796,6.55198765737677));
#5792=CARTESIAN_POINT('Origin',(41.1,-6.33728138493096,6.30000428562711));
#5793=CARTESIAN_POINT('Origin',(38.1,-6.33728138493096,6.30000428562711));
#5794=CARTESIAN_POINT('',(38.1,-4.07779995856839,7.36993123823771));
#5795=CARTESIAN_POINT('Origin',(38.1,-6.44020726860796,6.55198765737677));
#5796=CARTESIAN_POINT('',(38.1,-4.1570474027575,7.57040850701101));
#5797=CARTESIAN_POINT('Origin',(38.1,-6.53326213689587,6.79348924655744));
#5798=CARTESIAN_POINT('',(38.1,-4.2275786055116,7.75983465742425));
#5799=CARTESIAN_POINT('Origin',(38.1,-6.61687304506018,7.02412270214403));
#5800=CARTESIAN_POINT('',(38.1,-4.28983638567845,7.93785153822918));
#5801=CARTESIAN_POINT('Origin',(38.1,-6.69148215668795,7.24351905980679));
#5802=CARTESIAN_POINT('',(38.1,-4.34427789915064,8.10411895139331));
#5803=CARTESIAN_POINT('Origin',(38.1,-6.75754603632044,7.45132733217551));
#5804=CARTESIAN_POINT('',(38.1,-4.39137391313723,8.25831524005931));
#5805=CARTESIAN_POINT('Origin',(38.1,-6.81553491904721,7.64721507034447));
#5806=CARTESIAN_POINT('',(38.1,-4.43160805830452,8.40013785697634));
#5807=CARTESIAN_POINT('Origin',(38.1,-6.8659319582303,7.83086889571975));
#5808=CARTESIAN_POINT('',(38.1,-4.4654760599893,8.52930391818066));
#5809=CARTESIAN_POINT('Origin',(38.1,-6.9092324525619,8.00199500135815));
#5810=CARTESIAN_POINT('',(38.1,-4.49348494972312,8.6455507507134));
#5811=CARTESIAN_POINT('Origin',(38.1,-6.94594305369213,8.1603196219956));
#5812=CARTESIAN_POINT('',(38.1,-9.,9.58539858869337));
#5813=CARTESIAN_POINT('Origin',(38.1,-9.,11.35));
#5814=CARTESIAN_POINT('',(38.1,-9.,16.));
#5815=CARTESIAN_POINT('Origin',(38.1,1.01635427225859,5.66470823916327));
#5816=CARTESIAN_POINT('',(38.1,3.21533704111173,6.85402517853937));
#5817=CARTESIAN_POINT('',(38.1,3.29191375729597,6.7));
#5818=CARTESIAN_POINT('Origin',(38.1,14.,6.7));
#5819=CARTESIAN_POINT('',(38.1,3.77925420350453,6.7));
#5820=CARTESIAN_POINT('Origin',(38.1,0.888476353737365,5.93984831296484));
#5821=CARTESIAN_POINT('',(38.1,3.11380161389894,7.07911451824208));
#5822=CARTESIAN_POINT('Origin',(38.1,0.771415430668717,6.20548589656572));
#5823=CARTESIAN_POINT('',(38.1,3.02196864587766,7.29406764614298));
#5824=CARTESIAN_POINT('Origin',(38.1,0.66478285235379,6.46119602649849));
#5825=CARTESIAN_POINT('',(38.1,2.93943197670092,7.49848642031637));
#5826=CARTESIAN_POINT('Origin',(38.1,0.56817328496672,6.70656962110383));
#5827=CARTESIAN_POINT('',(38.1,2.86576948734333,7.69198917176466));
#5828=CARTESIAN_POINT('Origin',(38.1,0.481165360002289,6.94121413497396));
#5829=CARTESIAN_POINT('',(38.1,2.80054376891301,7.87421134626603));
#5830=CARTESIAN_POINT('Origin',(38.1,0.403322348375645,7.1647541869415));
#5831=CARTESIAN_POINT('',(38.1,2.74330281629347,8.0448061227743));
#5832=CARTESIAN_POINT('Origin',(38.1,0.334192859095669,7.37683216060932));
#5833=CARTESIAN_POINT('',(38.1,2.69358074550046,8.20344500921884));
#5834=CARTESIAN_POINT('Origin',(38.1,0.334192859095669,7.37683216060932));
#5835=CARTESIAN_POINT('',(38.1,-2.08607632501051,6.7504959278509));
#5836=CARTESIAN_POINT('Origin',(38.1,0.273311561394277,7.57710877646042));
#5837=CARTESIAN_POINT('',(38.1,2.65089853359985,8.34981841765712));
#5838=CARTESIAN_POINT('Origin',(38.1,0.273311561394277,7.57710877646042));
#5839=CARTESIAN_POINT('',(38.1,-2.1573870430492,6.99255399343615));
#5840=CARTESIAN_POINT('Origin',(38.1,0.220199929156378,7.76526363463285));
#5841=CARTESIAN_POINT('',(38.1,-2.20728490071028,7.16750331413034));
#5842=CARTESIAN_POINT('Origin',(38.1,0.220199929156378,7.76526363463285));
#5843=CARTESIAN_POINT('',(38.1,2.61476477999675,8.48363622258415));
#5844=CARTESIAN_POINT('Origin',(38.1,0.174367006459578,7.94099572749109));
#5845=CARTESIAN_POINT('',(38.1,2.58467648786948,8.60462830944103));
#5846=CARTESIAN_POINT('Origin',(38.1,-0.063919732900938,8.45435441562641));
#5847=CARTESIAN_POINT('',(38.1,-2.51946981755954,8.92368775317354));
#5848=CARTESIAN_POINT('Origin',(38.1,0.135310192998928,8.10402392117409));
#5849=CARTESIAN_POINT('',(38.1,2.56011986448781,8.71254512627213));
#5850=CARTESIAN_POINT('Origin',(38.1,0.102516048140194,8.25408740534945));
#5851=CARTESIAN_POINT('',(38.1,2.54057113911776,8.80715826279755));
#5852=CARTESIAN_POINT('Origin',(38.1,0.0754611123153421,8.39094611045431));
#5853=CARTESIAN_POINT('',(38.1,2.5254973971737,8.88826110407249));
#5854=CARTESIAN_POINT('Origin',(38.1,0.0536127444461849,8.51438109175548));
#5855=CARTESIAN_POINT('',(38.1,2.51435742921938,8.95566965535133));
#5856=CARTESIAN_POINT('Origin',(38.1,0.03642997405648,8.62419487961427));
#5857=CARTESIAN_POINT('',(38.1,2.50660259331002,9.00922375007736));
#5858=CARTESIAN_POINT('Origin',(38.1,0.0233643667092935,8.7202117953958));
#5859=CARTESIAN_POINT('',(38.1,2.50167768890088,9.04878914861376));
#5860=CARTESIAN_POINT('Origin',(38.1,0.0138609013851039,8.80227823251733));
#5861=CARTESIAN_POINT('',(38.1,2.49902183971843,9.07426189118491));
#5862=CARTESIAN_POINT('Origin',(38.1,0.00735885839703565,8.87026290218605));
#5863=CARTESIAN_POINT('',(38.1,2.498804706956,9.07689683864936));
#5864=CARTESIAN_POINT('Origin',(38.1,1.49999250001476E-6,8.99955000374999));
#5865=CARTESIAN_POINT('',(38.1,-2.49878672384723,9.07737938380597));
#5866=CARTESIAN_POINT('Origin',(38.1,-0.0102699452114947,8.83803811605543));
#5867=CARTESIAN_POINT('',(38.1,-2.50010138462721,9.06329220213845));
#5868=CARTESIAN_POINT('Origin',(38.1,-0.0182022881833044,8.76299755504837));
#5869=CARTESIAN_POINT('',(38.1,-2.5038213318007,9.03076232122672));
#5870=CARTESIAN_POINT('Origin',(38.1,-0.0294170698005201,8.67393806729302));
#5871=CARTESIAN_POINT('',(38.1,-2.51009142638676,8.98418754203137));
#5872=CARTESIAN_POINT('Origin',(38.1,-0.0444722720090085,8.57100212897142));
#5873=CARTESIAN_POINT('Origin',(38.1,8.05193356048631,5.73436029778722));
#5874=CARTESIAN_POINT('',(38.1,10.3579127376495,6.7));
#5875=CARTESIAN_POINT('',(38.1,10.2576054557365,6.91122540921823));
#5876=CARTESIAN_POINT('Origin',(38.1,7.9267953908393,6.00716543257177));
#5877=CARTESIAN_POINT('',(38.1,10.1585328236924,7.13381889784051));
#5878=CARTESIAN_POINT('Origin',(38.1,14.,6.7));
#5879=CARTESIAN_POINT('',(38.1,10.8478376740816,6.7));
#5880=CARTESIAN_POINT('Origin',(38.1,7.81237865248133,6.27036038412449));
#5881=CARTESIAN_POINT('',(38.1,10.0690626424908,7.34617513083272));
#5882=CARTESIAN_POINT('Origin',(38.1,7.70829046458207,6.52352409666815));
#5883=CARTESIAN_POINT('',(38.1,9.9887847008126,7.54790002303471));
#5884=CARTESIAN_POINT('Origin',(38.1,7.61412142283378,6.76625156226805));
#5885=CARTESIAN_POINT('',(38.1,9.91727299347607,7.73861612489256));
#5886=CARTESIAN_POINT('Origin',(38.1,7.52944625441082,6.99815446875835));
#5887=CARTESIAN_POINT('',(38.1,9.85408639655853,7.91796325840729));
#5888=CARTESIAN_POINT('Origin',(38.1,7.45382449831551,7.21886182095863));
#5889=CARTESIAN_POINT('',(38.1,9.79876936707307,8.08559912977115));
#5890=CARTESIAN_POINT('Origin',(38.1,7.38680121002172,7.4280205341871));
#5891=CARTESIAN_POINT('',(38.1,9.75085266607522,8.24119991976652));
#5892=CARTESIAN_POINT('Origin',(38.1,7.32790768928908,7.62529599912074));
#5893=CARTESIAN_POINT('',(38.1,9.70985410403669,8.38446085425501));
#5894=CARTESIAN_POINT('Origin',(38.1,7.2766622299834,7.81037261709885));
#5895=CARTESIAN_POINT('',(38.1,9.67527930728694,8.51509675920541));
#5896=CARTESIAN_POINT('Origin',(38.1,7.23257089070369,7.98295430501356));
#5897=CARTESIAN_POINT('',(38.1,9.64662250428793,8.63284260845604));
#5898=CARTESIAN_POINT('Origin',(38.1,7.19512828498304,8.14276496897967));
#5899=CARTESIAN_POINT('',(38.1,9.62336733047194,8.73745407932486));
#5900=CARTESIAN_POINT('Origin',(38.1,7.16381838979918,8.28954894602597));
#5901=CARTESIAN_POINT('',(38.1,9.60498765033586,8.8287081446035));
#5902=CARTESIAN_POINT('Origin',(38.1,7.13811537110123,8.42307141310141));
#5903=CARTESIAN_POINT('',(38.1,9.59094839543942,8.90640375705943));
#5904=CARTESIAN_POINT('Origin',(38.1,7.11748442503198,8.54311876274197));
#5905=CARTESIAN_POINT('',(38.1,9.58070641688929,8.97036274319166));
#5906=CARTESIAN_POINT('Origin',(38.1,7.10138263350001,8.64949894479694));
#5907=CARTESIAN_POINT('',(38.1,9.57371135075631,9.02043116748703));
#5908=CARTESIAN_POINT('Origin',(38.1,7.08925983273282,8.74204177366827));
#5909=CARTESIAN_POINT('',(38.1,9.56940649452703,9.05648180927293));
#5910=CARTESIAN_POINT('Origin',(38.1,7.08055949342148,8.82059920057118));
#5911=CARTESIAN_POINT('',(38.1,9.56740629357227,9.07671049001344));
#5912=CARTESIAN_POINT('Origin',(38.1,7.06858347057703,9.));
#5913=CARTESIAN_POINT('',(38.1,4.56976064758179,9.07671049001344));
#5914=CARTESIAN_POINT('Origin',(38.1,7.05660744773258,8.82059920057118));
#5915=CARTESIAN_POINT('',(38.1,4.56776044662704,9.05648180927296));
#5916=CARTESIAN_POINT('Origin',(38.1,7.04790710842125,8.74204177366827));
#5917=CARTESIAN_POINT('',(38.1,4.56345559039775,9.020431167487));
#5918=CARTESIAN_POINT('Origin',(38.1,7.03578430765406,8.64949894479694));
#5919=CARTESIAN_POINT('',(38.1,4.55646052426478,8.97036274319167));
#5920=CARTESIAN_POINT('Origin',(38.1,7.01968251612209,8.54311876274197));
#5921=CARTESIAN_POINT('',(38.1,4.54621854571465,8.90640375705942));
#5922=CARTESIAN_POINT('Origin',(38.1,6.99905157005284,8.42307141310141));
#5923=CARTESIAN_POINT('',(38.1,4.53217929081821,8.82870814460353));
#5924=CARTESIAN_POINT('Origin',(38.1,6.97334855135489,8.28954894602597));
#5925=CARTESIAN_POINT('',(38.1,4.51379961068212,8.73745407932483));
#5926=CARTESIAN_POINT('Origin',(38.1,6.94203865617103,8.14276496897967));
#5927=CARTESIAN_POINT('',(38.1,4.49054443686614,8.63284260845604));
#5928=CARTESIAN_POINT('Origin',(38.1,6.90459605045038,7.98295430501356));
#5929=CARTESIAN_POINT('',(38.1,4.46188763386712,8.51509675920541));
#5930=CARTESIAN_POINT('Origin',(38.1,6.86050471117066,7.81037261709885));
#5931=CARTESIAN_POINT('',(38.1,4.42731283711738,8.38446085425501));
#5932=CARTESIAN_POINT('Origin',(38.1,6.80925925186498,7.62529599912074));
#5933=CARTESIAN_POINT('',(38.1,4.38631427507885,8.24119991976652));
#5934=CARTESIAN_POINT('Origin',(38.1,6.75036573113235,7.42802053418711));
#5935=CARTESIAN_POINT('',(38.1,4.33839757408099,8.08559912977114));
#5936=CARTESIAN_POINT('Origin',(38.1,6.68334244283856,7.21886182095863));
#5937=CARTESIAN_POINT('',(38.1,4.28308054459554,7.9179632584073));
#5938=CARTESIAN_POINT('Origin',(38.1,6.60772068674325,6.99815446875835));
#5939=CARTESIAN_POINT('',(38.1,4.219893947678,7.73861612489256));
#5940=CARTESIAN_POINT('Origin',(38.1,6.52304551832029,6.76625156226805));
#5941=CARTESIAN_POINT('',(38.1,4.14838224034147,7.54790002303471));
#5942=CARTESIAN_POINT('Origin',(38.1,6.428876476572,6.52352409666815));
#5943=CARTESIAN_POINT('',(38.1,4.06810429866326,7.34617513083272));
#5944=CARTESIAN_POINT('Origin',(38.1,6.32478828867274,6.27036038412449));
#5945=CARTESIAN_POINT('',(38.1,3.97863411746163,7.13381889784051));
#5946=CARTESIAN_POINT('Origin',(38.1,6.21037155031477,6.00716543257177));
#5947=CARTESIAN_POINT('',(38.1,3.87956148541758,6.91122540921822));
#5948=CARTESIAN_POINT('Origin',(38.1,6.08523338066776,5.73436029778722));
#5949=CARTESIAN_POINT('Origin',(38.1,14.7768739351591,6.52352409666815));
#5950=CARTESIAN_POINT('',(38.1,17.0573681713896,7.54790002303469));
#5951=CARTESIAN_POINT('',(38.1,17.2706374074121,6.7));
#5952=CARTESIAN_POINT('Origin',(38.1,14.,6.7));
#5953=CARTESIAN_POINT('',(38.1,17.9164211446586,6.7));
#5954=CARTESIAN_POINT('Origin',(38.1,14.6827048934108,6.76625156226806));
#5955=CARTESIAN_POINT('',(38.1,16.9858564640531,7.73861612489256));
#5956=CARTESIAN_POINT('Origin',(38.1,14.5980297249879,6.99815446875835));
#5957=CARTESIAN_POINT('',(38.1,16.9226698671356,7.9179632584073));
#5958=CARTESIAN_POINT('Origin',(38.1,14.5224079688925,7.21886182095863));
#5959=CARTESIAN_POINT('',(38.1,16.8673528376501,8.08559912977115));
#5960=CARTESIAN_POINT('Origin',(38.1,14.4553846805988,7.4280205341871));
#5961=CARTESIAN_POINT('',(38.1,16.8194361366523,8.24119991976649));
#5962=CARTESIAN_POINT('Origin',(38.1,14.3964911598661,7.62529599912074));
#5963=CARTESIAN_POINT('',(38.1,16.7784375746137,8.38446085425503));
#5964=CARTESIAN_POINT('Origin',(38.1,14.3452457005604,7.81037261709885));
#5965=CARTESIAN_POINT('',(38.1,16.743862777864,8.51509675920543));
#5966=CARTESIAN_POINT('Origin',(38.1,14.3011543612807,7.98295430501356));
#5967=CARTESIAN_POINT('',(38.1,16.715205974865,8.63284260845607));
#5968=CARTESIAN_POINT('Origin',(38.1,14.2637117555601,8.14276496897967));
#5969=CARTESIAN_POINT('',(38.1,16.691950801049,8.73745407932486));
#5970=CARTESIAN_POINT('Origin',(38.1,14.2324018603762,8.28954894602597));
#5971=CARTESIAN_POINT('',(38.1,16.6735711209129,8.8287081446035));
#5972=CARTESIAN_POINT('Origin',(38.1,14.2066988416783,8.42307141310141));
#5973=CARTESIAN_POINT('',(38.1,16.6595318660165,8.90640375705934));
#5974=CARTESIAN_POINT('Origin',(38.1,14.186067895609,8.54311876274197));
#5975=CARTESIAN_POINT('',(38.1,16.6492898874663,8.97036274319171));
#5976=CARTESIAN_POINT('Origin',(38.1,14.169966104077,8.64949894479694));
#5977=CARTESIAN_POINT('',(38.1,16.6422948213333,9.02043116748706));
#5978=CARTESIAN_POINT('Origin',(38.1,14.1578433033099,8.74204177366827));
#5979=CARTESIAN_POINT('',(38.1,16.6379899651041,9.05648180927293));
#5980=CARTESIAN_POINT('Origin',(38.1,14.1491429639985,8.82059920057118));
#5981=CARTESIAN_POINT('',(38.1,16.6359897641493,9.07671049001342));
#5982=CARTESIAN_POINT('Origin',(38.1,14.1371669411541,9.));
#5983=CARTESIAN_POINT('',(38.1,11.6383441181588,9.07671049001342));
#5984=CARTESIAN_POINT('Origin',(38.1,14.1251909183096,8.82059920057118));
#5985=CARTESIAN_POINT('',(38.1,11.6363439172041,9.05648180927293));
#5986=CARTESIAN_POINT('Origin',(38.1,14.1164905789983,8.74204177366827));
#5987=CARTESIAN_POINT('',(38.1,11.6320390609748,9.02043116748706));
#5988=CARTESIAN_POINT('Origin',(38.1,14.1043677782311,8.64949894479694));
#5989=CARTESIAN_POINT('',(38.1,11.6250439948418,8.97036274319172));
#5990=CARTESIAN_POINT('Origin',(38.1,14.0882659866991,8.54311876274197));
#5991=CARTESIAN_POINT('',(38.1,11.6148020162917,8.90640375705934));
#5992=CARTESIAN_POINT('Origin',(38.1,14.0676350406299,8.42307141310141));
#5993=CARTESIAN_POINT('',(38.1,11.6007627613952,8.82870814460354));
#5994=CARTESIAN_POINT('Origin',(38.1,14.0419320219319,8.28954894602597));
#5995=CARTESIAN_POINT('',(38.1,11.5823830812592,8.73745407932482));
#5996=CARTESIAN_POINT('Origin',(38.1,14.0106221267481,8.14276496897967));
#5997=CARTESIAN_POINT('',(38.1,11.5591279074432,8.63284260845607));
#5998=CARTESIAN_POINT('Origin',(38.1,13.9731795210274,7.98295430501356));
#5999=CARTESIAN_POINT('',(38.1,11.5304711044442,8.5150967592054));
#6000=CARTESIAN_POINT('Origin',(38.1,13.9290881817477,7.81037261709885));
#6001=CARTESIAN_POINT('',(38.1,11.4958963076944,8.38446085425505));
#6002=CARTESIAN_POINT('Origin',(38.1,13.877842722442,7.62529599912074));
#6003=CARTESIAN_POINT('',(38.1,11.4548977456559,8.2411999197665));
#6004=CARTESIAN_POINT('Origin',(38.1,13.8189492017094,7.42802053418711));
#6005=CARTESIAN_POINT('',(38.1,11.406981044658,8.08559912977115));
#6006=CARTESIAN_POINT('Origin',(38.1,13.7519259134156,7.21886182095863));
#6007=CARTESIAN_POINT('',(38.1,11.3516640151726,7.91796325840728));
#6008=CARTESIAN_POINT('Origin',(38.1,13.6763041573203,6.99815446875835));
#6009=CARTESIAN_POINT('',(38.1,11.288477418255,7.73861612489258));
#6010=CARTESIAN_POINT('Origin',(38.1,13.5916289888973,6.76625156226805));
#6011=CARTESIAN_POINT('',(38.1,11.2169657109185,7.54790002303468));
#6012=CARTESIAN_POINT('Origin',(38.1,13.497459947149,6.52352409666815));
#6013=CARTESIAN_POINT('',(38.1,11.1366877692403,7.34617513083273));
#6014=CARTESIAN_POINT('Origin',(38.1,13.3933717592498,6.27036038412449));
#6015=CARTESIAN_POINT('',(38.1,11.0472175880387,7.13381889784051));
#6016=CARTESIAN_POINT('Origin',(38.1,13.2789550208918,6.00716543257177));
#6017=CARTESIAN_POINT('',(38.1,10.9481449559946,6.91122540921822));
#6018=CARTESIAN_POINT('Origin',(38.1,13.1538168512448,5.73436029778722));
#6019=CARTESIAN_POINT('Origin',(38.1,21.2056544194108,8.9928009599488));
#6020=CARTESIAN_POINT('',(38.1,18.7071342524246,9.07880662931408));
#6021=CARTESIAN_POINT('',(38.1,23.7040854759787,8.90424444930647));
#6022=CARTESIAN_POINT('Origin',(38.1,21.2049826574537,8.97121535672357));
#6023=CARTESIAN_POINT('',(38.1,23.7007986746613,8.82663870490993));
#6024=CARTESIAN_POINT('Origin',(38.1,21.1996142712593,8.88504555038064));
#6025=CARTESIAN_POINT('',(38.1,18.7071041907569,9.07841953672298));
#6026=CARTESIAN_POINT('Origin',(38.1,21.2031602773314,8.9352777226848));
#6027=CARTESIAN_POINT('',(38.1,23.6950548820153,8.73412783044663));
#6028=CARTESIAN_POINT('Origin',(38.1,21.1996142712593,8.88504555038064));
#6029=CARTESIAN_POINT('',(38.1,23.6862844693891,8.62722521422884));
#6030=CARTESIAN_POINT('Origin',(38.1,21.1937743888867,8.82059920057118));
#6031=CARTESIAN_POINT('',(38.1,18.7049273877811,9.05648180927293));
#6032=CARTESIAN_POINT('Origin',(38.1,21.1937743888867,8.82059920057118));
#6033=CARTESIAN_POINT('',(38.1,23.6739210506809,8.50615916496651));
#6034=CARTESIAN_POINT('Origin',(38.1,21.1850740495753,8.74204177366827));
#6035=CARTESIAN_POINT('',(38.1,18.7006225315518,9.02043116748706));
#6036=CARTESIAN_POINT('Origin',(38.1,21.1850740495753,8.74204177366827));
#6037=CARTESIAN_POINT('',(38.1,23.6574027668316,8.37110955097814));
#6038=CARTESIAN_POINT('Origin',(38.1,21.1729512488081,8.64949894479694));
#6039=CARTESIAN_POINT('',(38.1,18.6936274654189,8.97036274319172));
#6040=CARTESIAN_POINT('Origin',(38.1,21.1729512488081,8.64949894479694));
#6041=CARTESIAN_POINT('',(38.1,23.6361732406654,8.22225496434719));
#6042=CARTESIAN_POINT('Origin',(38.1,21.1568494572762,8.54311876274197));
#6043=CARTESIAN_POINT('',(38.1,18.6833854868687,8.90640375705934));
#6044=CARTESIAN_POINT('Origin',(38.1,21.1568494572762,8.54311876274197));
#6045=CARTESIAN_POINT('',(38.1,23.6096824816144,8.05978641878404));
#6046=CARTESIAN_POINT('Origin',(38.1,21.1362185112069,8.42307141310141));
#6047=CARTESIAN_POINT('',(38.1,18.6693462319723,8.8287081446035));
#6048=CARTESIAN_POINT('Origin',(38.1,21.1362185112069,8.42307141310141));
#6049=CARTESIAN_POINT('',(38.1,23.5773877717436,7.88391221452388));
#6050=CARTESIAN_POINT('Origin',(38.1,21.110515492509,8.28954894602597));
#6051=CARTESIAN_POINT('',(38.1,18.6509665518362,8.73745407932485));
#6052=CARTESIAN_POINT('Origin',(38.1,21.110515492509,8.28954894602597));
#6053=CARTESIAN_POINT('',(38.1,23.5387545379979,7.69485983568078));
#6054=CARTESIAN_POINT('Origin',(38.1,21.0792055973251,8.14276496897967));
#6055=CARTESIAN_POINT('',(38.1,18.6277113780202,8.6328426084561));
#6056=CARTESIAN_POINT('Origin',(38.1,21.0792055973251,8.14276496897967));
#6057=CARTESIAN_POINT('',(38.1,23.4932572109093,7.49287666553712));
#6058=CARTESIAN_POINT('Origin',(38.1,21.0417629916044,7.98295430501356));
#6059=CARTESIAN_POINT('',(38.1,18.5990545750212,8.51509675920537));
#6060=CARTESIAN_POINT('Origin',(38.1,21.0417629916044,7.98295430501356));
#6061=CARTESIAN_POINT('',(38.1,23.440380068908,7.27823016290704));
#6062=CARTESIAN_POINT('Origin',(38.1,20.9976716523247,7.81037261709885));
#6063=CARTESIAN_POINT('',(38.1,18.5644797782715,8.38446085425505));
#6064=CARTESIAN_POINT('Origin',(38.1,20.9976716523247,7.81037261709885));
#6065=CARTESIAN_POINT('',(38.1,23.3796180670723,7.05120776196454));
#6066=CARTESIAN_POINT('Origin',(38.1,20.9464261930191,7.62529599912074));
#6067=CARTESIAN_POINT('',(38.1,18.5234812162329,8.24119991976647));
#6068=CARTESIAN_POINT('Origin',(38.1,20.9464261930191,7.62529599912074));
#6069=CARTESIAN_POINT('',(38.1,23.3104776490726,6.81211661354138));
#6070=CARTESIAN_POINT('Origin',(38.1,20.8875326722864,7.4280205341871));
#6071=CARTESIAN_POINT('',(38.1,18.4755645152351,8.08559912977115));
#6072=CARTESIAN_POINT('Origin',(38.1,20.8875326722864,7.4280205341871));
#6073=CARTESIAN_POINT('',(38.1,23.2791819153407,6.7));
#6074=CARTESIAN_POINT('Origin',(38.1,14.,6.7));
#6075=CARTESIAN_POINT('',(42.1,37.,6.7));
#6076=CARTESIAN_POINT('',(43.3,37.,6.7));
#6077=CARTESIAN_POINT('',(42.1,31.,6.7));
#6078=CARTESIAN_POINT('',(42.1,24.,6.7));
#6079=CARTESIAN_POINT('',(43.3,31.,6.7));
#6080=CARTESIAN_POINT('Origin',(38.1,20.8205093839926,7.21886182095863));
#6081=CARTESIAN_POINT('',(38.1,18.4202474857496,7.91796325840732));
#6082=CARTESIAN_POINT('Origin',(38.1,20.7448876278973,6.99815446875835));
#6083=CARTESIAN_POINT('',(38.1,18.3570608888321,7.73861612489254));
#6084=CARTESIAN_POINT('Origin',(38.1,20.6602124594744,6.76625156226805));
#6085=CARTESIAN_POINT('',(38.1,18.2855491814956,7.54790002303474));
#6086=CARTESIAN_POINT('Origin',(38.1,20.5660434177261,6.52352409666815));
#6087=CARTESIAN_POINT('',(38.1,18.2052712398173,7.34617513083268));
#6088=CARTESIAN_POINT('Origin',(38.1,20.4619552298268,6.27036038412449));
#6089=CARTESIAN_POINT('',(38.1,18.1158010586157,7.13381889784053));
#6090=CARTESIAN_POINT('Origin',(38.1,20.3475384914688,6.00716543257177));
#6091=CARTESIAN_POINT('',(38.1,18.0167284265717,6.91122540921823));
#6092=CARTESIAN_POINT('Origin',(38.1,20.2224003218218,5.73436029778722));
#6093=CARTESIAN_POINT('Origin',(64.,20.45,3.65));
#6094=CARTESIAN_POINT('',(58.,20.,3.65));
#6095=CARTESIAN_POINT('',(70.,20.,3.65));
#6096=CARTESIAN_POINT('',(55.75,20.,3.65));
#6097=CARTESIAN_POINT('',(58.,21.,3.65));
#6098=CARTESIAN_POINT('',(58.,20.45,3.65));
#6099=CARTESIAN_POINT('',(70.,21.,3.65));
#6100=CARTESIAN_POINT('',(64.,21.,3.65));
#6101=CARTESIAN_POINT('',(70.,20.45,3.65));
#6102=CARTESIAN_POINT('Origin',(70.,20.45,-2.85));
#6103=CARTESIAN_POINT('',(70.,20.,-9.35));
#6104=CARTESIAN_POINT('',(70.,20.,-3.425));
#6105=CARTESIAN_POINT('',(70.,21.,-9.35));
#6106=CARTESIAN_POINT('',(70.,21.,-2.85));
#6107=CARTESIAN_POINT('',(70.,20.45,-9.35));
#6108=CARTESIAN_POINT('Origin',(64.,20.45,-9.35));
#6109=CARTESIAN_POINT('',(58.,20.,-9.35));
#6110=CARTESIAN_POINT('',(55.75,20.,-9.35));
#6111=CARTESIAN_POINT('',(58.,21.,-9.35));
#6112=CARTESIAN_POINT('',(64.,21.,-9.35));
#6113=CARTESIAN_POINT('',(58.,20.45,-9.35));
#6114=CARTESIAN_POINT('Origin',(58.,20.45,-2.85));
#6115=CARTESIAN_POINT('',(58.,20.,-3.425));
#6116=CARTESIAN_POINT('',(58.,21.,-2.85));
#6117=CARTESIAN_POINT('Origin',(64.,21.,-2.85));
#6118=CARTESIAN_POINT('Origin',(55.,22.5,-3.));
#6119=CARTESIAN_POINT('',(55.,20.,3.65));
#6120=CARTESIAN_POINT('',(55.,25.,3.65));
#6121=CARTESIAN_POINT('',(55.,24.,3.65));
#6122=CARTESIAN_POINT('',(55.,20.,5.));
#6123=CARTESIAN_POINT('',(55.,20.,-3.));
#6124=CARTESIAN_POINT('',(55.,25.,5.));
#6125=CARTESIAN_POINT('',(55.,22.5,5.));
#6126=CARTESIAN_POINT('',(55.,25.,-3.));
#6127=CARTESIAN_POINT('Origin',(63.,22.5,5.));
#6128=CARTESIAN_POINT('',(71.,20.,5.));
#6129=CARTESIAN_POINT('',(71.,25.,5.));
#6130=CARTESIAN_POINT('',(71.,22.5,5.));
#6131=CARTESIAN_POINT('',(63.,25.,5.));
#6132=CARTESIAN_POINT('',(63.,20.,5.));
#6133=CARTESIAN_POINT('Origin',(63.,22.5,-11.));
#6134=CARTESIAN_POINT('',(71.,25.,-11.));
#6135=CARTESIAN_POINT('',(71.,20.,-11.));
#6136=CARTESIAN_POINT('',(71.,22.5,-11.));
#6137=CARTESIAN_POINT('',(55.,20.,-11.));
#6138=CARTESIAN_POINT('',(63.,20.,-11.));
#6139=CARTESIAN_POINT('',(55.,25.,-11.));
#6140=CARTESIAN_POINT('',(55.,22.5,-11.));
#6141=CARTESIAN_POINT('',(63.,25.,-11.));
#6142=CARTESIAN_POINT('Origin',(55.,22.5,-3.));
#6143=CARTESIAN_POINT('',(55.,25.,-3.65));
#6144=CARTESIAN_POINT('',(55.,20.,-3.65));
#6145=CARTESIAN_POINT('',(55.,24.,-3.65));
#6146=CARTESIAN_POINT('',(55.,25.,-3.));
#6147=CARTESIAN_POINT('',(55.,20.,-3.));
#6148=CARTESIAN_POINT('Origin',(63.,25.,-3.));
#6149=CARTESIAN_POINT('',(71.,25.,-3.));
#6150=CARTESIAN_POINT('',(55.,25.,-1.5));
#6151=CARTESIAN_POINT('Origin',(71.,22.5,-3.));
#6152=CARTESIAN_POINT('',(71.,20.,-3.));
#6153=CARTESIAN_POINT('Origin',(53.2,28.,0.));
#6154=CARTESIAN_POINT('',(51.5,28.,3.));
#6155=CARTESIAN_POINT('',(51.5,28.,-3.65));
#6156=CARTESIAN_POINT('',(51.5,28.,-2.));
#6157=CARTESIAN_POINT('',(51.4,28.,3.));
#6158=CARTESIAN_POINT('',(50.35,28.,3.));
#6159=CARTESIAN_POINT('',(51.4,28.,3.65));
#6160=CARTESIAN_POINT('',(51.4,28.,0.));
#6161=CARTESIAN_POINT('',(55.,28.,3.65));
#6162=CARTESIAN_POINT('',(53.2,28.,3.65));
#6163=CARTESIAN_POINT('',(55.,28.,-3.65));
#6164=CARTESIAN_POINT('',(55.,28.,0.));
#6165=CARTESIAN_POINT('',(53.2,28.,-3.65));
#6166=CARTESIAN_POINT('Origin',(51.4,24.,0.));
#6167=CARTESIAN_POINT('',(51.4,20.,3.));
#6168=CARTESIAN_POINT('',(51.4,28.5,3.));
#6169=CARTESIAN_POINT('',(51.4,20.,3.65));
#6170=CARTESIAN_POINT('',(51.4,20.,0.));
#6171=CARTESIAN_POINT('',(51.4,24.,3.65));
#6172=CARTESIAN_POINT('Origin',(53.2,24.,3.65));
#6173=CARTESIAN_POINT('',(55.,24.,3.65));
#6174=CARTESIAN_POINT('',(53.2,20.,3.65));
#6175=CARTESIAN_POINT('Origin',(53.2,24.,-3.65));
#6176=CARTESIAN_POINT('',(51.5,20.,-3.65));
#6177=CARTESIAN_POINT('',(51.5,28.5,-3.65));
#6178=CARTESIAN_POINT('',(55.,24.,-3.65));
#6179=CARTESIAN_POINT('',(53.2,20.,-3.65));
#6180=CARTESIAN_POINT('Origin',(55.,24.,0.));
#6181=CARTESIAN_POINT('Origin',(51.5,33.,-4.));
#6182=CARTESIAN_POINT('',(51.5,20.,-11.));
#6183=CARTESIAN_POINT('',(51.5,20.,-4.));
#6184=CARTESIAN_POINT('',(51.5,46.,-11.));
#6185=CARTESIAN_POINT('',(51.5,33.,-11.));
#6186=CARTESIAN_POINT('',(51.5,46.,3.));
#6187=CARTESIAN_POINT('',(51.5,46.,-4.));
#6188=CARTESIAN_POINT('',(51.5,33.,3.));
#6189=CARTESIAN_POINT('Origin',(47.5,20.,-4.));
#6190=CARTESIAN_POINT('',(43.5,20.,3.));
#6191=CARTESIAN_POINT('',(47.5,20.,3.));
#6192=CARTESIAN_POINT('',(43.5,20.,-11.));
#6193=CARTESIAN_POINT('',(43.5,20.,-4.));
#6194=CARTESIAN_POINT('',(47.5,20.,-11.));
#6195=CARTESIAN_POINT('Origin',(43.5,33.,-4.));
#6196=CARTESIAN_POINT('',(43.5,31.,2.8));
#6197=CARTESIAN_POINT('',(43.5,31.,3.));
#6198=CARTESIAN_POINT('',(43.5,31.,3.675));
#6199=CARTESIAN_POINT('',(43.5,37.,2.8));
#6200=CARTESIAN_POINT('',(43.5,33.5,2.8));
#6201=CARTESIAN_POINT('',(43.5,37.,3.));
#6202=CARTESIAN_POINT('',(43.5,37.,3.675));
#6203=CARTESIAN_POINT('',(43.5,46.,3.));
#6204=CARTESIAN_POINT('',(43.5,33.,3.));
#6205=CARTESIAN_POINT('',(43.5,46.,-11.));
#6206=CARTESIAN_POINT('',(43.5,46.,-4.));
#6207=CARTESIAN_POINT('',(43.5,33.,-11.));
#6208=CARTESIAN_POINT('',(43.5,33.,3.));
#6209=CARTESIAN_POINT('Origin',(47.5,33.,3.));
#6210=CARTESIAN_POINT('',(47.5,46.,3.));
#6211=CARTESIAN_POINT('',(46.,37.,3.));
#6212=CARTESIAN_POINT('',(42.8,37.,3.));
#6213=CARTESIAN_POINT('',(46.,31.,3.));
#6214=CARTESIAN_POINT('',(46.,33.5,3.));
#6215=CARTESIAN_POINT('',(45.4,31.,3.));
#6216=CARTESIAN_POINT('Origin',(47.5,33.,-11.));
#6217=CARTESIAN_POINT('',(47.5,46.,-11.));
#6218=CARTESIAN_POINT('Origin',(47.5,46.,-4.));
#6219=CARTESIAN_POINT('Origin',(46.,34.,11.35));
#6220=CARTESIAN_POINT('',(46.,37.,16.));
#6221=CARTESIAN_POINT('',(46.,37.,11.35));
#6222=CARTESIAN_POINT('',(46.,31.,16.));
#6223=CARTESIAN_POINT('',(46.,34.,16.));
#6224=CARTESIAN_POINT('',(46.,31.,11.35));
#6225=CARTESIAN_POINT('Origin',(38.1,37.,11.35));
#6226=CARTESIAN_POINT('',(42.1,37.,2.8));
#6227=CARTESIAN_POINT('',(44.05,37.,2.8));
#6228=CARTESIAN_POINT('',(42.1,37.,9.4));
#6229=CARTESIAN_POINT('',(38.1,37.,16.));
#6230=CARTESIAN_POINT('Origin',(44.05,34.,2.8));
#6231=CARTESIAN_POINT('',(42.1,31.,2.8));
#6232=CARTESIAN_POINT('',(44.05,31.,2.8));
#6233=CARTESIAN_POINT('',(42.1,34.,2.8));
#6234=CARTESIAN_POINT('Origin',(42.1,34.,9.4));
#6235=CARTESIAN_POINT('',(42.1,31.,9.4));
#6236=CARTESIAN_POINT('Origin',(43.3,31.,11.35));
#6237=CARTESIAN_POINT('',(43.3,31.,16.));
#6238=CARTESIAN_POINT('Origin',(38.1,14.,16.));
#6239=UNCERTAINTY_MEASURE_WITH_UNIT(LENGTH_MEASURE(0.01),#6243,
'DISTANCE_ACCURACY_VALUE',
'Maximum model space distance between geometric entities at asserted c
onnectivities');
#6240=UNCERTAINTY_MEASURE_WITH_UNIT(LENGTH_MEASURE(0.01),#6243,
'DISTANCE_ACCURACY_VALUE',
'Maximum model space distance between geometric entities at asserted c
onnectivities');
#6241=(
GEOMETRIC_REPRESENTATION_CONTEXT(3)
GLOBAL_UNCERTAINTY_ASSIGNED_CONTEXT((#6239))
GLOBAL_UNIT_ASSIGNED_CONTEXT((#6243,#6245,#6246))
REPRESENTATION_CONTEXT('','3D')
);
#6242=(
GEOMETRIC_REPRESENTATION_CONTEXT(3)
GLOBAL_UNCERTAINTY_ASSIGNED_CONTEXT((#6240))
GLOBAL_UNIT_ASSIGNED_CONTEXT((#6243,#6245,#6246))
REPRESENTATION_CONTEXT('','3D')
);
#6243=(
LENGTH_UNIT()
NAMED_UNIT(*)
SI_UNIT(.MILLI.,.METRE.)
);
#6244=(
LENGTH_UNIT()
NAMED_UNIT(*)
SI_UNIT($,.METRE.)
);
#6245=(
NAMED_UNIT(*)
PLANE_ANGLE_UNIT()
SI_UNIT($,.RADIAN.)
);
#6246=(
NAMED_UNIT(*)
SI_UNIT($,.STERADIAN.)
SOLID_ANGLE_UNIT()
);
#6247=SHAPE_DEFINITION_REPRESENTATION(#6248,#6249);
#6248=PRODUCT_DEFINITION_SHAPE('',$,#6251);
#6249=SHAPE_REPRESENTATION('',(#3497),#6241);
#6250=PRODUCT_DEFINITION_CONTEXT('part definition',#6255,'design');
#6251=PRODUCT_DEFINITION('rt_grip_jaw_p','rt_grip_jaw_p',#6252,#6250);
#6252=PRODUCT_DEFINITION_FORMATION('',$,#6257);
#6253=PRODUCT_RELATED_PRODUCT_CATEGORY('rt_grip_jaw_p','rt_grip_jaw_p',
(#6257));
#6254=APPLICATION_PROTOCOL_DEFINITION('international standard',
'automotive_design',2009,#6255);
#6255=APPLICATION_CONTEXT(
'Core Data for Automotive Mechanical Design Process');
#6256=PRODUCT_CONTEXT('part definition',#6255,'mechanical');
#6257=PRODUCT('rt_grip_jaw_p','rt_grip_jaw_p',$,(#6256));
#6258=PRESENTATION_STYLE_ASSIGNMENT((#6259));
#6259=SURFACE_STYLE_USAGE(.BOTH.,#6260);
#6260=SURFACE_SIDE_STYLE('',(#6261));
#6261=SURFACE_STYLE_FILL_AREA(#6262);
#6262=FILL_AREA_STYLE('Steel - Satin',(#6263));
#6263=FILL_AREA_STYLE_COLOUR('Steel - Satin',#6264);
#6264=COLOUR_RGB('Steel - Satin',0.627450980392157,0.627450980392157,0.627450980392157);
ENDSEC;
END-ISO-10303-21;
