ISO-10303-21;
HEADER;
/* Generated by software containing ST-Developer
 * from STEP Tools, Inc. (www.steptools.com) 
 */

FILE_DESCRIPTION(
/* description */ (''),
/* implementation_level */ '2;1');

FILE_NAME(
/* name */ 'rt_grip_jaw_n.step',
/* time_stamp */ '2026-07-19T17:08:21-04:00',
/* author */ (''),
/* organization */ (''),
/* preprocessor_version */ 'ST-DEVELOPER v20.1',
/* originating_system */ 'Autodesk Translation Framework v15.8.0.0',
/* authorisation */ '');

FILE_SCHEMA (('AUTOMOTIVE_DESIGN { 1 0 10303 214 3 1 1 }'));
ENDSEC;

DATA;
#10=MECHANICAL_DESIGN_GEOMETRIC_PRESENTATION_REPRESENTATION('',(#13),#6314);
#11=SHAPE_REPRESENTATION_RELATIONSHIP('SRR','None',#6321,#12);
#12=ADVANCED_BREP_SHAPE_REPRESENTATION('',(#14),#6313);
#13=STYLED_ITEM('',(#6330),#14);
#14=MANIFOLD_SOLID_BREP('Body1',#3520);
#15=FACE_BOUND('',#415,.T.);
#16=PLANE('',#3537);
#17=PLANE('',#3538);
#18=PLANE('',#3691);
#19=PLANE('',#3848);
#20=PLANE('',#3850);
#21=PLANE('',#3880);
#22=PLANE('',#3917);
#23=PLANE('',#3978);
#24=PLANE('',#3988);
#25=PLANE('',#3990);
#26=PLANE('',#3991);
#27=PLANE('',#3992);
#28=PLANE('',#3993);
#29=PLANE('',#3994);
#30=PLANE('',#3995);
#31=PLANE('',#3996);
#32=PLANE('',#3997);
#33=PLANE('',#3998);
#34=PLANE('',#3999);
#35=PLANE('',#4000);
#36=PLANE('',#4001);
#37=PLANE('',#4002);
#38=PLANE('',#4003);
#39=PLANE('',#4004);
#40=PLANE('',#4005);
#41=PLANE('',#4006);
#42=PLANE('',#4007);
#43=PLANE('',#4008);
#44=PLANE('',#4009);
#45=PLANE('',#4010);
#46=PLANE('',#4011);
#47=PLANE('',#4012);
#48=PLANE('',#4013);
#49=PLANE('',#4014);
#50=PLANE('',#4015);
#51=FACE_OUTER_BOUND('',#235,.T.);
#52=FACE_OUTER_BOUND('',#236,.T.);
#53=FACE_OUTER_BOUND('',#237,.T.);
#54=FACE_OUTER_BOUND('',#238,.T.);
#55=FACE_OUTER_BOUND('',#239,.T.);
#56=FACE_OUTER_BOUND('',#240,.T.);
#57=FACE_OUTER_BOUND('',#241,.T.);
#58=FACE_OUTER_BOUND('',#242,.T.);
#59=FACE_OUTER_BOUND('',#243,.T.);
#60=FACE_OUTER_BOUND('',#244,.T.);
#61=FACE_OUTER_BOUND('',#245,.T.);
#62=FACE_OUTER_BOUND('',#246,.T.);
#63=FACE_OUTER_BOUND('',#247,.T.);
#64=FACE_OUTER_BOUND('',#248,.T.);
#65=FACE_OUTER_BOUND('',#249,.T.);
#66=FACE_OUTER_BOUND('',#250,.T.);
#67=FACE_OUTER_BOUND('',#251,.T.);
#68=FACE_OUTER_BOUND('',#252,.T.);
#69=FACE_OUTER_BOUND('',#253,.T.);
#70=FACE_OUTER_BOUND('',#254,.T.);
#71=FACE_OUTER_BOUND('',#255,.T.);
#72=FACE_OUTER_BOUND('',#256,.T.);
#73=FACE_OUTER_BOUND('',#257,.T.);
#74=FACE_OUTER_BOUND('',#258,.T.);
#75=FACE_OUTER_BOUND('',#259,.T.);
#76=FACE_OUTER_BOUND('',#260,.T.);
#77=FACE_OUTER_BOUND('',#261,.T.);
#78=FACE_OUTER_BOUND('',#262,.T.);
#79=FACE_OUTER_BOUND('',#263,.T.);
#80=FACE_OUTER_BOUND('',#264,.T.);
#81=FACE_OUTER_BOUND('',#265,.T.);
#82=FACE_OUTER_BOUND('',#266,.T.);
#83=FACE_OUTER_BOUND('',#267,.T.);
#84=FACE_OUTER_BOUND('',#268,.T.);
#85=FACE_OUTER_BOUND('',#269,.T.);
#86=FACE_OUTER_BOUND('',#270,.T.);
#87=FACE_OUTER_BOUND('',#271,.T.);
#88=FACE_OUTER_BOUND('',#272,.T.);
#89=FACE_OUTER_BOUND('',#273,.T.);
#90=FACE_OUTER_BOUND('',#274,.T.);
#91=FACE_OUTER_BOUND('',#275,.T.);
#92=FACE_OUTER_BOUND('',#276,.T.);
#93=FACE_OUTER_BOUND('',#277,.T.);
#94=FACE_OUTER_BOUND('',#278,.T.);
#95=FACE_OUTER_BOUND('',#279,.T.);
#96=FACE_OUTER_BOUND('',#280,.T.);
#97=FACE_OUTER_BOUND('',#281,.T.);
#98=FACE_OUTER_BOUND('',#282,.T.);
#99=FACE_OUTER_BOUND('',#283,.T.);
#100=FACE_OUTER_BOUND('',#284,.T.);
#101=FACE_OUTER_BOUND('',#285,.T.);
#102=FACE_OUTER_BOUND('',#286,.T.);
#103=FACE_OUTER_BOUND('',#287,.T.);
#104=FACE_OUTER_BOUND('',#288,.T.);
#105=FACE_OUTER_BOUND('',#289,.T.);
#106=FACE_OUTER_BOUND('',#290,.T.);
#107=FACE_OUTER_BOUND('',#291,.T.);
#108=FACE_OUTER_BOUND('',#292,.T.);
#109=FACE_OUTER_BOUND('',#293,.T.);
#110=FACE_OUTER_BOUND('',#294,.T.);
#111=FACE_OUTER_BOUND('',#295,.T.);
#112=FACE_OUTER_BOUND('',#296,.T.);
#113=FACE_OUTER_BOUND('',#297,.T.);
#114=FACE_OUTER_BOUND('',#298,.T.);
#115=FACE_OUTER_BOUND('',#299,.T.);
#116=FACE_OUTER_BOUND('',#300,.T.);
#117=FACE_OUTER_BOUND('',#301,.T.);
#118=FACE_OUTER_BOUND('',#302,.T.);
#119=FACE_OUTER_BOUND('',#303,.T.);
#120=FACE_OUTER_BOUND('',#304,.T.);
#121=FACE_OUTER_BOUND('',#305,.T.);
#122=FACE_OUTER_BOUND('',#306,.T.);
#123=FACE_OUTER_BOUND('',#307,.T.);
#124=FACE_OUTER_BOUND('',#308,.T.);
#125=FACE_OUTER_BOUND('',#309,.T.);
#126=FACE_OUTER_BOUND('',#310,.T.);
#127=FACE_OUTER_BOUND('',#311,.T.);
#128=FACE_OUTER_BOUND('',#312,.T.);
#129=FACE_OUTER_BOUND('',#313,.T.);
#130=FACE_OUTER_BOUND('',#314,.T.);
#131=FACE_OUTER_BOUND('',#315,.T.);
#132=FACE_OUTER_BOUND('',#316,.T.);
#133=FACE_OUTER_BOUND('',#317,.T.);
#134=FACE_OUTER_BOUND('',#318,.T.);
#135=FACE_OUTER_BOUND('',#319,.T.);
#136=FACE_OUTER_BOUND('',#320,.T.);
#137=FACE_OUTER_BOUND('',#321,.T.);
#138=FACE_OUTER_BOUND('',#322,.T.);
#139=FACE_OUTER_BOUND('',#323,.T.);
#140=FACE_OUTER_BOUND('',#324,.T.);
#141=FACE_OUTER_BOUND('',#325,.T.);
#142=FACE_OUTER_BOUND('',#326,.T.);
#143=FACE_OUTER_BOUND('',#327,.T.);
#144=FACE_OUTER_BOUND('',#328,.T.);
#145=FACE_OUTER_BOUND('',#329,.T.);
#146=FACE_OUTER_BOUND('',#330,.T.);
#147=FACE_OUTER_BOUND('',#331,.T.);
#148=FACE_OUTER_BOUND('',#332,.T.);
#149=FACE_OUTER_BOUND('',#333,.T.);
#150=FACE_OUTER_BOUND('',#334,.T.);
#151=FACE_OUTER_BOUND('',#335,.T.);
#152=FACE_OUTER_BOUND('',#336,.T.);
#153=FACE_OUTER_BOUND('',#337,.T.);
#154=FACE_OUTER_BOUND('',#338,.T.);
#155=FACE_OUTER_BOUND('',#339,.T.);
#156=FACE_OUTER_BOUND('',#340,.T.);
#157=FACE_OUTER_BOUND('',#341,.T.);
#158=FACE_OUTER_BOUND('',#342,.T.);
#159=FACE_OUTER_BOUND('',#343,.T.);
#160=FACE_OUTER_BOUND('',#344,.T.);
#161=FACE_OUTER_BOUND('',#345,.T.);
#162=FACE_OUTER_BOUND('',#346,.T.);
#163=FACE_OUTER_BOUND('',#347,.T.);
#164=FACE_OUTER_BOUND('',#348,.T.);
#165=FACE_OUTER_BOUND('',#349,.T.);
#166=FACE_OUTER_BOUND('',#350,.T.);
#167=FACE_OUTER_BOUND('',#351,.T.);
#168=FACE_OUTER_BOUND('',#352,.T.);
#169=FACE_OUTER_BOUND('',#353,.T.);
#170=FACE_OUTER_BOUND('',#354,.T.);
#171=FACE_OUTER_BOUND('',#355,.T.);
#172=FACE_OUTER_BOUND('',#356,.T.);
#173=FACE_OUTER_BOUND('',#357,.T.);
#174=FACE_OUTER_BOUND('',#358,.T.);
#175=FACE_OUTER_BOUND('',#359,.T.);
#176=FACE_OUTER_BOUND('',#360,.T.);
#177=FACE_OUTER_BOUND('',#361,.T.);
#178=FACE_OUTER_BOUND('',#362,.T.);
#179=FACE_OUTER_BOUND('',#363,.T.);
#180=FACE_OUTER_BOUND('',#364,.T.);
#181=FACE_OUTER_BOUND('',#365,.T.);
#182=FACE_OUTER_BOUND('',#366,.T.);
#183=FACE_OUTER_BOUND('',#367,.T.);
#184=FACE_OUTER_BOUND('',#368,.T.);
#185=FACE_OUTER_BOUND('',#369,.T.);
#186=FACE_OUTER_BOUND('',#370,.T.);
#187=FACE_OUTER_BOUND('',#371,.T.);
#188=FACE_OUTER_BOUND('',#372,.T.);
#189=FACE_OUTER_BOUND('',#373,.T.);
#190=FACE_OUTER_BOUND('',#374,.T.);
#191=FACE_OUTER_BOUND('',#375,.T.);
#192=FACE_OUTER_BOUND('',#376,.T.);
#193=FACE_OUTER_BOUND('',#377,.T.);
#194=FACE_OUTER_BOUND('',#378,.T.);
#195=FACE_OUTER_BOUND('',#379,.T.);
#196=FACE_OUTER_BOUND('',#380,.T.);
#197=FACE_OUTER_BOUND('',#381,.T.);
#198=FACE_OUTER_BOUND('',#382,.T.);
#199=FACE_OUTER_BOUND('',#383,.T.);
#200=FACE_OUTER_BOUND('',#384,.T.);
#201=FACE_OUTER_BOUND('',#385,.T.);
#202=FACE_OUTER_BOUND('',#386,.T.);
#203=FACE_OUTER_BOUND('',#387,.T.);
#204=FACE_OUTER_BOUND('',#388,.T.);
#205=FACE_OUTER_BOUND('',#389,.T.);
#206=FACE_OUTER_BOUND('',#390,.T.);
#207=FACE_OUTER_BOUND('',#391,.T.);
#208=FACE_OUTER_BOUND('',#392,.T.);
#209=FACE_OUTER_BOUND('',#393,.T.);
#210=FACE_OUTER_BOUND('',#394,.T.);
#211=FACE_OUTER_BOUND('',#395,.T.);
#212=FACE_OUTER_BOUND('',#396,.T.);
#213=FACE_OUTER_BOUND('',#397,.T.);
#214=FACE_OUTER_BOUND('',#398,.T.);
#215=FACE_OUTER_BOUND('',#399,.T.);
#216=FACE_OUTER_BOUND('',#400,.T.);
#217=FACE_OUTER_BOUND('',#401,.T.);
#218=FACE_OUTER_BOUND('',#402,.T.);
#219=FACE_OUTER_BOUND('',#403,.T.);
#220=FACE_OUTER_BOUND('',#404,.T.);
#221=FACE_OUTER_BOUND('',#405,.T.);
#222=FACE_OUTER_BOUND('',#406,.T.);
#223=FACE_OUTER_BOUND('',#407,.T.);
#224=FACE_OUTER_BOUND('',#408,.T.);
#225=FACE_OUTER_BOUND('',#409,.T.);
#226=FACE_OUTER_BOUND('',#410,.T.);
#227=FACE_OUTER_BOUND('',#411,.T.);
#228=FACE_OUTER_BOUND('',#412,.T.);
#229=FACE_OUTER_BOUND('',#413,.T.);
#230=FACE_OUTER_BOUND('',#414,.T.);
#231=FACE_OUTER_BOUND('',#416,.T.);
#232=FACE_OUTER_BOUND('',#417,.T.);
#233=FACE_OUTER_BOUND('',#418,.T.);
#234=FACE_OUTER_BOUND('',#419,.T.);
#235=EDGE_LOOP('',(#2105,#2106,#2107,#2108));
#236=EDGE_LOOP('',(#2109,#2110,#2111,#2112));
#237=EDGE_LOOP('',(#2113,#2114,#2115,#2116,#2117,#2118,#2119,#2120,#2121,
#2122,#2123,#2124,#2125,#2126,#2127,#2128,#2129,#2130,#2131,#2132,#2133,
#2134,#2135,#2136,#2137,#2138,#2139,#2140,#2141,#2142,#2143,#2144,#2145,
#2146,#2147,#2148,#2149,#2150,#2151,#2152,#2153,#2154,#2155,#2156,#2157,
#2158,#2159,#2160,#2161,#2162,#2163,#2164,#2165,#2166,#2167,#2168,#2169,
#2170,#2171,#2172,#2173,#2174,#2175,#2176,#2177,#2178,#2179,#2180,#2181,
#2182,#2183,#2184,#2185,#2186,#2187,#2188,#2189,#2190,#2191,#2192,#2193,
#2194,#2195,#2196,#2197,#2198,#2199,#2200,#2201,#2202,#2203,#2204,#2205,
#2206,#2207,#2208,#2209,#2210,#2211,#2212,#2213,#2214,#2215,#2216,#2217,
#2218,#2219,#2220,#2221,#2222,#2223,#2224,#2225,#2226,#2227,#2228,#2229,
#2230,#2231,#2232,#2233,#2234,#2235,#2236,#2237,#2238,#2239,#2240,#2241,
#2242,#2243,#2244,#2245,#2246,#2247,#2248,#2249,#2250,#2251,#2252,#2253,
#2254,#2255,#2256,#2257,#2258,#2259,#2260,#2261,#2262,#2263,#2264,#2265,
#2266,#2267,#2268,#2269,#2270));
#238=EDGE_LOOP('',(#2271,#2272,#2273,#2274));
#239=EDGE_LOOP('',(#2275,#2276,#2277,#2278));
#240=EDGE_LOOP('',(#2279,#2280,#2281,#2282,#2283,#2284,#2285,#2286,#2287,
#2288,#2289,#2290,#2291,#2292,#2293,#2294,#2295,#2296,#2297,#2298,#2299,
#2300,#2301,#2302,#2303,#2304,#2305,#2306,#2307,#2308,#2309,#2310,#2311,
#2312,#2313,#2314,#2315,#2316,#2317,#2318,#2319,#2320,#2321,#2322,#2323,
#2324,#2325,#2326,#2327,#2328,#2329,#2330,#2331,#2332,#2333,#2334,#2335,
#2336,#2337,#2338,#2339,#2340,#2341,#2342,#2343,#2344,#2345,#2346,#2347,
#2348,#2349,#2350,#2351,#2352,#2353,#2354,#2355,#2356,#2357,#2358,#2359,
#2360,#2361,#2362,#2363,#2364,#2365,#2366,#2367,#2368,#2369,#2370,#2371,
#2372,#2373,#2374,#2375,#2376,#2377,#2378,#2379,#2380,#2381,#2382,#2383,
#2384,#2385,#2386,#2387,#2388,#2389,#2390,#2391,#2392,#2393,#2394,#2395,
#2396,#2397,#2398,#2399,#2400,#2401,#2402,#2403,#2404,#2405,#2406,#2407,
#2408,#2409,#2410,#2411,#2412,#2413,#2414,#2415,#2416,#2417,#2418,#2419,
#2420,#2421,#2422,#2423,#2424,#2425,#2426,#2427,#2428,#2429,#2430,#2431,
#2432,#2433,#2434,#2435,#2436));
#241=EDGE_LOOP('',(#2437,#2438,#2439,#2440));
#242=EDGE_LOOP('',(#2441,#2442,#2443,#2444));
#243=EDGE_LOOP('',(#2445,#2446,#2447,#2448));
#244=EDGE_LOOP('',(#2449,#2450,#2451,#2452));
#245=EDGE_LOOP('',(#2453,#2454,#2455,#2456));
#246=EDGE_LOOP('',(#2457,#2458,#2459,#2460));
#247=EDGE_LOOP('',(#2461,#2462,#2463,#2464));
#248=EDGE_LOOP('',(#2465,#2466,#2467,#2468));
#249=EDGE_LOOP('',(#2469,#2470,#2471,#2472));
#250=EDGE_LOOP('',(#2473,#2474,#2475,#2476));
#251=EDGE_LOOP('',(#2477,#2478,#2479,#2480));
#252=EDGE_LOOP('',(#2481,#2482,#2483,#2484));
#253=EDGE_LOOP('',(#2485,#2486,#2487,#2488));
#254=EDGE_LOOP('',(#2489,#2490,#2491,#2492));
#255=EDGE_LOOP('',(#2493,#2494,#2495,#2496));
#256=EDGE_LOOP('',(#2497,#2498,#2499,#2500));
#257=EDGE_LOOP('',(#2501,#2502,#2503,#2504));
#258=EDGE_LOOP('',(#2505,#2506,#2507,#2508));
#259=EDGE_LOOP('',(#2509,#2510,#2511,#2512));
#260=EDGE_LOOP('',(#2513,#2514,#2515,#2516));
#261=EDGE_LOOP('',(#2517,#2518,#2519,#2520));
#262=EDGE_LOOP('',(#2521,#2522,#2523,#2524));
#263=EDGE_LOOP('',(#2525,#2526,#2527,#2528));
#264=EDGE_LOOP('',(#2529,#2530,#2531,#2532));
#265=EDGE_LOOP('',(#2533,#2534,#2535,#2536));
#266=EDGE_LOOP('',(#2537,#2538,#2539,#2540));
#267=EDGE_LOOP('',(#2541,#2542,#2543,#2544));
#268=EDGE_LOOP('',(#2545,#2546,#2547,#2548));
#269=EDGE_LOOP('',(#2549,#2550,#2551,#2552));
#270=EDGE_LOOP('',(#2553,#2554,#2555,#2556));
#271=EDGE_LOOP('',(#2557,#2558,#2559,#2560));
#272=EDGE_LOOP('',(#2561,#2562,#2563,#2564));
#273=EDGE_LOOP('',(#2565,#2566,#2567,#2568));
#274=EDGE_LOOP('',(#2569,#2570,#2571,#2572));
#275=EDGE_LOOP('',(#2573,#2574,#2575,#2576));
#276=EDGE_LOOP('',(#2577,#2578,#2579,#2580));
#277=EDGE_LOOP('',(#2581,#2582,#2583,#2584));
#278=EDGE_LOOP('',(#2585,#2586,#2587,#2588));
#279=EDGE_LOOP('',(#2589,#2590,#2591,#2592));
#280=EDGE_LOOP('',(#2593,#2594,#2595,#2596));
#281=EDGE_LOOP('',(#2597,#2598,#2599,#2600));
#282=EDGE_LOOP('',(#2601,#2602,#2603,#2604));
#283=EDGE_LOOP('',(#2605,#2606,#2607,#2608));
#284=EDGE_LOOP('',(#2609,#2610,#2611,#2612));
#285=EDGE_LOOP('',(#2613,#2614,#2615,#2616));
#286=EDGE_LOOP('',(#2617,#2618,#2619,#2620));
#287=EDGE_LOOP('',(#2621,#2622,#2623,#2624));
#288=EDGE_LOOP('',(#2625,#2626,#2627,#2628));
#289=EDGE_LOOP('',(#2629,#2630,#2631,#2632));
#290=EDGE_LOOP('',(#2633,#2634,#2635,#2636));
#291=EDGE_LOOP('',(#2637,#2638,#2639,#2640));
#292=EDGE_LOOP('',(#2641,#2642,#2643,#2644));
#293=EDGE_LOOP('',(#2645,#2646,#2647,#2648));
#294=EDGE_LOOP('',(#2649,#2650,#2651,#2652));
#295=EDGE_LOOP('',(#2653,#2654,#2655,#2656));
#296=EDGE_LOOP('',(#2657,#2658,#2659,#2660));
#297=EDGE_LOOP('',(#2661,#2662,#2663,#2664));
#298=EDGE_LOOP('',(#2665,#2666,#2667,#2668));
#299=EDGE_LOOP('',(#2669,#2670,#2671,#2672));
#300=EDGE_LOOP('',(#2673,#2674,#2675,#2676));
#301=EDGE_LOOP('',(#2677,#2678,#2679,#2680));
#302=EDGE_LOOP('',(#2681,#2682,#2683,#2684));
#303=EDGE_LOOP('',(#2685,#2686,#2687,#2688));
#304=EDGE_LOOP('',(#2689,#2690,#2691,#2692));
#305=EDGE_LOOP('',(#2693,#2694,#2695,#2696));
#306=EDGE_LOOP('',(#2697,#2698,#2699,#2700));
#307=EDGE_LOOP('',(#2701,#2702,#2703,#2704));
#308=EDGE_LOOP('',(#2705,#2706,#2707,#2708));
#309=EDGE_LOOP('',(#2709,#2710,#2711,#2712));
#310=EDGE_LOOP('',(#2713,#2714,#2715,#2716));
#311=EDGE_LOOP('',(#2717,#2718,#2719,#2720));
#312=EDGE_LOOP('',(#2721,#2722,#2723,#2724));
#313=EDGE_LOOP('',(#2725,#2726,#2727,#2728));
#314=EDGE_LOOP('',(#2729,#2730,#2731,#2732));
#315=EDGE_LOOP('',(#2733,#2734,#2735,#2736));
#316=EDGE_LOOP('',(#2737,#2738,#2739,#2740));
#317=EDGE_LOOP('',(#2741,#2742,#2743,#2744));
#318=EDGE_LOOP('',(#2745,#2746,#2747,#2748));
#319=EDGE_LOOP('',(#2749,#2750,#2751,#2752));
#320=EDGE_LOOP('',(#2753,#2754,#2755,#2756));
#321=EDGE_LOOP('',(#2757,#2758,#2759,#2760));
#322=EDGE_LOOP('',(#2761,#2762,#2763,#2764));
#323=EDGE_LOOP('',(#2765,#2766,#2767,#2768));
#324=EDGE_LOOP('',(#2769,#2770,#2771,#2772));
#325=EDGE_LOOP('',(#2773,#2774,#2775,#2776));
#326=EDGE_LOOP('',(#2777,#2778,#2779,#2780));
#327=EDGE_LOOP('',(#2781,#2782,#2783,#2784));
#328=EDGE_LOOP('',(#2785,#2786,#2787,#2788));
#329=EDGE_LOOP('',(#2789,#2790,#2791,#2792));
#330=EDGE_LOOP('',(#2793,#2794,#2795,#2796));
#331=EDGE_LOOP('',(#2797,#2798,#2799,#2800));
#332=EDGE_LOOP('',(#2801,#2802,#2803,#2804));
#333=EDGE_LOOP('',(#2805,#2806,#2807,#2808));
#334=EDGE_LOOP('',(#2809,#2810,#2811,#2812));
#335=EDGE_LOOP('',(#2813,#2814,#2815,#2816));
#336=EDGE_LOOP('',(#2817,#2818,#2819,#2820));
#337=EDGE_LOOP('',(#2821,#2822,#2823,#2824));
#338=EDGE_LOOP('',(#2825,#2826,#2827,#2828));
#339=EDGE_LOOP('',(#2829,#2830,#2831,#2832));
#340=EDGE_LOOP('',(#2833,#2834,#2835,#2836));
#341=EDGE_LOOP('',(#2837,#2838,#2839,#2840));
#342=EDGE_LOOP('',(#2841,#2842,#2843,#2844));
#343=EDGE_LOOP('',(#2845,#2846,#2847,#2848));
#344=EDGE_LOOP('',(#2849,#2850,#2851,#2852));
#345=EDGE_LOOP('',(#2853,#2854,#2855,#2856));
#346=EDGE_LOOP('',(#2857,#2858,#2859,#2860));
#347=EDGE_LOOP('',(#2861,#2862,#2863,#2864));
#348=EDGE_LOOP('',(#2865,#2866,#2867,#2868));
#349=EDGE_LOOP('',(#2869,#2870,#2871,#2872));
#350=EDGE_LOOP('',(#2873,#2874,#2875,#2876));
#351=EDGE_LOOP('',(#2877,#2878,#2879,#2880));
#352=EDGE_LOOP('',(#2881,#2882,#2883,#2884));
#353=EDGE_LOOP('',(#2885,#2886,#2887,#2888));
#354=EDGE_LOOP('',(#2889,#2890,#2891,#2892));
#355=EDGE_LOOP('',(#2893,#2894,#2895,#2896));
#356=EDGE_LOOP('',(#2897,#2898,#2899,#2900));
#357=EDGE_LOOP('',(#2901,#2902,#2903,#2904));
#358=EDGE_LOOP('',(#2905,#2906,#2907,#2908));
#359=EDGE_LOOP('',(#2909,#2910,#2911,#2912));
#360=EDGE_LOOP('',(#2913,#2914,#2915,#2916));
#361=EDGE_LOOP('',(#2917,#2918,#2919,#2920));
#362=EDGE_LOOP('',(#2921,#2922,#2923,#2924));
#363=EDGE_LOOP('',(#2925,#2926,#2927,#2928));
#364=EDGE_LOOP('',(#2929,#2930,#2931,#2932));
#365=EDGE_LOOP('',(#2933,#2934,#2935,#2936));
#366=EDGE_LOOP('',(#2937,#2938,#2939,#2940));
#367=EDGE_LOOP('',(#2941,#2942,#2943,#2944));
#368=EDGE_LOOP('',(#2945,#2946,#2947,#2948));
#369=EDGE_LOOP('',(#2949,#2950,#2951,#2952));
#370=EDGE_LOOP('',(#2953,#2954,#2955,#2956));
#371=EDGE_LOOP('',(#2957,#2958,#2959,#2960));
#372=EDGE_LOOP('',(#2961,#2962,#2963,#2964));
#373=EDGE_LOOP('',(#2965,#2966,#2967,#2968));
#374=EDGE_LOOP('',(#2969,#2970,#2971,#2972));
#375=EDGE_LOOP('',(#2973,#2974,#2975,#2976));
#376=EDGE_LOOP('',(#2977,#2978,#2979,#2980));
#377=EDGE_LOOP('',(#2981,#2982,#2983,#2984));
#378=EDGE_LOOP('',(#2985,#2986,#2987,#2988));
#379=EDGE_LOOP('',(#2989,#2990,#2991,#2992));
#380=EDGE_LOOP('',(#2993,#2994,#2995,#2996));
#381=EDGE_LOOP('',(#2997,#2998,#2999,#3000));
#382=EDGE_LOOP('',(#3001,#3002,#3003,#3004));
#383=EDGE_LOOP('',(#3005,#3006,#3007,#3008));
#384=EDGE_LOOP('',(#3009,#3010,#3011,#3012));
#385=EDGE_LOOP('',(#3013,#3014,#3015,#3016));
#386=EDGE_LOOP('',(#3017,#3018,#3019,#3020));
#387=EDGE_LOOP('',(#3021,#3022,#3023,#3024));
#388=EDGE_LOOP('',(#3025,#3026,#3027,#3028));
#389=EDGE_LOOP('',(#3029,#3030,#3031,#3032));
#390=EDGE_LOOP('',(#3033,#3034,#3035,#3036));
#391=EDGE_LOOP('',(#3037,#3038,#3039,#3040,#3041,#3042));
#392=EDGE_LOOP('',(#3043,#3044,#3045,#3046));
#393=EDGE_LOOP('',(#3047,#3048,#3049,#3050));
#394=EDGE_LOOP('',(#3051,#3052,#3053,#3054));
#395=EDGE_LOOP('',(#3055,#3056,#3057,#3058));
#396=EDGE_LOOP('',(#3059,#3060,#3061,#3062));
#397=EDGE_LOOP('',(#3063,#3064,#3065,#3066));
#398=EDGE_LOOP('',(#3067,#3068,#3069,#3070));
#399=EDGE_LOOP('',(#3071,#3072,#3073,#3074));
#400=EDGE_LOOP('',(#3075,#3076,#3077,#3078));
#401=EDGE_LOOP('',(#3079,#3080,#3081,#3082));
#402=EDGE_LOOP('',(#3083,#3084,#3085,#3086,#3087,#3088));
#403=EDGE_LOOP('',(#3089,#3090,#3091,#3092));
#404=EDGE_LOOP('',(#3093,#3094,#3095,#3096));
#405=EDGE_LOOP('',(#3097,#3098,#3099,#3100,#3101));
#406=EDGE_LOOP('',(#3102,#3103,#3104,#3105,#3106));
#407=EDGE_LOOP('',(#3107,#3108,#3109,#3110,#3111,#3112));
#408=EDGE_LOOP('',(#3113,#3114,#3115,#3116));
#409=EDGE_LOOP('',(#3117,#3118,#3119,#3120,#3121,#3122));
#410=EDGE_LOOP('',(#3123,#3124,#3125,#3126,#3127,#3128,#3129,#3130));
#411=EDGE_LOOP('',(#3131,#3132,#3133,#3134,#3135,#3136));
#412=EDGE_LOOP('',(#3137,#3138,#3139,#3140));
#413=EDGE_LOOP('',(#3141,#3142,#3143,#3144,#3145,#3146,#3147,#3148));
#414=EDGE_LOOP('',(#3149,#3150,#3151,#3152,#3153,#3154,#3155,#3156,#3157,
#3158,#3159,#3160));
#415=EDGE_LOOP('',(#3161,#3162,#3163,#3164));
#416=EDGE_LOOP('',(#3165,#3166,#3167,#3168,#3169,#3170));
#417=EDGE_LOOP('',(#3171,#3172,#3173,#3174));
#418=EDGE_LOOP('',(#3175,#3176,#3177,#3178,#3179,#3180));
#419=EDGE_LOOP('',(#3181,#3182,#3183,#3184,#3185,#3186));
#420=CIRCLE('',#3535,2.5);
#421=CIRCLE('',#3536,2.5);
#422=CIRCLE('',#3539,2.5);
#423=CIRCLE('',#3540,2.5);
#424=CIRCLE('',#3541,2.5);
#425=CIRCLE('',#3542,2.5);
#426=CIRCLE('',#3543,2.5);
#427=CIRCLE('',#3544,2.5);
#428=CIRCLE('',#3545,2.5);
#429=CIRCLE('',#3546,2.5);
#430=CIRCLE('',#3547,2.5);
#431=CIRCLE('',#3548,2.5);
#432=CIRCLE('',#3549,2.5);
#433=CIRCLE('',#3550,2.5);
#434=CIRCLE('',#3551,2.5);
#435=CIRCLE('',#3552,2.5);
#436=CIRCLE('',#3553,2.5);
#437=CIRCLE('',#3554,2.5);
#438=CIRCLE('',#3555,2.5);
#439=CIRCLE('',#3556,2.5);
#440=CIRCLE('',#3557,2.5);
#441=CIRCLE('',#3558,2.5);
#442=CIRCLE('',#3559,2.5);
#443=CIRCLE('',#3560,2.5);
#444=CIRCLE('',#3561,2.5);
#445=CIRCLE('',#3562,2.5);
#446=CIRCLE('',#3563,2.5);
#447=CIRCLE('',#3564,2.5);
#448=CIRCLE('',#3565,2.5);
#449=CIRCLE('',#3566,2.5);
#450=CIRCLE('',#3567,2.5);
#451=CIRCLE('',#3568,2.5);
#452=CIRCLE('',#3569,2.5);
#453=CIRCLE('',#3570,2.5);
#454=CIRCLE('',#3571,2.5);
#455=CIRCLE('',#3572,2.5);
#456=CIRCLE('',#3573,2.5);
#457=CIRCLE('',#3574,2.5);
#458=CIRCLE('',#3575,2.5);
#459=CIRCLE('',#3576,2.5);
#460=CIRCLE('',#3577,2.5);
#461=CIRCLE('',#3578,2.5);
#462=CIRCLE('',#3579,2.5);
#463=CIRCLE('',#3580,2.5);
#464=CIRCLE('',#3581,2.5);
#465=CIRCLE('',#3582,2.5);
#466=CIRCLE('',#3583,2.5);
#467=CIRCLE('',#3584,2.5);
#468=CIRCLE('',#3585,2.5);
#469=CIRCLE('',#3586,2.5);
#470=CIRCLE('',#3587,2.5);
#471=CIRCLE('',#3588,2.5);
#472=CIRCLE('',#3589,2.5);
#473=CIRCLE('',#3590,2.5);
#474=CIRCLE('',#3591,2.5);
#475=CIRCLE('',#3592,2.5);
#476=CIRCLE('',#3593,2.5);
#477=CIRCLE('',#3594,2.5);
#478=CIRCLE('',#3595,2.5);
#479=CIRCLE('',#3596,2.5);
#480=CIRCLE('',#3597,2.5);
#481=CIRCLE('',#3598,2.5);
#482=CIRCLE('',#3599,2.5);
#483=CIRCLE('',#3600,2.5);
#484=CIRCLE('',#3601,2.5);
#485=CIRCLE('',#3602,2.5);
#486=CIRCLE('',#3603,2.5);
#487=CIRCLE('',#3604,2.5);
#488=CIRCLE('',#3605,2.5);
#489=CIRCLE('',#3606,2.5);
#490=CIRCLE('',#3607,2.5);
#491=CIRCLE('',#3608,2.5);
#492=CIRCLE('',#3609,2.5);
#493=CIRCLE('',#3610,2.5);
#494=CIRCLE('',#3611,2.5);
#495=CIRCLE('',#3612,2.5);
#496=CIRCLE('',#3613,2.5);
#497=CIRCLE('',#3614,2.5);
#498=CIRCLE('',#3615,2.5);
#499=CIRCLE('',#3616,2.5);
#500=CIRCLE('',#3617,2.5);
#501=CIRCLE('',#3618,2.5);
#502=CIRCLE('',#3619,2.5);
#503=CIRCLE('',#3620,2.5);
#504=CIRCLE('',#3621,2.5);
#505=CIRCLE('',#3622,2.5);
#506=CIRCLE('',#3623,2.5);
#507=CIRCLE('',#3624,2.5);
#508=CIRCLE('',#3625,2.5);
#509=CIRCLE('',#3626,2.5);
#510=CIRCLE('',#3627,2.5);
#511=CIRCLE('',#3628,2.5);
#512=CIRCLE('',#3629,2.5);
#513=CIRCLE('',#3630,2.5);
#514=CIRCLE('',#3631,2.5);
#515=CIRCLE('',#3632,2.5);
#516=CIRCLE('',#3633,2.5);
#517=CIRCLE('',#3634,2.5);
#518=CIRCLE('',#3635,2.5);
#519=CIRCLE('',#3636,2.5);
#520=CIRCLE('',#3637,2.5);
#521=CIRCLE('',#3638,2.5);
#522=CIRCLE('',#3639,2.5);
#523=CIRCLE('',#3640,2.5);
#524=CIRCLE('',#3641,2.5);
#525=CIRCLE('',#3642,2.5);
#526=CIRCLE('',#3643,2.5);
#527=CIRCLE('',#3644,2.5);
#528=CIRCLE('',#3645,2.5);
#529=CIRCLE('',#3646,2.5);
#530=CIRCLE('',#3647,2.5);
#531=CIRCLE('',#3648,2.5);
#532=CIRCLE('',#3649,2.5);
#533=CIRCLE('',#3650,2.5);
#534=CIRCLE('',#3651,2.5);
#535=CIRCLE('',#3652,2.5);
#536=CIRCLE('',#3653,2.5);
#537=CIRCLE('',#3654,2.5);
#538=CIRCLE('',#3655,2.5);
#539=CIRCLE('',#3656,2.5);
#540=CIRCLE('',#3657,2.5);
#541=CIRCLE('',#3658,2.5);
#542=CIRCLE('',#3659,2.5);
#543=CIRCLE('',#3660,2.5);
#544=CIRCLE('',#3661,2.5);
#545=CIRCLE('',#3662,2.5);
#546=CIRCLE('',#3663,2.5);
#547=CIRCLE('',#3664,2.5);
#548=CIRCLE('',#3665,2.5);
#549=CIRCLE('',#3666,2.5);
#550=CIRCLE('',#3667,2.5);
#551=CIRCLE('',#3668,2.5);
#552=CIRCLE('',#3669,2.5);
#553=CIRCLE('',#3670,2.5);
#554=CIRCLE('',#3671,2.5);
#555=CIRCLE('',#3672,2.5);
#556=CIRCLE('',#3673,2.5);
#557=CIRCLE('',#3674,2.5);
#558=CIRCLE('',#3675,2.5);
#559=CIRCLE('',#3676,2.5);
#560=CIRCLE('',#3677,2.5);
#561=CIRCLE('',#3678,2.5);
#562=CIRCLE('',#3679,2.5);
#563=CIRCLE('',#3680,2.5);
#564=CIRCLE('',#3681,2.5);
#565=CIRCLE('',#3682,2.5);
#566=CIRCLE('',#3683,2.5);
#567=CIRCLE('',#3684,2.5);
#568=CIRCLE('',#3685,2.5);
#569=CIRCLE('',#3686,2.5);
#570=CIRCLE('',#3688,2.5);
#571=CIRCLE('',#3690,2.5);
#572=CIRCLE('',#3692,2.5);
#573=CIRCLE('',#3693,2.5);
#574=CIRCLE('',#3694,2.5);
#575=CIRCLE('',#3695,2.5);
#576=CIRCLE('',#3696,2.5);
#577=CIRCLE('',#3697,2.5);
#578=CIRCLE('',#3698,2.5);
#579=CIRCLE('',#3699,2.5);
#580=CIRCLE('',#3700,2.5);
#581=CIRCLE('',#3701,2.5);
#582=CIRCLE('',#3702,2.5);
#583=CIRCLE('',#3703,2.5);
#584=CIRCLE('',#3704,2.5);
#585=CIRCLE('',#3705,2.5);
#586=CIRCLE('',#3706,2.5);
#587=CIRCLE('',#3707,2.5);
#588=CIRCLE('',#3708,2.5);
#589=CIRCLE('',#3709,2.5);
#590=CIRCLE('',#3710,2.5);
#591=CIRCLE('',#3711,2.5);
#592=CIRCLE('',#3712,2.5);
#593=CIRCLE('',#3713,2.5);
#594=CIRCLE('',#3714,2.5);
#595=CIRCLE('',#3715,2.5);
#596=CIRCLE('',#3716,2.5);
#597=CIRCLE('',#3717,2.5);
#598=CIRCLE('',#3718,2.5);
#599=CIRCLE('',#3719,2.5);
#600=CIRCLE('',#3720,2.5);
#601=CIRCLE('',#3721,2.5);
#602=CIRCLE('',#3722,2.5);
#603=CIRCLE('',#3723,2.5);
#604=CIRCLE('',#3724,2.5);
#605=CIRCLE('',#3725,2.5);
#606=CIRCLE('',#3726,2.5);
#607=CIRCLE('',#3727,2.5);
#608=CIRCLE('',#3728,2.5);
#609=CIRCLE('',#3729,2.5);
#610=CIRCLE('',#3730,2.5);
#611=CIRCLE('',#3731,2.5);
#612=CIRCLE('',#3732,2.5);
#613=CIRCLE('',#3733,2.5);
#614=CIRCLE('',#3734,2.5);
#615=CIRCLE('',#3735,2.5);
#616=CIRCLE('',#3736,2.5);
#617=CIRCLE('',#3737,2.5);
#618=CIRCLE('',#3738,2.5);
#619=CIRCLE('',#3739,2.5);
#620=CIRCLE('',#3740,2.5);
#621=CIRCLE('',#3741,2.5);
#622=CIRCLE('',#3742,2.5);
#623=CIRCLE('',#3743,2.5);
#624=CIRCLE('',#3744,2.5);
#625=CIRCLE('',#3745,2.5);
#626=CIRCLE('',#3746,2.5);
#627=CIRCLE('',#3747,2.5);
#628=CIRCLE('',#3748,2.5);
#629=CIRCLE('',#3749,2.5);
#630=CIRCLE('',#3750,2.5);
#631=CIRCLE('',#3751,2.5);
#632=CIRCLE('',#3752,2.5);
#633=CIRCLE('',#3753,2.5);
#634=CIRCLE('',#3754,2.5);
#635=CIRCLE('',#3755,2.5);
#636=CIRCLE('',#3756,2.5);
#637=CIRCLE('',#3757,2.5);
#638=CIRCLE('',#3758,2.5);
#639=CIRCLE('',#3759,2.5);
#640=CIRCLE('',#3760,2.5);
#641=CIRCLE('',#3761,2.5);
#642=CIRCLE('',#3762,2.5);
#643=CIRCLE('',#3763,2.5);
#644=CIRCLE('',#3764,2.5);
#645=CIRCLE('',#3765,2.5);
#646=CIRCLE('',#3766,2.5);
#647=CIRCLE('',#3767,2.5);
#648=CIRCLE('',#3768,2.5);
#649=CIRCLE('',#3769,2.5);
#650=CIRCLE('',#3770,2.5);
#651=CIRCLE('',#3771,2.5);
#652=CIRCLE('',#3772,2.5);
#653=CIRCLE('',#3773,2.5);
#654=CIRCLE('',#3774,2.5);
#655=CIRCLE('',#3775,2.5);
#656=CIRCLE('',#3776,2.5);
#657=CIRCLE('',#3777,2.5);
#658=CIRCLE('',#3778,2.5);
#659=CIRCLE('',#3779,2.5);
#660=CIRCLE('',#3780,2.5);
#661=CIRCLE('',#3781,2.5);
#662=CIRCLE('',#3782,2.5);
#663=CIRCLE('',#3783,2.5);
#664=CIRCLE('',#3784,2.5);
#665=CIRCLE('',#3785,2.5);
#666=CIRCLE('',#3786,2.5);
#667=CIRCLE('',#3787,2.5);
#668=CIRCLE('',#3788,2.5);
#669=CIRCLE('',#3789,2.5);
#670=CIRCLE('',#3790,2.5);
#671=CIRCLE('',#3791,2.5);
#672=CIRCLE('',#3792,2.5);
#673=CIRCLE('',#3793,2.5);
#674=CIRCLE('',#3794,2.5);
#675=CIRCLE('',#3795,2.5);
#676=CIRCLE('',#3796,2.5);
#677=CIRCLE('',#3797,2.5);
#678=CIRCLE('',#3798,2.5);
#679=CIRCLE('',#3799,2.5);
#680=CIRCLE('',#3800,2.5);
#681=CIRCLE('',#3801,2.5);
#682=CIRCLE('',#3802,2.5);
#683=CIRCLE('',#3803,2.5);
#684=CIRCLE('',#3804,2.5);
#685=CIRCLE('',#3805,2.5);
#686=CIRCLE('',#3806,2.5);
#687=CIRCLE('',#3807,2.5);
#688=CIRCLE('',#3808,2.5);
#689=CIRCLE('',#3809,2.5);
#690=CIRCLE('',#3810,2.5);
#691=CIRCLE('',#3811,2.5);
#692=CIRCLE('',#3812,2.5);
#693=CIRCLE('',#3813,2.5);
#694=CIRCLE('',#3814,2.5);
#695=CIRCLE('',#3815,2.5);
#696=CIRCLE('',#3816,2.5);
#697=CIRCLE('',#3817,2.5);
#698=CIRCLE('',#3818,2.5);
#699=CIRCLE('',#3819,2.5);
#700=CIRCLE('',#3820,2.5);
#701=CIRCLE('',#3821,2.5);
#702=CIRCLE('',#3822,2.5);
#703=CIRCLE('',#3823,2.5);
#704=CIRCLE('',#3824,2.5);
#705=CIRCLE('',#3825,2.5);
#706=CIRCLE('',#3826,2.5);
#707=CIRCLE('',#3827,2.5);
#708=CIRCLE('',#3828,2.5);
#709=CIRCLE('',#3829,2.5);
#710=CIRCLE('',#3830,2.5);
#711=CIRCLE('',#3831,2.5);
#712=CIRCLE('',#3832,2.5);
#713=CIRCLE('',#3833,2.5);
#714=CIRCLE('',#3834,2.5);
#715=CIRCLE('',#3835,2.5);
#716=CIRCLE('',#3836,2.5);
#717=CIRCLE('',#3837,2.5);
#718=LINE('',#5229,#961);
#719=LINE('',#5233,#962);
#720=LINE('',#5237,#963);
#721=LINE('',#5239,#964);
#722=LINE('',#5240,#965);
#723=LINE('',#5267,#966);
#724=LINE('',#5269,#967);
#725=LINE('',#5271,#968);
#726=LINE('',#5273,#969);
#727=LINE('',#5281,#970);
#728=LINE('',#5351,#971);
#729=LINE('',#5421,#972);
#730=LINE('',#5497,#973);
#731=LINE('',#5556,#974);
#732=LINE('',#5560,#975);
#733=LINE('',#5619,#976);
#734=LINE('',#5695,#977);
#735=LINE('',#5765,#978);
#736=LINE('',#5835,#979);
#737=LINE('',#5843,#980);
#738=LINE('',#5845,#981);
#739=LINE('',#5847,#982);
#740=LINE('',#5849,#983);
#741=LINE('',#5870,#984);
#742=LINE('',#5872,#985);
#743=LINE('',#5874,#986);
#744=LINE('',#5876,#987);
#745=LINE('',#5878,#988);
#746=LINE('',#5880,#989);
#747=LINE('',#5882,#990);
#748=LINE('',#5884,#991);
#749=LINE('',#5886,#992);
#750=LINE('',#5888,#993);
#751=LINE('',#5890,#994);
#752=LINE('',#5892,#995);
#753=LINE('',#5893,#996);
#754=LINE('',#5895,#997);
#755=LINE('',#5897,#998);
#756=LINE('',#5899,#999);
#757=LINE('',#5901,#1000);
#758=LINE('',#5903,#1001);
#759=LINE('',#5905,#1002);
#760=LINE('',#5907,#1003);
#761=LINE('',#5909,#1004);
#762=LINE('',#5911,#1005);
#763=LINE('',#5913,#1006);
#764=LINE('',#5915,#1007);
#765=LINE('',#5917,#1008);
#766=LINE('',#5919,#1009);
#767=LINE('',#5921,#1010);
#768=LINE('',#5923,#1011);
#769=LINE('',#5925,#1012);
#770=LINE('',#5927,#1013);
#771=LINE('',#5929,#1014);
#772=LINE('',#5931,#1015);
#773=LINE('',#5933,#1016);
#774=LINE('',#5935,#1017);
#775=LINE('',#5937,#1018);
#776=LINE('',#5939,#1019);
#777=LINE('',#5941,#1020);
#778=LINE('',#5943,#1021);
#779=LINE('',#5945,#1022);
#780=LINE('',#5947,#1023);
#781=LINE('',#5950,#1024);
#782=LINE('',#5951,#1025);
#783=LINE('',#5953,#1026);
#784=LINE('',#5955,#1027);
#785=LINE('',#5957,#1028);
#786=LINE('',#5959,#1029);
#787=LINE('',#5961,#1030);
#788=LINE('',#5963,#1031);
#789=LINE('',#5965,#1032);
#790=LINE('',#5967,#1033);
#791=LINE('',#5969,#1034);
#792=LINE('',#5971,#1035);
#793=LINE('',#5973,#1036);
#794=LINE('',#5975,#1037);
#795=LINE('',#5977,#1038);
#796=LINE('',#5979,#1039);
#797=LINE('',#5981,#1040);
#798=LINE('',#5983,#1041);
#799=LINE('',#5985,#1042);
#800=LINE('',#5987,#1043);
#801=LINE('',#5989,#1044);
#802=LINE('',#5991,#1045);
#803=LINE('',#5993,#1046);
#804=LINE('',#5995,#1047);
#805=LINE('',#5997,#1048);
#806=LINE('',#5999,#1049);
#807=LINE('',#6001,#1050);
#808=LINE('',#6003,#1051);
#809=LINE('',#6005,#1052);
#810=LINE('',#6007,#1053);
#811=LINE('',#6009,#1054);
#812=LINE('',#6011,#1055);
#813=LINE('',#6013,#1056);
#814=LINE('',#6015,#1057);
#815=LINE('',#6017,#1058);
#816=LINE('',#6019,#1059);
#817=LINE('',#6021,#1060);
#818=LINE('',#6023,#1061);
#819=LINE('',#6026,#1062);
#820=LINE('',#6027,#1063);
#821=LINE('',#6029,#1064);
#822=LINE('',#6031,#1065);
#823=LINE('',#6033,#1066);
#824=LINE('',#6035,#1067);
#825=LINE('',#6037,#1068);
#826=LINE('',#6039,#1069);
#827=LINE('',#6041,#1070);
#828=LINE('',#6043,#1071);
#829=LINE('',#6045,#1072);
#830=LINE('',#6047,#1073);
#831=LINE('',#6049,#1074);
#832=LINE('',#6051,#1075);
#833=LINE('',#6053,#1076);
#834=LINE('',#6055,#1077);
#835=LINE('',#6057,#1078);
#836=LINE('',#6059,#1079);
#837=LINE('',#6061,#1080);
#838=LINE('',#6063,#1081);
#839=LINE('',#6065,#1082);
#840=LINE('',#6067,#1083);
#841=LINE('',#6069,#1084);
#842=LINE('',#6071,#1085);
#843=LINE('',#6073,#1086);
#844=LINE('',#6075,#1087);
#845=LINE('',#6077,#1088);
#846=LINE('',#6079,#1089);
#847=LINE('',#6081,#1090);
#848=LINE('',#6083,#1091);
#849=LINE('',#6085,#1092);
#850=LINE('',#6087,#1093);
#851=LINE('',#6089,#1094);
#852=LINE('',#6091,#1095);
#853=LINE('',#6093,#1096);
#854=LINE('',#6096,#1097);
#855=LINE('',#6097,#1098);
#856=LINE('',#6099,#1099);
#857=LINE('',#6101,#1100);
#858=LINE('',#6103,#1101);
#859=LINE('',#6105,#1102);
#860=LINE('',#6107,#1103);
#861=LINE('',#6109,#1104);
#862=LINE('',#6111,#1105);
#863=LINE('',#6113,#1106);
#864=LINE('',#6115,#1107);
#865=LINE('',#6117,#1108);
#866=LINE('',#6119,#1109);
#867=LINE('',#6121,#1110);
#868=LINE('',#6123,#1111);
#869=LINE('',#6125,#1112);
#870=LINE('',#6127,#1113);
#871=LINE('',#6129,#1114);
#872=LINE('',#6131,#1115);
#873=LINE('',#6133,#1116);
#874=LINE('',#6135,#1117);
#875=LINE('',#6137,#1118);
#876=LINE('',#6139,#1119);
#877=LINE('',#6141,#1120);
#878=LINE('',#6143,#1121);
#879=LINE('',#6145,#1122);
#880=LINE('',#6147,#1123);
#881=LINE('',#6149,#1124);
#882=LINE('',#6151,#1125);
#883=LINE('',#6153,#1126);
#884=LINE('',#6155,#1127);
#885=LINE('',#6157,#1128);
#886=LINE('',#6159,#1129);
#887=LINE('',#6161,#1130);
#888=LINE('',#6163,#1131);
#889=LINE('',#6166,#1132);
#890=LINE('',#6167,#1133);
#891=LINE('',#6169,#1134);
#892=LINE('',#6172,#1135);
#893=LINE('',#6174,#1136);
#894=LINE('',#6175,#1137);
#895=LINE('',#6180,#1138);
#896=LINE('',#6182,#1139);
#897=LINE('',#6184,#1140);
#898=LINE('',#6185,#1141);
#899=LINE('',#6188,#1142);
#900=LINE('',#6190,#1143);
#901=LINE('',#6191,#1144);
#902=LINE('',#6194,#1145);
#903=LINE('',#6196,#1146);
#904=LINE('',#6197,#1147);
#905=LINE('',#6199,#1148);
#906=LINE('',#6201,#1149);
#907=LINE('',#6205,#1150);
#908=LINE('',#6207,#1151);
#909=LINE('',#6209,#1152);
#910=LINE('',#6210,#1153);
#911=LINE('',#6214,#1154);
#912=LINE('',#6216,#1155);
#913=LINE('',#6218,#1156);
#914=LINE('',#6219,#1157);
#915=LINE('',#6223,#1158);
#916=LINE('',#6224,#1159);
#917=LINE('',#6225,#1160);
#918=LINE('',#6229,#1161);
#919=LINE('',#6230,#1162);
#920=LINE('',#6231,#1163);
#921=LINE('',#6233,#1164);
#922=LINE('',#6234,#1165);
#923=LINE('',#6236,#1166);
#924=LINE('',#6240,#1167);
#925=LINE('',#6242,#1168);
#926=LINE('',#6244,#1169);
#927=LINE('',#6245,#1170);
#928=LINE('',#6248,#1171);
#929=LINE('',#6249,#1172);
#930=LINE('',#6250,#1173);
#931=LINE('',#6254,#1174);
#932=LINE('',#6255,#1175);
#933=LINE('',#6257,#1176);
#934=LINE('',#6258,#1177);
#935=LINE('',#6261,#1178);
#936=LINE('',#6262,#1179);
#937=LINE('',#6263,#1180);
#938=LINE('',#6267,#1181);
#939=LINE('',#6269,#1182);
#940=LINE('',#6271,#1183);
#941=LINE('',#6272,#1184);
#942=LINE('',#6276,#1185);
#943=LINE('',#6278,#1186);
#944=LINE('',#6280,#1187);
#945=LINE('',#6282,#1188);
#946=LINE('',#6283,#1189);
#947=LINE('',#6285,#1190);
#948=LINE('',#6286,#1191);
#949=LINE('',#6289,#1192);
#950=LINE('',#6291,#1193);
#951=LINE('',#6292,#1194);
#952=LINE('',#6294,#1195);
#953=LINE('',#6296,#1196);
#954=LINE('',#6297,#1197);
#955=LINE('',#6298,#1198);
#956=LINE('',#6302,#1199);
#957=LINE('',#6303,#1200);
#958=LINE('',#6306,#1201);
#959=LINE('',#6307,#1202);
#960=LINE('',#6309,#1203);
#961=VECTOR('',#4020,10.);
#962=VECTOR('',#4023,10.);
#963=VECTOR('',#4028,10.);
#964=VECTOR('',#4029,10.);
#965=VECTOR('',#4030,10.);
#966=VECTOR('',#4057,10.);
#967=VECTOR('',#4058,10.);
#968=VECTOR('',#4059,10.);
#969=VECTOR('',#4060,10.);
#970=VECTOR('',#4067,10.);
#971=VECTOR('',#4136,10.);
#972=VECTOR('',#4205,10.);
#973=VECTOR('',#4280,10.);
#974=VECTOR('',#4341,10.);
#975=VECTOR('',#4346,10.);
#976=VECTOR('',#4405,10.);
#977=VECTOR('',#4480,10.);
#978=VECTOR('',#4549,10.);
#979=VECTOR('',#4618,10.);
#980=VECTOR('',#4625,10.);
#981=VECTOR('',#4626,10.);
#982=VECTOR('',#4627,10.);
#983=VECTOR('',#4628,10.);
#984=VECTOR('',#4651,10.);
#985=VECTOR('',#4654,10.);
#986=VECTOR('',#4657,10.);
#987=VECTOR('',#4660,10.);
#988=VECTOR('',#4663,10.);
#989=VECTOR('',#4666,10.);
#990=VECTOR('',#4669,10.);
#991=VECTOR('',#4672,10.);
#992=VECTOR('',#4675,10.);
#993=VECTOR('',#4678,10.);
#994=VECTOR('',#4681,10.);
#995=VECTOR('',#4684,10.);
#996=VECTOR('',#4685,10.);
#997=VECTOR('',#4688,10.);
#998=VECTOR('',#4691,10.);
#999=VECTOR('',#4694,10.);
#1000=VECTOR('',#4697,10.);
#1001=VECTOR('',#4700,10.);
#1002=VECTOR('',#4703,10.);
#1003=VECTOR('',#4706,10.);
#1004=VECTOR('',#4709,10.);
#1005=VECTOR('',#4712,10.);
#1006=VECTOR('',#4715,10.);
#1007=VECTOR('',#4718,10.);
#1008=VECTOR('',#4721,10.);
#1009=VECTOR('',#4724,10.);
#1010=VECTOR('',#4727,10.);
#1011=VECTOR('',#4730,10.);
#1012=VECTOR('',#4733,10.);
#1013=VECTOR('',#4736,10.);
#1014=VECTOR('',#4739,10.);
#1015=VECTOR('',#4742,10.);
#1016=VECTOR('',#4745,10.);
#1017=VECTOR('',#4748,10.);
#1018=VECTOR('',#4751,10.);
#1019=VECTOR('',#4754,10.);
#1020=VECTOR('',#4757,10.);
#1021=VECTOR('',#4760,10.);
#1022=VECTOR('',#4763,10.);
#1023=VECTOR('',#4766,10.);
#1024=VECTOR('',#4771,10.);
#1025=VECTOR('',#4772,10.);
#1026=VECTOR('',#4775,10.);
#1027=VECTOR('',#4778,10.);
#1028=VECTOR('',#4781,10.);
#1029=VECTOR('',#4784,10.);
#1030=VECTOR('',#4787,10.);
#1031=VECTOR('',#4790,10.);
#1032=VECTOR('',#4793,10.);
#1033=VECTOR('',#4796,10.);
#1034=VECTOR('',#4799,10.);
#1035=VECTOR('',#4802,10.);
#1036=VECTOR('',#4805,10.);
#1037=VECTOR('',#4808,10.);
#1038=VECTOR('',#4811,10.);
#1039=VECTOR('',#4814,10.);
#1040=VECTOR('',#4817,10.);
#1041=VECTOR('',#4820,10.);
#1042=VECTOR('',#4823,10.);
#1043=VECTOR('',#4826,10.);
#1044=VECTOR('',#4829,10.);
#1045=VECTOR('',#4832,10.);
#1046=VECTOR('',#4835,10.);
#1047=VECTOR('',#4838,10.);
#1048=VECTOR('',#4841,10.);
#1049=VECTOR('',#4844,10.);
#1050=VECTOR('',#4847,10.);
#1051=VECTOR('',#4850,10.);
#1052=VECTOR('',#4853,10.);
#1053=VECTOR('',#4856,10.);
#1054=VECTOR('',#4859,10.);
#1055=VECTOR('',#4862,10.);
#1056=VECTOR('',#4865,10.);
#1057=VECTOR('',#4868,10.);
#1058=VECTOR('',#4871,10.);
#1059=VECTOR('',#4874,10.);
#1060=VECTOR('',#4877,10.);
#1061=VECTOR('',#4880,10.);
#1062=VECTOR('',#4885,10.);
#1063=VECTOR('',#4886,10.);
#1064=VECTOR('',#4889,10.);
#1065=VECTOR('',#4892,10.);
#1066=VECTOR('',#4895,10.);
#1067=VECTOR('',#4898,10.);
#1068=VECTOR('',#4901,10.);
#1069=VECTOR('',#4904,10.);
#1070=VECTOR('',#4907,10.);
#1071=VECTOR('',#4910,10.);
#1072=VECTOR('',#4913,10.);
#1073=VECTOR('',#4916,10.);
#1074=VECTOR('',#4919,10.);
#1075=VECTOR('',#4922,10.);
#1076=VECTOR('',#4925,10.);
#1077=VECTOR('',#4928,10.);
#1078=VECTOR('',#4931,10.);
#1079=VECTOR('',#4934,10.);
#1080=VECTOR('',#4937,10.);
#1081=VECTOR('',#4940,10.);
#1082=VECTOR('',#4943,10.);
#1083=VECTOR('',#4946,10.);
#1084=VECTOR('',#4949,10.);
#1085=VECTOR('',#4952,10.);
#1086=VECTOR('',#4955,10.);
#1087=VECTOR('',#4958,10.);
#1088=VECTOR('',#4961,10.);
#1089=VECTOR('',#4964,10.);
#1090=VECTOR('',#4967,10.);
#1091=VECTOR('',#4970,10.);
#1092=VECTOR('',#4973,10.);
#1093=VECTOR('',#4976,10.);
#1094=VECTOR('',#4979,10.);
#1095=VECTOR('',#4982,10.);
#1096=VECTOR('',#4985,10.);
#1097=VECTOR('',#4990,10.);
#1098=VECTOR('',#4991,10.);
#1099=VECTOR('',#4994,10.);
#1100=VECTOR('',#4997,10.);
#1101=VECTOR('',#5000,10.);
#1102=VECTOR('',#5003,10.);
#1103=VECTOR('',#5006,10.);
#1104=VECTOR('',#5009,10.);
#1105=VECTOR('',#5012,10.);
#1106=VECTOR('',#5015,10.);
#1107=VECTOR('',#5018,10.);
#1108=VECTOR('',#5021,10.);
#1109=VECTOR('',#5024,10.);
#1110=VECTOR('',#5027,10.);
#1111=VECTOR('',#5030,10.);
#1112=VECTOR('',#5033,10.);
#1113=VECTOR('',#5036,10.);
#1114=VECTOR('',#5039,10.);
#1115=VECTOR('',#5042,10.);
#1116=VECTOR('',#5045,10.);
#1117=VECTOR('',#5048,10.);
#1118=VECTOR('',#5051,10.);
#1119=VECTOR('',#5054,10.);
#1120=VECTOR('',#5057,10.);
#1121=VECTOR('',#5060,10.);
#1122=VECTOR('',#5063,10.);
#1123=VECTOR('',#5066,10.);
#1124=VECTOR('',#5069,10.);
#1125=VECTOR('',#5072,10.);
#1126=VECTOR('',#5075,10.);
#1127=VECTOR('',#5078,10.);
#1128=VECTOR('',#5081,10.);
#1129=VECTOR('',#5084,10.);
#1130=VECTOR('',#5087,10.);
#1131=VECTOR('',#5090,10.);
#1132=VECTOR('',#5095,10.);
#1133=VECTOR('',#5096,10.);
#1134=VECTOR('',#5099,10.);
#1135=VECTOR('',#5102,10.);
#1136=VECTOR('',#5103,10.);
#1137=VECTOR('',#5104,10.);
#1138=VECTOR('',#5109,10.);
#1139=VECTOR('',#5110,10.);
#1140=VECTOR('',#5111,10.);
#1141=VECTOR('',#5112,10.);
#1142=VECTOR('',#5115,10.);
#1143=VECTOR('',#5116,10.);
#1144=VECTOR('',#5117,10.);
#1145=VECTOR('',#5120,10.);
#1146=VECTOR('',#5121,10.);
#1147=VECTOR('',#5122,10.);
#1148=VECTOR('',#5125,10.);
#1149=VECTOR('',#5128,10.);
#1150=VECTOR('',#5131,10.);
#1151=VECTOR('',#5132,10.);
#1152=VECTOR('',#5133,10.);
#1153=VECTOR('',#5134,10.);
#1154=VECTOR('',#5137,10.);
#1155=VECTOR('',#5138,10.);
#1156=VECTOR('',#5139,10.);
#1157=VECTOR('',#5140,10.);
#1158=VECTOR('',#5143,10.);
#1159=VECTOR('',#5144,10.);
#1160=VECTOR('',#5145,10.);
#1161=VECTOR('',#5148,10.);
#1162=VECTOR('',#5149,10.);
#1163=VECTOR('',#5150,10.);
#1164=VECTOR('',#5153,10.);
#1165=VECTOR('',#5154,10.);
#1166=VECTOR('',#5157,10.);
#1167=VECTOR('',#5160,10.);
#1168=VECTOR('',#5161,10.);
#1169=VECTOR('',#5162,10.);
#1170=VECTOR('',#5163,10.);
#1171=VECTOR('',#5166,10.);
#1172=VECTOR('',#5167,10.);
#1173=VECTOR('',#5168,10.);
#1174=VECTOR('',#5171,10.);
#1175=VECTOR('',#5172,10.);
#1176=VECTOR('',#5173,10.);
#1177=VECTOR('',#5174,10.);
#1178=VECTOR('',#5177,10.);
#1179=VECTOR('',#5178,10.);
#1180=VECTOR('',#5179,10.);
#1181=VECTOR('',#5184,10.);
#1182=VECTOR('',#5185,10.);
#1183=VECTOR('',#5186,10.);
#1184=VECTOR('',#5187,10.);
#1185=VECTOR('',#5190,10.);
#1186=VECTOR('',#5191,10.);
#1187=VECTOR('',#5192,10.);
#1188=VECTOR('',#5193,10.);
#1189=VECTOR('',#5194,10.);
#1190=VECTOR('',#5195,10.);
#1191=VECTOR('',#5196,10.);
#1192=VECTOR('',#5199,10.);
#1193=VECTOR('',#5200,10.);
#1194=VECTOR('',#5201,10.);
#1195=VECTOR('',#5204,10.);
#1196=VECTOR('',#5207,10.);
#1197=VECTOR('',#5208,10.);
#1198=VECTOR('',#5209,10.);
#1199=VECTOR('',#5214,10.);
#1200=VECTOR('',#5215,10.);
#1201=VECTOR('',#5218,10.);
#1202=VECTOR('',#5219,10.);
#1203=VECTOR('',#5222,10.);
#1204=VERTEX_POINT('',#5227);
#1205=VERTEX_POINT('',#5228);
#1206=VERTEX_POINT('',#5230);
#1207=VERTEX_POINT('',#5232);
#1208=VERTEX_POINT('',#5236);
#1209=VERTEX_POINT('',#5238);
#1210=VERTEX_POINT('',#5242);
#1211=VERTEX_POINT('',#5244);
#1212=VERTEX_POINT('',#5246);
#1213=VERTEX_POINT('',#5248);
#1214=VERTEX_POINT('',#5250);
#1215=VERTEX_POINT('',#5252);
#1216=VERTEX_POINT('',#5254);
#1217=VERTEX_POINT('',#5256);
#1218=VERTEX_POINT('',#5258);
#1219=VERTEX_POINT('',#5260);
#1220=VERTEX_POINT('',#5262);
#1221=VERTEX_POINT('',#5264);
#1222=VERTEX_POINT('',#5266);
#1223=VERTEX_POINT('',#5268);
#1224=VERTEX_POINT('',#5270);
#1225=VERTEX_POINT('',#5272);
#1226=VERTEX_POINT('',#5274);
#1227=VERTEX_POINT('',#5276);
#1228=VERTEX_POINT('',#5278);
#1229=VERTEX_POINT('',#5280);
#1230=VERTEX_POINT('',#5282);
#1231=VERTEX_POINT('',#5284);
#1232=VERTEX_POINT('',#5286);
#1233=VERTEX_POINT('',#5288);
#1234=VERTEX_POINT('',#5290);
#1235=VERTEX_POINT('',#5292);
#1236=VERTEX_POINT('',#5294);
#1237=VERTEX_POINT('',#5296);
#1238=VERTEX_POINT('',#5298);
#1239=VERTEX_POINT('',#5300);
#1240=VERTEX_POINT('',#5302);
#1241=VERTEX_POINT('',#5304);
#1242=VERTEX_POINT('',#5306);
#1243=VERTEX_POINT('',#5308);
#1244=VERTEX_POINT('',#5310);
#1245=VERTEX_POINT('',#5312);
#1246=VERTEX_POINT('',#5314);
#1247=VERTEX_POINT('',#5316);
#1248=VERTEX_POINT('',#5318);
#1249=VERTEX_POINT('',#5320);
#1250=VERTEX_POINT('',#5322);
#1251=VERTEX_POINT('',#5324);
#1252=VERTEX_POINT('',#5326);
#1253=VERTEX_POINT('',#5328);
#1254=VERTEX_POINT('',#5330);
#1255=VERTEX_POINT('',#5332);
#1256=VERTEX_POINT('',#5334);
#1257=VERTEX_POINT('',#5336);
#1258=VERTEX_POINT('',#5338);
#1259=VERTEX_POINT('',#5340);
#1260=VERTEX_POINT('',#5342);
#1261=VERTEX_POINT('',#5344);
#1262=VERTEX_POINT('',#5346);
#1263=VERTEX_POINT('',#5348);
#1264=VERTEX_POINT('',#5350);
#1265=VERTEX_POINT('',#5352);
#1266=VERTEX_POINT('',#5354);
#1267=VERTEX_POINT('',#5356);
#1268=VERTEX_POINT('',#5358);
#1269=VERTEX_POINT('',#5360);
#1270=VERTEX_POINT('',#5362);
#1271=VERTEX_POINT('',#5364);
#1272=VERTEX_POINT('',#5366);
#1273=VERTEX_POINT('',#5368);
#1274=VERTEX_POINT('',#5370);
#1275=VERTEX_POINT('',#5372);
#1276=VERTEX_POINT('',#5374);
#1277=VERTEX_POINT('',#5376);
#1278=VERTEX_POINT('',#5378);
#1279=VERTEX_POINT('',#5380);
#1280=VERTEX_POINT('',#5382);
#1281=VERTEX_POINT('',#5384);
#1282=VERTEX_POINT('',#5386);
#1283=VERTEX_POINT('',#5388);
#1284=VERTEX_POINT('',#5390);
#1285=VERTEX_POINT('',#5392);
#1286=VERTEX_POINT('',#5394);
#1287=VERTEX_POINT('',#5396);
#1288=VERTEX_POINT('',#5398);
#1289=VERTEX_POINT('',#5400);
#1290=VERTEX_POINT('',#5402);
#1291=VERTEX_POINT('',#5404);
#1292=VERTEX_POINT('',#5406);
#1293=VERTEX_POINT('',#5408);
#1294=VERTEX_POINT('',#5410);
#1295=VERTEX_POINT('',#5412);
#1296=VERTEX_POINT('',#5414);
#1297=VERTEX_POINT('',#5416);
#1298=VERTEX_POINT('',#5418);
#1299=VERTEX_POINT('',#5420);
#1300=VERTEX_POINT('',#5422);
#1301=VERTEX_POINT('',#5424);
#1302=VERTEX_POINT('',#5426);
#1303=VERTEX_POINT('',#5428);
#1304=VERTEX_POINT('',#5430);
#1305=VERTEX_POINT('',#5432);
#1306=VERTEX_POINT('',#5434);
#1307=VERTEX_POINT('',#5436);
#1308=VERTEX_POINT('',#5438);
#1309=VERTEX_POINT('',#5440);
#1310=VERTEX_POINT('',#5442);
#1311=VERTEX_POINT('',#5444);
#1312=VERTEX_POINT('',#5446);
#1313=VERTEX_POINT('',#5448);
#1314=VERTEX_POINT('',#5450);
#1315=VERTEX_POINT('',#5452);
#1316=VERTEX_POINT('',#5454);
#1317=VERTEX_POINT('',#5456);
#1318=VERTEX_POINT('',#5458);
#1319=VERTEX_POINT('',#5460);
#1320=VERTEX_POINT('',#5462);
#1321=VERTEX_POINT('',#5464);
#1322=VERTEX_POINT('',#5466);
#1323=VERTEX_POINT('',#5468);
#1324=VERTEX_POINT('',#5470);
#1325=VERTEX_POINT('',#5472);
#1326=VERTEX_POINT('',#5474);
#1327=VERTEX_POINT('',#5476);
#1328=VERTEX_POINT('',#5478);
#1329=VERTEX_POINT('',#5480);
#1330=VERTEX_POINT('',#5482);
#1331=VERTEX_POINT('',#5484);
#1332=VERTEX_POINT('',#5486);
#1333=VERTEX_POINT('',#5488);
#1334=VERTEX_POINT('',#5490);
#1335=VERTEX_POINT('',#5492);
#1336=VERTEX_POINT('',#5494);
#1337=VERTEX_POINT('',#5496);
#1338=VERTEX_POINT('',#5498);
#1339=VERTEX_POINT('',#5500);
#1340=VERTEX_POINT('',#5502);
#1341=VERTEX_POINT('',#5504);
#1342=VERTEX_POINT('',#5506);
#1343=VERTEX_POINT('',#5508);
#1344=VERTEX_POINT('',#5510);
#1345=VERTEX_POINT('',#5512);
#1346=VERTEX_POINT('',#5514);
#1347=VERTEX_POINT('',#5516);
#1348=VERTEX_POINT('',#5518);
#1349=VERTEX_POINT('',#5520);
#1350=VERTEX_POINT('',#5522);
#1351=VERTEX_POINT('',#5524);
#1352=VERTEX_POINT('',#5526);
#1353=VERTEX_POINT('',#5528);
#1354=VERTEX_POINT('',#5530);
#1355=VERTEX_POINT('',#5532);
#1356=VERTEX_POINT('',#5534);
#1357=VERTEX_POINT('',#5536);
#1358=VERTEX_POINT('',#5538);
#1359=VERTEX_POINT('',#5540);
#1360=VERTEX_POINT('',#5542);
#1361=VERTEX_POINT('',#5544);
#1362=VERTEX_POINT('',#5546);
#1363=VERTEX_POINT('',#5548);
#1364=VERTEX_POINT('',#5550);
#1365=VERTEX_POINT('',#5554);
#1366=VERTEX_POINT('',#5558);
#1367=VERTEX_POINT('',#5562);
#1368=VERTEX_POINT('',#5564);
#1369=VERTEX_POINT('',#5566);
#1370=VERTEX_POINT('',#5568);
#1371=VERTEX_POINT('',#5570);
#1372=VERTEX_POINT('',#5572);
#1373=VERTEX_POINT('',#5574);
#1374=VERTEX_POINT('',#5576);
#1375=VERTEX_POINT('',#5578);
#1376=VERTEX_POINT('',#5580);
#1377=VERTEX_POINT('',#5582);
#1378=VERTEX_POINT('',#5584);
#1379=VERTEX_POINT('',#5586);
#1380=VERTEX_POINT('',#5588);
#1381=VERTEX_POINT('',#5590);
#1382=VERTEX_POINT('',#5592);
#1383=VERTEX_POINT('',#5594);
#1384=VERTEX_POINT('',#5596);
#1385=VERTEX_POINT('',#5598);
#1386=VERTEX_POINT('',#5600);
#1387=VERTEX_POINT('',#5602);
#1388=VERTEX_POINT('',#5604);
#1389=VERTEX_POINT('',#5606);
#1390=VERTEX_POINT('',#5608);
#1391=VERTEX_POINT('',#5610);
#1392=VERTEX_POINT('',#5612);
#1393=VERTEX_POINT('',#5614);
#1394=VERTEX_POINT('',#5616);
#1395=VERTEX_POINT('',#5618);
#1396=VERTEX_POINT('',#5620);
#1397=VERTEX_POINT('',#5622);
#1398=VERTEX_POINT('',#5624);
#1399=VERTEX_POINT('',#5626);
#1400=VERTEX_POINT('',#5628);
#1401=VERTEX_POINT('',#5630);
#1402=VERTEX_POINT('',#5632);
#1403=VERTEX_POINT('',#5634);
#1404=VERTEX_POINT('',#5636);
#1405=VERTEX_POINT('',#5638);
#1406=VERTEX_POINT('',#5640);
#1407=VERTEX_POINT('',#5642);
#1408=VERTEX_POINT('',#5644);
#1409=VERTEX_POINT('',#5646);
#1410=VERTEX_POINT('',#5648);
#1411=VERTEX_POINT('',#5650);
#1412=VERTEX_POINT('',#5652);
#1413=VERTEX_POINT('',#5654);
#1414=VERTEX_POINT('',#5656);
#1415=VERTEX_POINT('',#5658);
#1416=VERTEX_POINT('',#5660);
#1417=VERTEX_POINT('',#5662);
#1418=VERTEX_POINT('',#5664);
#1419=VERTEX_POINT('',#5666);
#1420=VERTEX_POINT('',#5668);
#1421=VERTEX_POINT('',#5670);
#1422=VERTEX_POINT('',#5672);
#1423=VERTEX_POINT('',#5674);
#1424=VERTEX_POINT('',#5676);
#1425=VERTEX_POINT('',#5678);
#1426=VERTEX_POINT('',#5680);
#1427=VERTEX_POINT('',#5682);
#1428=VERTEX_POINT('',#5684);
#1429=VERTEX_POINT('',#5686);
#1430=VERTEX_POINT('',#5688);
#1431=VERTEX_POINT('',#5690);
#1432=VERTEX_POINT('',#5692);
#1433=VERTEX_POINT('',#5694);
#1434=VERTEX_POINT('',#5696);
#1435=VERTEX_POINT('',#5698);
#1436=VERTEX_POINT('',#5700);
#1437=VERTEX_POINT('',#5702);
#1438=VERTEX_POINT('',#5704);
#1439=VERTEX_POINT('',#5706);
#1440=VERTEX_POINT('',#5708);
#1441=VERTEX_POINT('',#5710);
#1442=VERTEX_POINT('',#5712);
#1443=VERTEX_POINT('',#5714);
#1444=VERTEX_POINT('',#5716);
#1445=VERTEX_POINT('',#5718);
#1446=VERTEX_POINT('',#5720);
#1447=VERTEX_POINT('',#5722);
#1448=VERTEX_POINT('',#5724);
#1449=VERTEX_POINT('',#5726);
#1450=VERTEX_POINT('',#5728);
#1451=VERTEX_POINT('',#5730);
#1452=VERTEX_POINT('',#5732);
#1453=VERTEX_POINT('',#5734);
#1454=VERTEX_POINT('',#5736);
#1455=VERTEX_POINT('',#5738);
#1456=VERTEX_POINT('',#5740);
#1457=VERTEX_POINT('',#5742);
#1458=VERTEX_POINT('',#5744);
#1459=VERTEX_POINT('',#5746);
#1460=VERTEX_POINT('',#5748);
#1461=VERTEX_POINT('',#5750);
#1462=VERTEX_POINT('',#5752);
#1463=VERTEX_POINT('',#5754);
#1464=VERTEX_POINT('',#5756);
#1465=VERTEX_POINT('',#5758);
#1466=VERTEX_POINT('',#5760);
#1467=VERTEX_POINT('',#5762);
#1468=VERTEX_POINT('',#5764);
#1469=VERTEX_POINT('',#5766);
#1470=VERTEX_POINT('',#5768);
#1471=VERTEX_POINT('',#5770);
#1472=VERTEX_POINT('',#5772);
#1473=VERTEX_POINT('',#5774);
#1474=VERTEX_POINT('',#5776);
#1475=VERTEX_POINT('',#5778);
#1476=VERTEX_POINT('',#5780);
#1477=VERTEX_POINT('',#5782);
#1478=VERTEX_POINT('',#5784);
#1479=VERTEX_POINT('',#5786);
#1480=VERTEX_POINT('',#5788);
#1481=VERTEX_POINT('',#5790);
#1482=VERTEX_POINT('',#5792);
#1483=VERTEX_POINT('',#5794);
#1484=VERTEX_POINT('',#5796);
#1485=VERTEX_POINT('',#5798);
#1486=VERTEX_POINT('',#5800);
#1487=VERTEX_POINT('',#5802);
#1488=VERTEX_POINT('',#5804);
#1489=VERTEX_POINT('',#5806);
#1490=VERTEX_POINT('',#5808);
#1491=VERTEX_POINT('',#5810);
#1492=VERTEX_POINT('',#5812);
#1493=VERTEX_POINT('',#5814);
#1494=VERTEX_POINT('',#5816);
#1495=VERTEX_POINT('',#5818);
#1496=VERTEX_POINT('',#5820);
#1497=VERTEX_POINT('',#5822);
#1498=VERTEX_POINT('',#5824);
#1499=VERTEX_POINT('',#5826);
#1500=VERTEX_POINT('',#5828);
#1501=VERTEX_POINT('',#5830);
#1502=VERTEX_POINT('',#5832);
#1503=VERTEX_POINT('',#5834);
#1504=VERTEX_POINT('',#5836);
#1505=VERTEX_POINT('',#5838);
#1506=VERTEX_POINT('',#5840);
#1507=VERTEX_POINT('',#5842);
#1508=VERTEX_POINT('',#5844);
#1509=VERTEX_POINT('',#5846);
#1510=VERTEX_POINT('',#5848);
#1511=VERTEX_POINT('',#5850);
#1512=VERTEX_POINT('',#5852);
#1513=VERTEX_POINT('',#5854);
#1514=VERTEX_POINT('',#5856);
#1515=VERTEX_POINT('',#5858);
#1516=VERTEX_POINT('',#5860);
#1517=VERTEX_POINT('',#5862);
#1518=VERTEX_POINT('',#5864);
#1519=VERTEX_POINT('',#5866);
#1520=VERTEX_POINT('',#6171);
#1521=VERTEX_POINT('',#6173);
#1522=VERTEX_POINT('',#6178);
#1523=VERTEX_POINT('',#6179);
#1524=VERTEX_POINT('',#6181);
#1525=VERTEX_POINT('',#6183);
#1526=VERTEX_POINT('',#6187);
#1527=VERTEX_POINT('',#6189);
#1528=VERTEX_POINT('',#6193);
#1529=VERTEX_POINT('',#6195);
#1530=VERTEX_POINT('',#6203);
#1531=VERTEX_POINT('',#6204);
#1532=VERTEX_POINT('',#6206);
#1533=VERTEX_POINT('',#6208);
#1534=VERTEX_POINT('',#6212);
#1535=VERTEX_POINT('',#6213);
#1536=VERTEX_POINT('',#6215);
#1537=VERTEX_POINT('',#6217);
#1538=VERTEX_POINT('',#6221);
#1539=VERTEX_POINT('',#6222);
#1540=VERTEX_POINT('',#6227);
#1541=VERTEX_POINT('',#6228);
#1542=VERTEX_POINT('',#6238);
#1543=VERTEX_POINT('',#6239);
#1544=VERTEX_POINT('',#6241);
#1545=VERTEX_POINT('',#6243);
#1546=VERTEX_POINT('',#6247);
#1547=VERTEX_POINT('',#6252);
#1548=VERTEX_POINT('',#6253);
#1549=VERTEX_POINT('',#6256);
#1550=VERTEX_POINT('',#6260);
#1551=VERTEX_POINT('',#6266);
#1552=VERTEX_POINT('',#6268);
#1553=VERTEX_POINT('',#6270);
#1554=VERTEX_POINT('',#6274);
#1555=VERTEX_POINT('',#6275);
#1556=VERTEX_POINT('',#6277);
#1557=VERTEX_POINT('',#6279);
#1558=VERTEX_POINT('',#6281);
#1559=VERTEX_POINT('',#6284);
#1560=VERTEX_POINT('',#6288);
#1561=VERTEX_POINT('',#6290);
#1562=VERTEX_POINT('',#6301);
#1563=VERTEX_POINT('',#6305);
#1564=EDGE_CURVE('',#1204,#1205,#718,.T.);
#1565=EDGE_CURVE('',#1206,#1204,#420,.T.);
#1566=EDGE_CURVE('',#1207,#1206,#719,.T.);
#1567=EDGE_CURVE('',#1205,#1207,#421,.T.);
#1568=EDGE_CURVE('',#1206,#1208,#720,.T.);
#1569=EDGE_CURVE('',#1208,#1209,#721,.T.);
#1570=EDGE_CURVE('',#1209,#1207,#722,.T.);
#1571=EDGE_CURVE('',#1204,#1210,#422,.T.);
#1572=EDGE_CURVE('',#1210,#1211,#423,.T.);
#1573=EDGE_CURVE('',#1211,#1212,#424,.T.);
#1574=EDGE_CURVE('',#1212,#1213,#425,.T.);
#1575=EDGE_CURVE('',#1213,#1214,#426,.T.);
#1576=EDGE_CURVE('',#1214,#1215,#427,.T.);
#1577=EDGE_CURVE('',#1215,#1216,#428,.T.);
#1578=EDGE_CURVE('',#1216,#1217,#429,.T.);
#1579=EDGE_CURVE('',#1217,#1218,#430,.T.);
#1580=EDGE_CURVE('',#1218,#1219,#431,.T.);
#1581=EDGE_CURVE('',#1219,#1220,#432,.T.);
#1582=EDGE_CURVE('',#1220,#1221,#433,.T.);
#1583=EDGE_CURVE('',#1221,#1222,#723,.T.);
#1584=EDGE_CURVE('',#1223,#1222,#724,.T.);
#1585=EDGE_CURVE('',#1224,#1223,#725,.T.);
#1586=EDGE_CURVE('',#1225,#1224,#726,.T.);
#1587=EDGE_CURVE('',#1225,#1226,#434,.T.);
#1588=EDGE_CURVE('',#1226,#1227,#435,.T.);
#1589=EDGE_CURVE('',#1227,#1228,#436,.T.);
#1590=EDGE_CURVE('',#1229,#1228,#727,.T.);
#1591=EDGE_CURVE('',#1229,#1230,#437,.T.);
#1592=EDGE_CURVE('',#1230,#1231,#438,.T.);
#1593=EDGE_CURVE('',#1231,#1232,#439,.T.);
#1594=EDGE_CURVE('',#1232,#1233,#440,.T.);
#1595=EDGE_CURVE('',#1233,#1234,#441,.T.);
#1596=EDGE_CURVE('',#1234,#1235,#442,.T.);
#1597=EDGE_CURVE('',#1235,#1236,#443,.T.);
#1598=EDGE_CURVE('',#1236,#1237,#444,.T.);
#1599=EDGE_CURVE('',#1237,#1238,#445,.T.);
#1600=EDGE_CURVE('',#1238,#1239,#446,.T.);
#1601=EDGE_CURVE('',#1239,#1240,#447,.T.);
#1602=EDGE_CURVE('',#1240,#1241,#448,.T.);
#1603=EDGE_CURVE('',#1241,#1242,#449,.T.);
#1604=EDGE_CURVE('',#1242,#1243,#450,.T.);
#1605=EDGE_CURVE('',#1243,#1244,#451,.T.);
#1606=EDGE_CURVE('',#1244,#1245,#452,.T.);
#1607=EDGE_CURVE('',#1245,#1246,#453,.T.);
#1608=EDGE_CURVE('',#1246,#1247,#454,.T.);
#1609=EDGE_CURVE('',#1247,#1248,#455,.T.);
#1610=EDGE_CURVE('',#1248,#1249,#456,.T.);
#1611=EDGE_CURVE('',#1249,#1250,#457,.T.);
#1612=EDGE_CURVE('',#1250,#1251,#458,.T.);
#1613=EDGE_CURVE('',#1251,#1252,#459,.T.);
#1614=EDGE_CURVE('',#1252,#1253,#460,.T.);
#1615=EDGE_CURVE('',#1253,#1254,#461,.T.);
#1616=EDGE_CURVE('',#1254,#1255,#462,.T.);
#1617=EDGE_CURVE('',#1255,#1256,#463,.T.);
#1618=EDGE_CURVE('',#1256,#1257,#464,.T.);
#1619=EDGE_CURVE('',#1257,#1258,#465,.T.);
#1620=EDGE_CURVE('',#1258,#1259,#466,.T.);
#1621=EDGE_CURVE('',#1259,#1260,#467,.T.);
#1622=EDGE_CURVE('',#1260,#1261,#468,.T.);
#1623=EDGE_CURVE('',#1261,#1262,#469,.T.);
#1624=EDGE_CURVE('',#1262,#1263,#470,.T.);
#1625=EDGE_CURVE('',#1264,#1263,#728,.T.);
#1626=EDGE_CURVE('',#1264,#1265,#471,.T.);
#1627=EDGE_CURVE('',#1265,#1266,#472,.T.);
#1628=EDGE_CURVE('',#1266,#1267,#473,.T.);
#1629=EDGE_CURVE('',#1267,#1268,#474,.T.);
#1630=EDGE_CURVE('',#1268,#1269,#475,.T.);
#1631=EDGE_CURVE('',#1269,#1270,#476,.T.);
#1632=EDGE_CURVE('',#1270,#1271,#477,.T.);
#1633=EDGE_CURVE('',#1271,#1272,#478,.T.);
#1634=EDGE_CURVE('',#1272,#1273,#479,.T.);
#1635=EDGE_CURVE('',#1273,#1274,#480,.T.);
#1636=EDGE_CURVE('',#1274,#1275,#481,.T.);
#1637=EDGE_CURVE('',#1275,#1276,#482,.T.);
#1638=EDGE_CURVE('',#1276,#1277,#483,.T.);
#1639=EDGE_CURVE('',#1277,#1278,#484,.T.);
#1640=EDGE_CURVE('',#1278,#1279,#485,.T.);
#1641=EDGE_CURVE('',#1279,#1280,#486,.T.);
#1642=EDGE_CURVE('',#1280,#1281,#487,.T.);
#1643=EDGE_CURVE('',#1281,#1282,#488,.T.);
#1644=EDGE_CURVE('',#1282,#1283,#489,.T.);
#1645=EDGE_CURVE('',#1283,#1284,#490,.T.);
#1646=EDGE_CURVE('',#1284,#1285,#491,.T.);
#1647=EDGE_CURVE('',#1285,#1286,#492,.T.);
#1648=EDGE_CURVE('',#1286,#1287,#493,.T.);
#1649=EDGE_CURVE('',#1287,#1288,#494,.T.);
#1650=EDGE_CURVE('',#1288,#1289,#495,.T.);
#1651=EDGE_CURVE('',#1289,#1290,#496,.T.);
#1652=EDGE_CURVE('',#1290,#1291,#497,.T.);
#1653=EDGE_CURVE('',#1291,#1292,#498,.T.);
#1654=EDGE_CURVE('',#1292,#1293,#499,.T.);
#1655=EDGE_CURVE('',#1293,#1294,#500,.T.);
#1656=EDGE_CURVE('',#1294,#1295,#501,.T.);
#1657=EDGE_CURVE('',#1295,#1296,#502,.T.);
#1658=EDGE_CURVE('',#1296,#1297,#503,.T.);
#1659=EDGE_CURVE('',#1297,#1298,#504,.T.);
#1660=EDGE_CURVE('',#1299,#1298,#729,.T.);
#1661=EDGE_CURVE('',#1299,#1300,#505,.T.);
#1662=EDGE_CURVE('',#1300,#1301,#506,.T.);
#1663=EDGE_CURVE('',#1301,#1302,#507,.T.);
#1664=EDGE_CURVE('',#1302,#1303,#508,.T.);
#1665=EDGE_CURVE('',#1303,#1304,#509,.T.);
#1666=EDGE_CURVE('',#1304,#1305,#510,.T.);
#1667=EDGE_CURVE('',#1305,#1306,#511,.T.);
#1668=EDGE_CURVE('',#1306,#1307,#512,.T.);
#1669=EDGE_CURVE('',#1307,#1308,#513,.T.);
#1670=EDGE_CURVE('',#1308,#1309,#514,.T.);
#1671=EDGE_CURVE('',#1309,#1310,#515,.T.);
#1672=EDGE_CURVE('',#1310,#1311,#516,.T.);
#1673=EDGE_CURVE('',#1311,#1312,#517,.T.);
#1674=EDGE_CURVE('',#1312,#1313,#518,.T.);
#1675=EDGE_CURVE('',#1313,#1314,#519,.T.);
#1676=EDGE_CURVE('',#1314,#1315,#520,.T.);
#1677=EDGE_CURVE('',#1315,#1316,#521,.T.);
#1678=EDGE_CURVE('',#1316,#1317,#522,.T.);
#1679=EDGE_CURVE('',#1317,#1318,#523,.T.);
#1680=EDGE_CURVE('',#1318,#1319,#524,.T.);
#1681=EDGE_CURVE('',#1319,#1320,#525,.T.);
#1682=EDGE_CURVE('',#1320,#1321,#526,.T.);
#1683=EDGE_CURVE('',#1321,#1322,#527,.T.);
#1684=EDGE_CURVE('',#1322,#1323,#528,.T.);
#1685=EDGE_CURVE('',#1323,#1324,#529,.T.);
#1686=EDGE_CURVE('',#1324,#1325,#530,.T.);
#1687=EDGE_CURVE('',#1325,#1326,#531,.T.);
#1688=EDGE_CURVE('',#1326,#1327,#532,.T.);
#1689=EDGE_CURVE('',#1327,#1328,#533,.T.);
#1690=EDGE_CURVE('',#1328,#1329,#534,.T.);
#1691=EDGE_CURVE('',#1329,#1330,#535,.T.);
#1692=EDGE_CURVE('',#1330,#1331,#536,.T.);
#1693=EDGE_CURVE('',#1331,#1332,#537,.T.);
#1694=EDGE_CURVE('',#1332,#1333,#538,.T.);
#1695=EDGE_CURVE('',#1333,#1334,#539,.T.);
#1696=EDGE_CURVE('',#1334,#1335,#540,.T.);
#1697=EDGE_CURVE('',#1335,#1336,#541,.T.);
#1698=EDGE_CURVE('',#1337,#1336,#730,.T.);
#1699=EDGE_CURVE('',#1337,#1338,#542,.T.);
#1700=EDGE_CURVE('',#1338,#1339,#543,.T.);
#1701=EDGE_CURVE('',#1339,#1340,#544,.T.);
#1702=EDGE_CURVE('',#1340,#1341,#545,.T.);
#1703=EDGE_CURVE('',#1341,#1342,#546,.T.);
#1704=EDGE_CURVE('',#1342,#1343,#547,.T.);
#1705=EDGE_CURVE('',#1343,#1344,#548,.T.);
#1706=EDGE_CURVE('',#1344,#1345,#549,.T.);
#1707=EDGE_CURVE('',#1345,#1346,#550,.T.);
#1708=EDGE_CURVE('',#1346,#1347,#551,.T.);
#1709=EDGE_CURVE('',#1347,#1348,#552,.T.);
#1710=EDGE_CURVE('',#1348,#1349,#553,.T.);
#1711=EDGE_CURVE('',#1349,#1350,#554,.T.);
#1712=EDGE_CURVE('',#1350,#1351,#555,.T.);
#1713=EDGE_CURVE('',#1351,#1352,#556,.T.);
#1714=EDGE_CURVE('',#1352,#1353,#557,.T.);
#1715=EDGE_CURVE('',#1353,#1354,#558,.T.);
#1716=EDGE_CURVE('',#1354,#1355,#559,.T.);
#1717=EDGE_CURVE('',#1355,#1356,#560,.T.);
#1718=EDGE_CURVE('',#1356,#1357,#561,.T.);
#1719=EDGE_CURVE('',#1357,#1358,#562,.T.);
#1720=EDGE_CURVE('',#1358,#1359,#563,.T.);
#1721=EDGE_CURVE('',#1359,#1360,#564,.T.);
#1722=EDGE_CURVE('',#1360,#1361,#565,.T.);
#1723=EDGE_CURVE('',#1361,#1362,#566,.T.);
#1724=EDGE_CURVE('',#1362,#1363,#567,.T.);
#1725=EDGE_CURVE('',#1363,#1364,#568,.T.);
#1726=EDGE_CURVE('',#1364,#1208,#569,.T.);
#1727=EDGE_CURVE('',#1365,#1205,#570,.T.);
#1728=EDGE_CURVE('',#1210,#1365,#731,.T.);
#1729=EDGE_CURVE('',#1366,#1365,#571,.T.);
#1730=EDGE_CURVE('',#1211,#1366,#732,.T.);
#1731=EDGE_CURVE('',#1209,#1367,#572,.T.);
#1732=EDGE_CURVE('',#1367,#1368,#573,.T.);
#1733=EDGE_CURVE('',#1368,#1369,#574,.T.);
#1734=EDGE_CURVE('',#1369,#1370,#575,.T.);
#1735=EDGE_CURVE('',#1370,#1371,#576,.T.);
#1736=EDGE_CURVE('',#1371,#1372,#577,.T.);
#1737=EDGE_CURVE('',#1372,#1373,#578,.T.);
#1738=EDGE_CURVE('',#1373,#1374,#579,.T.);
#1739=EDGE_CURVE('',#1374,#1375,#580,.T.);
#1740=EDGE_CURVE('',#1375,#1376,#581,.T.);
#1741=EDGE_CURVE('',#1376,#1377,#582,.T.);
#1742=EDGE_CURVE('',#1377,#1378,#583,.T.);
#1743=EDGE_CURVE('',#1378,#1379,#584,.T.);
#1744=EDGE_CURVE('',#1379,#1380,#585,.T.);
#1745=EDGE_CURVE('',#1380,#1381,#586,.T.);
#1746=EDGE_CURVE('',#1381,#1382,#587,.T.);
#1747=EDGE_CURVE('',#1382,#1383,#588,.T.);
#1748=EDGE_CURVE('',#1383,#1384,#589,.T.);
#1749=EDGE_CURVE('',#1384,#1385,#590,.T.);
#1750=EDGE_CURVE('',#1385,#1386,#591,.T.);
#1751=EDGE_CURVE('',#1386,#1387,#592,.T.);
#1752=EDGE_CURVE('',#1387,#1388,#593,.T.);
#1753=EDGE_CURVE('',#1388,#1389,#594,.T.);
#1754=EDGE_CURVE('',#1389,#1390,#595,.T.);
#1755=EDGE_CURVE('',#1390,#1391,#596,.T.);
#1756=EDGE_CURVE('',#1391,#1392,#597,.T.);
#1757=EDGE_CURVE('',#1392,#1393,#598,.T.);
#1758=EDGE_CURVE('',#1393,#1394,#599,.T.);
#1759=EDGE_CURVE('',#1395,#1394,#733,.T.);
#1760=EDGE_CURVE('',#1395,#1396,#600,.T.);
#1761=EDGE_CURVE('',#1396,#1397,#601,.T.);
#1762=EDGE_CURVE('',#1397,#1398,#602,.T.);
#1763=EDGE_CURVE('',#1398,#1399,#603,.T.);
#1764=EDGE_CURVE('',#1399,#1400,#604,.T.);
#1765=EDGE_CURVE('',#1400,#1401,#605,.T.);
#1766=EDGE_CURVE('',#1401,#1402,#606,.T.);
#1767=EDGE_CURVE('',#1402,#1403,#607,.T.);
#1768=EDGE_CURVE('',#1403,#1404,#608,.T.);
#1769=EDGE_CURVE('',#1404,#1405,#609,.T.);
#1770=EDGE_CURVE('',#1405,#1406,#610,.T.);
#1771=EDGE_CURVE('',#1406,#1407,#611,.T.);
#1772=EDGE_CURVE('',#1407,#1408,#612,.T.);
#1773=EDGE_CURVE('',#1408,#1409,#613,.T.);
#1774=EDGE_CURVE('',#1409,#1410,#614,.T.);
#1775=EDGE_CURVE('',#1410,#1411,#615,.T.);
#1776=EDGE_CURVE('',#1411,#1412,#616,.T.);
#1777=EDGE_CURVE('',#1412,#1413,#617,.T.);
#1778=EDGE_CURVE('',#1413,#1414,#618,.T.);
#1779=EDGE_CURVE('',#1414,#1415,#619,.T.);
#1780=EDGE_CURVE('',#1415,#1416,#620,.T.);
#1781=EDGE_CURVE('',#1416,#1417,#621,.T.);
#1782=EDGE_CURVE('',#1417,#1418,#622,.T.);
#1783=EDGE_CURVE('',#1418,#1419,#623,.T.);
#1784=EDGE_CURVE('',#1419,#1420,#624,.T.);
#1785=EDGE_CURVE('',#1420,#1421,#625,.T.);
#1786=EDGE_CURVE('',#1421,#1422,#626,.T.);
#1787=EDGE_CURVE('',#1422,#1423,#627,.T.);
#1788=EDGE_CURVE('',#1423,#1424,#628,.T.);
#1789=EDGE_CURVE('',#1424,#1425,#629,.T.);
#1790=EDGE_CURVE('',#1425,#1426,#630,.T.);
#1791=EDGE_CURVE('',#1426,#1427,#631,.T.);
#1792=EDGE_CURVE('',#1427,#1428,#632,.T.);
#1793=EDGE_CURVE('',#1428,#1429,#633,.T.);
#1794=EDGE_CURVE('',#1429,#1430,#634,.T.);
#1795=EDGE_CURVE('',#1430,#1431,#635,.T.);
#1796=EDGE_CURVE('',#1431,#1432,#636,.T.);
#1797=EDGE_CURVE('',#1433,#1432,#734,.T.);
#1798=EDGE_CURVE('',#1433,#1434,#637,.T.);
#1799=EDGE_CURVE('',#1434,#1435,#638,.T.);
#1800=EDGE_CURVE('',#1435,#1436,#639,.T.);
#1801=EDGE_CURVE('',#1436,#1437,#640,.T.);
#1802=EDGE_CURVE('',#1437,#1438,#641,.T.);
#1803=EDGE_CURVE('',#1438,#1439,#642,.T.);
#1804=EDGE_CURVE('',#1439,#1440,#643,.T.);
#1805=EDGE_CURVE('',#1440,#1441,#644,.T.);
#1806=EDGE_CURVE('',#1441,#1442,#645,.T.);
#1807=EDGE_CURVE('',#1442,#1443,#646,.T.);
#1808=EDGE_CURVE('',#1443,#1444,#647,.T.);
#1809=EDGE_CURVE('',#1444,#1445,#648,.T.);
#1810=EDGE_CURVE('',#1445,#1446,#649,.T.);
#1811=EDGE_CURVE('',#1446,#1447,#650,.T.);
#1812=EDGE_CURVE('',#1447,#1448,#651,.T.);
#1813=EDGE_CURVE('',#1448,#1449,#652,.T.);
#1814=EDGE_CURVE('',#1449,#1450,#653,.T.);
#1815=EDGE_CURVE('',#1450,#1451,#654,.T.);
#1816=EDGE_CURVE('',#1451,#1452,#655,.T.);
#1817=EDGE_CURVE('',#1452,#1453,#656,.T.);
#1818=EDGE_CURVE('',#1453,#1454,#657,.T.);
#1819=EDGE_CURVE('',#1454,#1455,#658,.T.);
#1820=EDGE_CURVE('',#1455,#1456,#659,.T.);
#1821=EDGE_CURVE('',#1456,#1457,#660,.T.);
#1822=EDGE_CURVE('',#1457,#1458,#661,.T.);
#1823=EDGE_CURVE('',#1458,#1459,#662,.T.);
#1824=EDGE_CURVE('',#1459,#1460,#663,.T.);
#1825=EDGE_CURVE('',#1460,#1461,#664,.T.);
#1826=EDGE_CURVE('',#1461,#1462,#665,.T.);
#1827=EDGE_CURVE('',#1462,#1463,#666,.T.);
#1828=EDGE_CURVE('',#1463,#1464,#667,.T.);
#1829=EDGE_CURVE('',#1464,#1465,#668,.T.);
#1830=EDGE_CURVE('',#1465,#1466,#669,.T.);
#1831=EDGE_CURVE('',#1466,#1467,#670,.T.);
#1832=EDGE_CURVE('',#1468,#1467,#735,.T.);
#1833=EDGE_CURVE('',#1468,#1469,#671,.T.);
#1834=EDGE_CURVE('',#1469,#1470,#672,.T.);
#1835=EDGE_CURVE('',#1470,#1471,#673,.T.);
#1836=EDGE_CURVE('',#1471,#1472,#674,.T.);
#1837=EDGE_CURVE('',#1472,#1473,#675,.T.);
#1838=EDGE_CURVE('',#1473,#1474,#676,.T.);
#1839=EDGE_CURVE('',#1474,#1475,#677,.T.);
#1840=EDGE_CURVE('',#1475,#1476,#678,.T.);
#1841=EDGE_CURVE('',#1476,#1477,#679,.T.);
#1842=EDGE_CURVE('',#1477,#1478,#680,.T.);
#1843=EDGE_CURVE('',#1478,#1479,#681,.T.);
#1844=EDGE_CURVE('',#1479,#1480,#682,.T.);
#1845=EDGE_CURVE('',#1480,#1481,#683,.T.);
#1846=EDGE_CURVE('',#1481,#1482,#684,.T.);
#1847=EDGE_CURVE('',#1482,#1483,#685,.T.);
#1848=EDGE_CURVE('',#1483,#1484,#686,.T.);
#1849=EDGE_CURVE('',#1484,#1485,#687,.T.);
#1850=EDGE_CURVE('',#1485,#1486,#688,.T.);
#1851=EDGE_CURVE('',#1486,#1487,#689,.T.);
#1852=EDGE_CURVE('',#1487,#1488,#690,.T.);
#1853=EDGE_CURVE('',#1488,#1489,#691,.T.);
#1854=EDGE_CURVE('',#1489,#1490,#692,.T.);
#1855=EDGE_CURVE('',#1490,#1491,#693,.T.);
#1856=EDGE_CURVE('',#1491,#1492,#694,.T.);
#1857=EDGE_CURVE('',#1492,#1493,#695,.T.);
#1858=EDGE_CURVE('',#1493,#1494,#696,.T.);
#1859=EDGE_CURVE('',#1494,#1495,#697,.T.);
#1860=EDGE_CURVE('',#1495,#1496,#698,.T.);
#1861=EDGE_CURVE('',#1496,#1497,#699,.T.);
#1862=EDGE_CURVE('',#1497,#1498,#700,.T.);
#1863=EDGE_CURVE('',#1498,#1499,#701,.T.);
#1864=EDGE_CURVE('',#1499,#1500,#702,.T.);
#1865=EDGE_CURVE('',#1500,#1501,#703,.T.);
#1866=EDGE_CURVE('',#1501,#1502,#704,.T.);
#1867=EDGE_CURVE('',#1503,#1502,#736,.T.);
#1868=EDGE_CURVE('',#1503,#1504,#705,.T.);
#1869=EDGE_CURVE('',#1504,#1505,#706,.T.);
#1870=EDGE_CURVE('',#1505,#1506,#707,.T.);
#1871=EDGE_CURVE('',#1507,#1506,#737,.T.);
#1872=EDGE_CURVE('',#1507,#1508,#738,.T.);
#1873=EDGE_CURVE('',#1509,#1508,#739,.T.);
#1874=EDGE_CURVE('',#1510,#1509,#740,.T.);
#1875=EDGE_CURVE('',#1510,#1511,#708,.T.);
#1876=EDGE_CURVE('',#1511,#1512,#709,.T.);
#1877=EDGE_CURVE('',#1512,#1513,#710,.T.);
#1878=EDGE_CURVE('',#1513,#1514,#711,.T.);
#1879=EDGE_CURVE('',#1514,#1515,#712,.T.);
#1880=EDGE_CURVE('',#1515,#1516,#713,.T.);
#1881=EDGE_CURVE('',#1516,#1517,#714,.T.);
#1882=EDGE_CURVE('',#1517,#1518,#715,.T.);
#1883=EDGE_CURVE('',#1518,#1519,#716,.T.);
#1884=EDGE_CURVE('',#1519,#1366,#717,.T.);
#1885=EDGE_CURVE('',#1212,#1519,#741,.T.);
#1886=EDGE_CURVE('',#1213,#1518,#742,.T.);
#1887=EDGE_CURVE('',#1214,#1517,#743,.T.);
#1888=EDGE_CURVE('',#1215,#1516,#744,.T.);
#1889=EDGE_CURVE('',#1216,#1515,#745,.T.);
#1890=EDGE_CURVE('',#1217,#1514,#746,.T.);
#1891=EDGE_CURVE('',#1218,#1513,#747,.T.);
#1892=EDGE_CURVE('',#1219,#1512,#748,.T.);
#1893=EDGE_CURVE('',#1220,#1511,#749,.T.);
#1894=EDGE_CURVE('',#1221,#1510,#750,.T.);
#1895=EDGE_CURVE('',#1222,#1509,#751,.T.);
#1896=EDGE_CURVE('',#1338,#1393,#752,.T.);
#1897=EDGE_CURVE('',#1394,#1337,#753,.T.);
#1898=EDGE_CURVE('',#1336,#1395,#754,.T.);
#1899=EDGE_CURVE('',#1339,#1392,#755,.T.);
#1900=EDGE_CURVE('',#1340,#1391,#756,.T.);
#1901=EDGE_CURVE('',#1341,#1390,#757,.T.);
#1902=EDGE_CURVE('',#1342,#1389,#758,.T.);
#1903=EDGE_CURVE('',#1343,#1388,#759,.T.);
#1904=EDGE_CURVE('',#1344,#1387,#760,.T.);
#1905=EDGE_CURVE('',#1345,#1386,#761,.T.);
#1906=EDGE_CURVE('',#1367,#1364,#762,.T.);
#1907=EDGE_CURVE('',#1346,#1385,#763,.T.);
#1908=EDGE_CURVE('',#1368,#1363,#764,.T.);
#1909=EDGE_CURVE('',#1369,#1362,#765,.T.);
#1910=EDGE_CURVE('',#1347,#1384,#766,.T.);
#1911=EDGE_CURVE('',#1348,#1383,#767,.T.);
#1912=EDGE_CURVE('',#1361,#1370,#768,.T.);
#1913=EDGE_CURVE('',#1349,#1382,#769,.T.);
#1914=EDGE_CURVE('',#1350,#1381,#770,.T.);
#1915=EDGE_CURVE('',#1351,#1380,#771,.T.);
#1916=EDGE_CURVE('',#1352,#1379,#772,.T.);
#1917=EDGE_CURVE('',#1353,#1378,#773,.T.);
#1918=EDGE_CURVE('',#1354,#1377,#774,.T.);
#1919=EDGE_CURVE('',#1355,#1376,#775,.T.);
#1920=EDGE_CURVE('',#1356,#1375,#776,.T.);
#1921=EDGE_CURVE('',#1357,#1374,#777,.T.);
#1922=EDGE_CURVE('',#1358,#1373,#778,.T.);
#1923=EDGE_CURVE('',#1359,#1372,#779,.T.);
#1924=EDGE_CURVE('',#1360,#1371,#780,.T.);
#1925=EDGE_CURVE('',#1432,#1299,#781,.T.);
#1926=EDGE_CURVE('',#1300,#1431,#782,.T.);
#1927=EDGE_CURVE('',#1301,#1430,#783,.T.);
#1928=EDGE_CURVE('',#1298,#1433,#784,.T.);
#1929=EDGE_CURVE('',#1302,#1429,#785,.T.);
#1930=EDGE_CURVE('',#1303,#1428,#786,.T.);
#1931=EDGE_CURVE('',#1304,#1427,#787,.T.);
#1932=EDGE_CURVE('',#1305,#1426,#788,.T.);
#1933=EDGE_CURVE('',#1306,#1425,#789,.T.);
#1934=EDGE_CURVE('',#1307,#1424,#790,.T.);
#1935=EDGE_CURVE('',#1308,#1423,#791,.T.);
#1936=EDGE_CURVE('',#1309,#1422,#792,.T.);
#1937=EDGE_CURVE('',#1310,#1421,#793,.T.);
#1938=EDGE_CURVE('',#1311,#1420,#794,.T.);
#1939=EDGE_CURVE('',#1312,#1419,#795,.T.);
#1940=EDGE_CURVE('',#1313,#1418,#796,.T.);
#1941=EDGE_CURVE('',#1314,#1417,#797,.T.);
#1942=EDGE_CURVE('',#1315,#1416,#798,.T.);
#1943=EDGE_CURVE('',#1316,#1415,#799,.T.);
#1944=EDGE_CURVE('',#1317,#1414,#800,.T.);
#1945=EDGE_CURVE('',#1318,#1413,#801,.T.);
#1946=EDGE_CURVE('',#1319,#1412,#802,.T.);
#1947=EDGE_CURVE('',#1320,#1411,#803,.T.);
#1948=EDGE_CURVE('',#1321,#1410,#804,.T.);
#1949=EDGE_CURVE('',#1322,#1409,#805,.T.);
#1950=EDGE_CURVE('',#1323,#1408,#806,.T.);
#1951=EDGE_CURVE('',#1324,#1407,#807,.T.);
#1952=EDGE_CURVE('',#1325,#1406,#808,.T.);
#1953=EDGE_CURVE('',#1326,#1405,#809,.T.);
#1954=EDGE_CURVE('',#1327,#1404,#810,.T.);
#1955=EDGE_CURVE('',#1328,#1403,#811,.T.);
#1956=EDGE_CURVE('',#1329,#1402,#812,.T.);
#1957=EDGE_CURVE('',#1330,#1401,#813,.T.);
#1958=EDGE_CURVE('',#1331,#1400,#814,.T.);
#1959=EDGE_CURVE('',#1332,#1399,#815,.T.);
#1960=EDGE_CURVE('',#1333,#1398,#816,.T.);
#1961=EDGE_CURVE('',#1334,#1397,#817,.T.);
#1962=EDGE_CURVE('',#1335,#1396,#818,.T.);
#1963=EDGE_CURVE('',#1265,#1466,#819,.T.);
#1964=EDGE_CURVE('',#1467,#1264,#820,.T.);
#1965=EDGE_CURVE('',#1263,#1468,#821,.T.);
#1966=EDGE_CURVE('',#1266,#1465,#822,.T.);
#1967=EDGE_CURVE('',#1267,#1464,#823,.T.);
#1968=EDGE_CURVE('',#1268,#1463,#824,.T.);
#1969=EDGE_CURVE('',#1269,#1462,#825,.T.);
#1970=EDGE_CURVE('',#1270,#1461,#826,.T.);
#1971=EDGE_CURVE('',#1271,#1460,#827,.T.);
#1972=EDGE_CURVE('',#1272,#1459,#828,.T.);
#1973=EDGE_CURVE('',#1273,#1458,#829,.T.);
#1974=EDGE_CURVE('',#1274,#1457,#830,.T.);
#1975=EDGE_CURVE('',#1275,#1456,#831,.T.);
#1976=EDGE_CURVE('',#1276,#1455,#832,.T.);
#1977=EDGE_CURVE('',#1277,#1454,#833,.T.);
#1978=EDGE_CURVE('',#1278,#1453,#834,.T.);
#1979=EDGE_CURVE('',#1279,#1452,#835,.T.);
#1980=EDGE_CURVE('',#1280,#1451,#836,.T.);
#1981=EDGE_CURVE('',#1281,#1450,#837,.T.);
#1982=EDGE_CURVE('',#1282,#1449,#838,.T.);
#1983=EDGE_CURVE('',#1283,#1448,#839,.T.);
#1984=EDGE_CURVE('',#1284,#1447,#840,.T.);
#1985=EDGE_CURVE('',#1285,#1446,#841,.T.);
#1986=EDGE_CURVE('',#1286,#1445,#842,.T.);
#1987=EDGE_CURVE('',#1287,#1444,#843,.T.);
#1988=EDGE_CURVE('',#1288,#1443,#844,.T.);
#1989=EDGE_CURVE('',#1289,#1442,#845,.T.);
#1990=EDGE_CURVE('',#1290,#1441,#846,.T.);
#1991=EDGE_CURVE('',#1291,#1440,#847,.T.);
#1992=EDGE_CURVE('',#1292,#1439,#848,.T.);
#1993=EDGE_CURVE('',#1293,#1438,#849,.T.);
#1994=EDGE_CURVE('',#1294,#1437,#850,.T.);
#1995=EDGE_CURVE('',#1295,#1436,#851,.T.);
#1996=EDGE_CURVE('',#1296,#1435,#852,.T.);
#1997=EDGE_CURVE('',#1297,#1434,#853,.T.);
#1998=EDGE_CURVE('',#1244,#1487,#854,.T.);
#1999=EDGE_CURVE('',#1488,#1243,#855,.T.);
#2000=EDGE_CURVE('',#1489,#1242,#856,.T.);
#2001=EDGE_CURVE('',#1245,#1486,#857,.T.);
#2002=EDGE_CURVE('',#1490,#1241,#858,.T.);
#2003=EDGE_CURVE('',#1491,#1240,#859,.T.);
#2004=EDGE_CURVE('',#1492,#1239,#860,.T.);
#2005=EDGE_CURVE('',#1246,#1485,#861,.T.);
#2006=EDGE_CURVE('',#1493,#1238,#862,.T.);
#2007=EDGE_CURVE('',#1247,#1484,#863,.T.);
#2008=EDGE_CURVE('',#1494,#1237,#864,.T.);
#2009=EDGE_CURVE('',#1248,#1483,#865,.T.);
#2010=EDGE_CURVE('',#1495,#1236,#866,.T.);
#2011=EDGE_CURVE('',#1249,#1482,#867,.T.);
#2012=EDGE_CURVE('',#1496,#1235,#868,.T.);
#2013=EDGE_CURVE('',#1250,#1481,#869,.T.);
#2014=EDGE_CURVE('',#1497,#1234,#870,.T.);
#2015=EDGE_CURVE('',#1251,#1480,#871,.T.);
#2016=EDGE_CURVE('',#1498,#1233,#872,.T.);
#2017=EDGE_CURVE('',#1252,#1479,#873,.T.);
#2018=EDGE_CURVE('',#1499,#1232,#874,.T.);
#2019=EDGE_CURVE('',#1253,#1478,#875,.T.);
#2020=EDGE_CURVE('',#1500,#1231,#876,.T.);
#2021=EDGE_CURVE('',#1254,#1477,#877,.T.);
#2022=EDGE_CURVE('',#1501,#1230,#878,.T.);
#2023=EDGE_CURVE('',#1255,#1476,#879,.T.);
#2024=EDGE_CURVE('',#1502,#1229,#880,.T.);
#2025=EDGE_CURVE('',#1256,#1475,#881,.T.);
#2026=EDGE_CURVE('',#1228,#1503,#882,.T.);
#2027=EDGE_CURVE('',#1257,#1474,#883,.T.);
#2028=EDGE_CURVE('',#1258,#1473,#884,.T.);
#2029=EDGE_CURVE('',#1259,#1472,#885,.T.);
#2030=EDGE_CURVE('',#1260,#1471,#886,.T.);
#2031=EDGE_CURVE('',#1261,#1470,#887,.T.);
#2032=EDGE_CURVE('',#1262,#1469,#888,.T.);
#2033=EDGE_CURVE('',#1506,#1225,#889,.T.);
#2034=EDGE_CURVE('',#1226,#1505,#890,.T.);
#2035=EDGE_CURVE('',#1227,#1504,#891,.T.);
#2036=EDGE_CURVE('',#1224,#1520,#892,.T.);
#2037=EDGE_CURVE('',#1520,#1521,#893,.T.);
#2038=EDGE_CURVE('',#1521,#1507,#894,.T.);
#2039=EDGE_CURVE('',#1522,#1523,#895,.T.);
#2040=EDGE_CURVE('',#1524,#1522,#896,.T.);
#2041=EDGE_CURVE('',#1525,#1524,#897,.T.);
#2042=EDGE_CURVE('',#1523,#1525,#898,.T.);
#2043=EDGE_CURVE('',#1523,#1526,#899,.T.);
#2044=EDGE_CURVE('',#1525,#1527,#900,.T.);
#2045=EDGE_CURVE('',#1527,#1526,#901,.T.);
#2046=EDGE_CURVE('',#1526,#1528,#902,.T.);
#2047=EDGE_CURVE('',#1529,#1527,#903,.T.);
#2048=EDGE_CURVE('',#1528,#1529,#904,.T.);
#2049=EDGE_CURVE('',#1524,#1529,#905,.T.);
#2050=EDGE_CURVE('',#1528,#1522,#906,.T.);
#2051=EDGE_CURVE('',#1530,#1531,#907,.T.);
#2052=EDGE_CURVE('',#1530,#1532,#908,.T.);
#2053=EDGE_CURVE('',#1533,#1532,#909,.T.);
#2054=EDGE_CURVE('',#1531,#1533,#910,.T.);
#2055=EDGE_CURVE('',#1534,#1535,#911,.T.);
#2056=EDGE_CURVE('',#1536,#1534,#912,.T.);
#2057=EDGE_CURVE('',#1537,#1536,#913,.T.);
#2058=EDGE_CURVE('',#1537,#1535,#914,.T.);
#2059=EDGE_CURVE('',#1538,#1539,#915,.T.);
#2060=EDGE_CURVE('',#1539,#1537,#916,.T.);
#2061=EDGE_CURVE('',#1536,#1538,#917,.T.);
#2062=EDGE_CURVE('',#1540,#1541,#918,.T.);
#2063=EDGE_CURVE('',#1541,#1533,#919,.T.);
#2064=EDGE_CURVE('',#1532,#1540,#920,.T.);
#2065=EDGE_CURVE('',#1531,#1534,#921,.T.);
#2066=EDGE_CURVE('',#1538,#1541,#922,.T.);
#2067=EDGE_CURVE('',#1539,#1540,#923,.T.);
#2068=EDGE_CURVE('',#1542,#1543,#924,.T.);
#2069=EDGE_CURVE('',#1544,#1542,#925,.T.);
#2070=EDGE_CURVE('',#1545,#1544,#926,.T.);
#2071=EDGE_CURVE('',#1545,#1543,#927,.T.);
#2072=EDGE_CURVE('',#1546,#1534,#928,.T.);
#2073=EDGE_CURVE('',#1535,#1545,#929,.T.);
#2074=EDGE_CURVE('',#1544,#1546,#930,.T.);
#2075=EDGE_CURVE('',#1547,#1548,#931,.T.);
#2076=EDGE_CURVE('',#1547,#1530,#932,.T.);
#2077=EDGE_CURVE('',#1531,#1549,#933,.T.);
#2078=EDGE_CURVE('',#1549,#1548,#934,.T.);
#2079=EDGE_CURVE('',#1548,#1550,#935,.T.);
#2080=EDGE_CURVE('',#1546,#1549,#936,.T.);
#2081=EDGE_CURVE('',#1550,#1542,#937,.T.);
#2082=EDGE_CURVE('',#1551,#1550,#938,.T.);
#2083=EDGE_CURVE('',#1551,#1552,#939,.T.);
#2084=EDGE_CURVE('',#1553,#1552,#940,.T.);
#2085=EDGE_CURVE('',#1547,#1553,#941,.T.);
#2086=EDGE_CURVE('',#1554,#1555,#942,.T.);
#2087=EDGE_CURVE('',#1556,#1554,#943,.T.);
#2088=EDGE_CURVE('',#1557,#1556,#944,.T.);
#2089=EDGE_CURVE('',#1557,#1558,#945,.T.);
#2090=EDGE_CURVE('',#1558,#1553,#946,.T.);
#2091=EDGE_CURVE('',#1552,#1559,#947,.T.);
#2092=EDGE_CURVE('',#1559,#1555,#948,.T.);
#2093=EDGE_CURVE('',#1543,#1560,#949,.T.);
#2094=EDGE_CURVE('',#1560,#1561,#950,.T.);
#2095=EDGE_CURVE('',#1561,#1551,#951,.T.);
#2096=EDGE_CURVE('',#1561,#1559,#952,.T.);
#2097=EDGE_CURVE('',#1555,#1520,#953,.T.);
#2098=EDGE_CURVE('',#1560,#1558,#954,.T.);
#2099=EDGE_CURVE('',#1521,#1557,#955,.T.);
#2100=EDGE_CURVE('',#1556,#1562,#956,.T.);
#2101=EDGE_CURVE('',#1508,#1562,#957,.T.);
#2102=EDGE_CURVE('',#1554,#1563,#958,.T.);
#2103=EDGE_CURVE('',#1562,#1563,#959,.T.);
#2104=EDGE_CURVE('',#1563,#1223,#960,.T.);
#2105=ORIENTED_EDGE('',*,*,#1564,.F.);
#2106=ORIENTED_EDGE('',*,*,#1565,.F.);
#2107=ORIENTED_EDGE('',*,*,#1566,.F.);
#2108=ORIENTED_EDGE('',*,*,#1567,.F.);
#2109=ORIENTED_EDGE('',*,*,#1566,.T.);
#2110=ORIENTED_EDGE('',*,*,#1568,.T.);
#2111=ORIENTED_EDGE('',*,*,#1569,.T.);
#2112=ORIENTED_EDGE('',*,*,#1570,.T.);
#2113=ORIENTED_EDGE('',*,*,#1565,.T.);
#2114=ORIENTED_EDGE('',*,*,#1571,.T.);
#2115=ORIENTED_EDGE('',*,*,#1572,.T.);
#2116=ORIENTED_EDGE('',*,*,#1573,.T.);
#2117=ORIENTED_EDGE('',*,*,#1574,.T.);
#2118=ORIENTED_EDGE('',*,*,#1575,.T.);
#2119=ORIENTED_EDGE('',*,*,#1576,.T.);
#2120=ORIENTED_EDGE('',*,*,#1577,.T.);
#2121=ORIENTED_EDGE('',*,*,#1578,.T.);
#2122=ORIENTED_EDGE('',*,*,#1579,.T.);
#2123=ORIENTED_EDGE('',*,*,#1580,.T.);
#2124=ORIENTED_EDGE('',*,*,#1581,.T.);
#2125=ORIENTED_EDGE('',*,*,#1582,.T.);
#2126=ORIENTED_EDGE('',*,*,#1583,.T.);
#2127=ORIENTED_EDGE('',*,*,#1584,.F.);
#2128=ORIENTED_EDGE('',*,*,#1585,.F.);
#2129=ORIENTED_EDGE('',*,*,#1586,.F.);
#2130=ORIENTED_EDGE('',*,*,#1587,.T.);
#2131=ORIENTED_EDGE('',*,*,#1588,.T.);
#2132=ORIENTED_EDGE('',*,*,#1589,.T.);
#2133=ORIENTED_EDGE('',*,*,#1590,.F.);
#2134=ORIENTED_EDGE('',*,*,#1591,.T.);
#2135=ORIENTED_EDGE('',*,*,#1592,.T.);
#2136=ORIENTED_EDGE('',*,*,#1593,.T.);
#2137=ORIENTED_EDGE('',*,*,#1594,.T.);
#2138=ORIENTED_EDGE('',*,*,#1595,.T.);
#2139=ORIENTED_EDGE('',*,*,#1596,.T.);
#2140=ORIENTED_EDGE('',*,*,#1597,.T.);
#2141=ORIENTED_EDGE('',*,*,#1598,.T.);
#2142=ORIENTED_EDGE('',*,*,#1599,.T.);
#2143=ORIENTED_EDGE('',*,*,#1600,.T.);
#2144=ORIENTED_EDGE('',*,*,#1601,.T.);
#2145=ORIENTED_EDGE('',*,*,#1602,.T.);
#2146=ORIENTED_EDGE('',*,*,#1603,.T.);
#2147=ORIENTED_EDGE('',*,*,#1604,.T.);
#2148=ORIENTED_EDGE('',*,*,#1605,.T.);
#2149=ORIENTED_EDGE('',*,*,#1606,.T.);
#2150=ORIENTED_EDGE('',*,*,#1607,.T.);
#2151=ORIENTED_EDGE('',*,*,#1608,.T.);
#2152=ORIENTED_EDGE('',*,*,#1609,.T.);
#2153=ORIENTED_EDGE('',*,*,#1610,.T.);
#2154=ORIENTED_EDGE('',*,*,#1611,.T.);
#2155=ORIENTED_EDGE('',*,*,#1612,.T.);
#2156=ORIENTED_EDGE('',*,*,#1613,.T.);
#2157=ORIENTED_EDGE('',*,*,#1614,.T.);
#2158=ORIENTED_EDGE('',*,*,#1615,.T.);
#2159=ORIENTED_EDGE('',*,*,#1616,.T.);
#2160=ORIENTED_EDGE('',*,*,#1617,.T.);
#2161=ORIENTED_EDGE('',*,*,#1618,.T.);
#2162=ORIENTED_EDGE('',*,*,#1619,.T.);
#2163=ORIENTED_EDGE('',*,*,#1620,.T.);
#2164=ORIENTED_EDGE('',*,*,#1621,.T.);
#2165=ORIENTED_EDGE('',*,*,#1622,.T.);
#2166=ORIENTED_EDGE('',*,*,#1623,.T.);
#2167=ORIENTED_EDGE('',*,*,#1624,.T.);
#2168=ORIENTED_EDGE('',*,*,#1625,.F.);
#2169=ORIENTED_EDGE('',*,*,#1626,.T.);
#2170=ORIENTED_EDGE('',*,*,#1627,.T.);
#2171=ORIENTED_EDGE('',*,*,#1628,.T.);
#2172=ORIENTED_EDGE('',*,*,#1629,.T.);
#2173=ORIENTED_EDGE('',*,*,#1630,.T.);
#2174=ORIENTED_EDGE('',*,*,#1631,.T.);
#2175=ORIENTED_EDGE('',*,*,#1632,.T.);
#2176=ORIENTED_EDGE('',*,*,#1633,.T.);
#2177=ORIENTED_EDGE('',*,*,#1634,.T.);
#2178=ORIENTED_EDGE('',*,*,#1635,.T.);
#2179=ORIENTED_EDGE('',*,*,#1636,.T.);
#2180=ORIENTED_EDGE('',*,*,#1637,.T.);
#2181=ORIENTED_EDGE('',*,*,#1638,.T.);
#2182=ORIENTED_EDGE('',*,*,#1639,.T.);
#2183=ORIENTED_EDGE('',*,*,#1640,.T.);
#2184=ORIENTED_EDGE('',*,*,#1641,.T.);
#2185=ORIENTED_EDGE('',*,*,#1642,.T.);
#2186=ORIENTED_EDGE('',*,*,#1643,.T.);
#2187=ORIENTED_EDGE('',*,*,#1644,.T.);
#2188=ORIENTED_EDGE('',*,*,#1645,.T.);
#2189=ORIENTED_EDGE('',*,*,#1646,.T.);
#2190=ORIENTED_EDGE('',*,*,#1647,.T.);
#2191=ORIENTED_EDGE('',*,*,#1648,.T.);
#2192=ORIENTED_EDGE('',*,*,#1649,.T.);
#2193=ORIENTED_EDGE('',*,*,#1650,.T.);
#2194=ORIENTED_EDGE('',*,*,#1651,.T.);
#2195=ORIENTED_EDGE('',*,*,#1652,.T.);
#2196=ORIENTED_EDGE('',*,*,#1653,.T.);
#2197=ORIENTED_EDGE('',*,*,#1654,.T.);
#2198=ORIENTED_EDGE('',*,*,#1655,.T.);
#2199=ORIENTED_EDGE('',*,*,#1656,.T.);
#2200=ORIENTED_EDGE('',*,*,#1657,.T.);
#2201=ORIENTED_EDGE('',*,*,#1658,.T.);
#2202=ORIENTED_EDGE('',*,*,#1659,.T.);
#2203=ORIENTED_EDGE('',*,*,#1660,.F.);
#2204=ORIENTED_EDGE('',*,*,#1661,.T.);
#2205=ORIENTED_EDGE('',*,*,#1662,.T.);
#2206=ORIENTED_EDGE('',*,*,#1663,.T.);
#2207=ORIENTED_EDGE('',*,*,#1664,.T.);
#2208=ORIENTED_EDGE('',*,*,#1665,.T.);
#2209=ORIENTED_EDGE('',*,*,#1666,.T.);
#2210=ORIENTED_EDGE('',*,*,#1667,.T.);
#2211=ORIENTED_EDGE('',*,*,#1668,.T.);
#2212=ORIENTED_EDGE('',*,*,#1669,.T.);
#2213=ORIENTED_EDGE('',*,*,#1670,.T.);
#2214=ORIENTED_EDGE('',*,*,#1671,.T.);
#2215=ORIENTED_EDGE('',*,*,#1672,.T.);
#2216=ORIENTED_EDGE('',*,*,#1673,.T.);
#2217=ORIENTED_EDGE('',*,*,#1674,.T.);
#2218=ORIENTED_EDGE('',*,*,#1675,.T.);
#2219=ORIENTED_EDGE('',*,*,#1676,.T.);
#2220=ORIENTED_EDGE('',*,*,#1677,.T.);
#2221=ORIENTED_EDGE('',*,*,#1678,.T.);
#2222=ORIENTED_EDGE('',*,*,#1679,.T.);
#2223=ORIENTED_EDGE('',*,*,#1680,.T.);
#2224=ORIENTED_EDGE('',*,*,#1681,.T.);
#2225=ORIENTED_EDGE('',*,*,#1682,.T.);
#2226=ORIENTED_EDGE('',*,*,#1683,.T.);
#2227=ORIENTED_EDGE('',*,*,#1684,.T.);
#2228=ORIENTED_EDGE('',*,*,#1685,.T.);
#2229=ORIENTED_EDGE('',*,*,#1686,.T.);
#2230=ORIENTED_EDGE('',*,*,#1687,.T.);
#2231=ORIENTED_EDGE('',*,*,#1688,.T.);
#2232=ORIENTED_EDGE('',*,*,#1689,.T.);
#2233=ORIENTED_EDGE('',*,*,#1690,.T.);
#2234=ORIENTED_EDGE('',*,*,#1691,.T.);
#2235=ORIENTED_EDGE('',*,*,#1692,.T.);
#2236=ORIENTED_EDGE('',*,*,#1693,.T.);
#2237=ORIENTED_EDGE('',*,*,#1694,.T.);
#2238=ORIENTED_EDGE('',*,*,#1695,.T.);
#2239=ORIENTED_EDGE('',*,*,#1696,.T.);
#2240=ORIENTED_EDGE('',*,*,#1697,.T.);
#2241=ORIENTED_EDGE('',*,*,#1698,.F.);
#2242=ORIENTED_EDGE('',*,*,#1699,.T.);
#2243=ORIENTED_EDGE('',*,*,#1700,.T.);
#2244=ORIENTED_EDGE('',*,*,#1701,.T.);
#2245=ORIENTED_EDGE('',*,*,#1702,.T.);
#2246=ORIENTED_EDGE('',*,*,#1703,.T.);
#2247=ORIENTED_EDGE('',*,*,#1704,.T.);
#2248=ORIENTED_EDGE('',*,*,#1705,.T.);
#2249=ORIENTED_EDGE('',*,*,#1706,.T.);
#2250=ORIENTED_EDGE('',*,*,#1707,.T.);
#2251=ORIENTED_EDGE('',*,*,#1708,.T.);
#2252=ORIENTED_EDGE('',*,*,#1709,.T.);
#2253=ORIENTED_EDGE('',*,*,#1710,.T.);
#2254=ORIENTED_EDGE('',*,*,#1711,.T.);
#2255=ORIENTED_EDGE('',*,*,#1712,.T.);
#2256=ORIENTED_EDGE('',*,*,#1713,.T.);
#2257=ORIENTED_EDGE('',*,*,#1714,.T.);
#2258=ORIENTED_EDGE('',*,*,#1715,.T.);
#2259=ORIENTED_EDGE('',*,*,#1716,.T.);
#2260=ORIENTED_EDGE('',*,*,#1717,.T.);
#2261=ORIENTED_EDGE('',*,*,#1718,.T.);
#2262=ORIENTED_EDGE('',*,*,#1719,.T.);
#2263=ORIENTED_EDGE('',*,*,#1720,.T.);
#2264=ORIENTED_EDGE('',*,*,#1721,.T.);
#2265=ORIENTED_EDGE('',*,*,#1722,.T.);
#2266=ORIENTED_EDGE('',*,*,#1723,.T.);
#2267=ORIENTED_EDGE('',*,*,#1724,.T.);
#2268=ORIENTED_EDGE('',*,*,#1725,.T.);
#2269=ORIENTED_EDGE('',*,*,#1726,.T.);
#2270=ORIENTED_EDGE('',*,*,#1568,.F.);
#2271=ORIENTED_EDGE('',*,*,#1564,.T.);
#2272=ORIENTED_EDGE('',*,*,#1727,.F.);
#2273=ORIENTED_EDGE('',*,*,#1728,.F.);
#2274=ORIENTED_EDGE('',*,*,#1571,.F.);
#2275=ORIENTED_EDGE('',*,*,#1728,.T.);
#2276=ORIENTED_EDGE('',*,*,#1729,.F.);
#2277=ORIENTED_EDGE('',*,*,#1730,.F.);
#2278=ORIENTED_EDGE('',*,*,#1572,.F.);
#2279=ORIENTED_EDGE('',*,*,#1567,.T.);
#2280=ORIENTED_EDGE('',*,*,#1570,.F.);
#2281=ORIENTED_EDGE('',*,*,#1731,.T.);
#2282=ORIENTED_EDGE('',*,*,#1732,.T.);
#2283=ORIENTED_EDGE('',*,*,#1733,.T.);
#2284=ORIENTED_EDGE('',*,*,#1734,.T.);
#2285=ORIENTED_EDGE('',*,*,#1735,.T.);
#2286=ORIENTED_EDGE('',*,*,#1736,.T.);
#2287=ORIENTED_EDGE('',*,*,#1737,.T.);
#2288=ORIENTED_EDGE('',*,*,#1738,.T.);
#2289=ORIENTED_EDGE('',*,*,#1739,.T.);
#2290=ORIENTED_EDGE('',*,*,#1740,.T.);
#2291=ORIENTED_EDGE('',*,*,#1741,.T.);
#2292=ORIENTED_EDGE('',*,*,#1742,.T.);
#2293=ORIENTED_EDGE('',*,*,#1743,.T.);
#2294=ORIENTED_EDGE('',*,*,#1744,.T.);
#2295=ORIENTED_EDGE('',*,*,#1745,.T.);
#2296=ORIENTED_EDGE('',*,*,#1746,.T.);
#2297=ORIENTED_EDGE('',*,*,#1747,.T.);
#2298=ORIENTED_EDGE('',*,*,#1748,.T.);
#2299=ORIENTED_EDGE('',*,*,#1749,.T.);
#2300=ORIENTED_EDGE('',*,*,#1750,.T.);
#2301=ORIENTED_EDGE('',*,*,#1751,.T.);
#2302=ORIENTED_EDGE('',*,*,#1752,.T.);
#2303=ORIENTED_EDGE('',*,*,#1753,.T.);
#2304=ORIENTED_EDGE('',*,*,#1754,.T.);
#2305=ORIENTED_EDGE('',*,*,#1755,.T.);
#2306=ORIENTED_EDGE('',*,*,#1756,.T.);
#2307=ORIENTED_EDGE('',*,*,#1757,.T.);
#2308=ORIENTED_EDGE('',*,*,#1758,.T.);
#2309=ORIENTED_EDGE('',*,*,#1759,.F.);
#2310=ORIENTED_EDGE('',*,*,#1760,.T.);
#2311=ORIENTED_EDGE('',*,*,#1761,.T.);
#2312=ORIENTED_EDGE('',*,*,#1762,.T.);
#2313=ORIENTED_EDGE('',*,*,#1763,.T.);
#2314=ORIENTED_EDGE('',*,*,#1764,.T.);
#2315=ORIENTED_EDGE('',*,*,#1765,.T.);
#2316=ORIENTED_EDGE('',*,*,#1766,.T.);
#2317=ORIENTED_EDGE('',*,*,#1767,.T.);
#2318=ORIENTED_EDGE('',*,*,#1768,.T.);
#2319=ORIENTED_EDGE('',*,*,#1769,.T.);
#2320=ORIENTED_EDGE('',*,*,#1770,.T.);
#2321=ORIENTED_EDGE('',*,*,#1771,.T.);
#2322=ORIENTED_EDGE('',*,*,#1772,.T.);
#2323=ORIENTED_EDGE('',*,*,#1773,.T.);
#2324=ORIENTED_EDGE('',*,*,#1774,.T.);
#2325=ORIENTED_EDGE('',*,*,#1775,.T.);
#2326=ORIENTED_EDGE('',*,*,#1776,.T.);
#2327=ORIENTED_EDGE('',*,*,#1777,.T.);
#2328=ORIENTED_EDGE('',*,*,#1778,.T.);
#2329=ORIENTED_EDGE('',*,*,#1779,.T.);
#2330=ORIENTED_EDGE('',*,*,#1780,.T.);
#2331=ORIENTED_EDGE('',*,*,#1781,.T.);
#2332=ORIENTED_EDGE('',*,*,#1782,.T.);
#2333=ORIENTED_EDGE('',*,*,#1783,.T.);
#2334=ORIENTED_EDGE('',*,*,#1784,.T.);
#2335=ORIENTED_EDGE('',*,*,#1785,.T.);
#2336=ORIENTED_EDGE('',*,*,#1786,.T.);
#2337=ORIENTED_EDGE('',*,*,#1787,.T.);
#2338=ORIENTED_EDGE('',*,*,#1788,.T.);
#2339=ORIENTED_EDGE('',*,*,#1789,.T.);
#2340=ORIENTED_EDGE('',*,*,#1790,.T.);
#2341=ORIENTED_EDGE('',*,*,#1791,.T.);
#2342=ORIENTED_EDGE('',*,*,#1792,.T.);
#2343=ORIENTED_EDGE('',*,*,#1793,.T.);
#2344=ORIENTED_EDGE('',*,*,#1794,.T.);
#2345=ORIENTED_EDGE('',*,*,#1795,.T.);
#2346=ORIENTED_EDGE('',*,*,#1796,.T.);
#2347=ORIENTED_EDGE('',*,*,#1797,.F.);
#2348=ORIENTED_EDGE('',*,*,#1798,.T.);
#2349=ORIENTED_EDGE('',*,*,#1799,.T.);
#2350=ORIENTED_EDGE('',*,*,#1800,.T.);
#2351=ORIENTED_EDGE('',*,*,#1801,.T.);
#2352=ORIENTED_EDGE('',*,*,#1802,.T.);
#2353=ORIENTED_EDGE('',*,*,#1803,.T.);
#2354=ORIENTED_EDGE('',*,*,#1804,.T.);
#2355=ORIENTED_EDGE('',*,*,#1805,.T.);
#2356=ORIENTED_EDGE('',*,*,#1806,.T.);
#2357=ORIENTED_EDGE('',*,*,#1807,.T.);
#2358=ORIENTED_EDGE('',*,*,#1808,.T.);
#2359=ORIENTED_EDGE('',*,*,#1809,.T.);
#2360=ORIENTED_EDGE('',*,*,#1810,.T.);
#2361=ORIENTED_EDGE('',*,*,#1811,.T.);
#2362=ORIENTED_EDGE('',*,*,#1812,.T.);
#2363=ORIENTED_EDGE('',*,*,#1813,.T.);
#2364=ORIENTED_EDGE('',*,*,#1814,.T.);
#2365=ORIENTED_EDGE('',*,*,#1815,.T.);
#2366=ORIENTED_EDGE('',*,*,#1816,.T.);
#2367=ORIENTED_EDGE('',*,*,#1817,.T.);
#2368=ORIENTED_EDGE('',*,*,#1818,.T.);
#2369=ORIENTED_EDGE('',*,*,#1819,.T.);
#2370=ORIENTED_EDGE('',*,*,#1820,.T.);
#2371=ORIENTED_EDGE('',*,*,#1821,.T.);
#2372=ORIENTED_EDGE('',*,*,#1822,.T.);
#2373=ORIENTED_EDGE('',*,*,#1823,.T.);
#2374=ORIENTED_EDGE('',*,*,#1824,.T.);
#2375=ORIENTED_EDGE('',*,*,#1825,.T.);
#2376=ORIENTED_EDGE('',*,*,#1826,.T.);
#2377=ORIENTED_EDGE('',*,*,#1827,.T.);
#2378=ORIENTED_EDGE('',*,*,#1828,.T.);
#2379=ORIENTED_EDGE('',*,*,#1829,.T.);
#2380=ORIENTED_EDGE('',*,*,#1830,.T.);
#2381=ORIENTED_EDGE('',*,*,#1831,.T.);
#2382=ORIENTED_EDGE('',*,*,#1832,.F.);
#2383=ORIENTED_EDGE('',*,*,#1833,.T.);
#2384=ORIENTED_EDGE('',*,*,#1834,.T.);
#2385=ORIENTED_EDGE('',*,*,#1835,.T.);
#2386=ORIENTED_EDGE('',*,*,#1836,.T.);
#2387=ORIENTED_EDGE('',*,*,#1837,.T.);
#2388=ORIENTED_EDGE('',*,*,#1838,.T.);
#2389=ORIENTED_EDGE('',*,*,#1839,.T.);
#2390=ORIENTED_EDGE('',*,*,#1840,.T.);
#2391=ORIENTED_EDGE('',*,*,#1841,.T.);
#2392=ORIENTED_EDGE('',*,*,#1842,.T.);
#2393=ORIENTED_EDGE('',*,*,#1843,.T.);
#2394=ORIENTED_EDGE('',*,*,#1844,.T.);
#2395=ORIENTED_EDGE('',*,*,#1845,.T.);
#2396=ORIENTED_EDGE('',*,*,#1846,.T.);
#2397=ORIENTED_EDGE('',*,*,#1847,.T.);
#2398=ORIENTED_EDGE('',*,*,#1848,.T.);
#2399=ORIENTED_EDGE('',*,*,#1849,.T.);
#2400=ORIENTED_EDGE('',*,*,#1850,.T.);
#2401=ORIENTED_EDGE('',*,*,#1851,.T.);
#2402=ORIENTED_EDGE('',*,*,#1852,.T.);
#2403=ORIENTED_EDGE('',*,*,#1853,.T.);
#2404=ORIENTED_EDGE('',*,*,#1854,.T.);
#2405=ORIENTED_EDGE('',*,*,#1855,.T.);
#2406=ORIENTED_EDGE('',*,*,#1856,.T.);
#2407=ORIENTED_EDGE('',*,*,#1857,.T.);
#2408=ORIENTED_EDGE('',*,*,#1858,.T.);
#2409=ORIENTED_EDGE('',*,*,#1859,.T.);
#2410=ORIENTED_EDGE('',*,*,#1860,.T.);
#2411=ORIENTED_EDGE('',*,*,#1861,.T.);
#2412=ORIENTED_EDGE('',*,*,#1862,.T.);
#2413=ORIENTED_EDGE('',*,*,#1863,.T.);
#2414=ORIENTED_EDGE('',*,*,#1864,.T.);
#2415=ORIENTED_EDGE('',*,*,#1865,.T.);
#2416=ORIENTED_EDGE('',*,*,#1866,.T.);
#2417=ORIENTED_EDGE('',*,*,#1867,.F.);
#2418=ORIENTED_EDGE('',*,*,#1868,.T.);
#2419=ORIENTED_EDGE('',*,*,#1869,.T.);
#2420=ORIENTED_EDGE('',*,*,#1870,.T.);
#2421=ORIENTED_EDGE('',*,*,#1871,.F.);
#2422=ORIENTED_EDGE('',*,*,#1872,.T.);
#2423=ORIENTED_EDGE('',*,*,#1873,.F.);
#2424=ORIENTED_EDGE('',*,*,#1874,.F.);
#2425=ORIENTED_EDGE('',*,*,#1875,.T.);
#2426=ORIENTED_EDGE('',*,*,#1876,.T.);
#2427=ORIENTED_EDGE('',*,*,#1877,.T.);
#2428=ORIENTED_EDGE('',*,*,#1878,.T.);
#2429=ORIENTED_EDGE('',*,*,#1879,.T.);
#2430=ORIENTED_EDGE('',*,*,#1880,.T.);
#2431=ORIENTED_EDGE('',*,*,#1881,.T.);
#2432=ORIENTED_EDGE('',*,*,#1882,.T.);
#2433=ORIENTED_EDGE('',*,*,#1883,.T.);
#2434=ORIENTED_EDGE('',*,*,#1884,.T.);
#2435=ORIENTED_EDGE('',*,*,#1729,.T.);
#2436=ORIENTED_EDGE('',*,*,#1727,.T.);
#2437=ORIENTED_EDGE('',*,*,#1730,.T.);
#2438=ORIENTED_EDGE('',*,*,#1884,.F.);
#2439=ORIENTED_EDGE('',*,*,#1885,.F.);
#2440=ORIENTED_EDGE('',*,*,#1573,.F.);
#2441=ORIENTED_EDGE('',*,*,#1885,.T.);
#2442=ORIENTED_EDGE('',*,*,#1883,.F.);
#2443=ORIENTED_EDGE('',*,*,#1886,.F.);
#2444=ORIENTED_EDGE('',*,*,#1574,.F.);
#2445=ORIENTED_EDGE('',*,*,#1886,.T.);
#2446=ORIENTED_EDGE('',*,*,#1882,.F.);
#2447=ORIENTED_EDGE('',*,*,#1887,.F.);
#2448=ORIENTED_EDGE('',*,*,#1575,.F.);
#2449=ORIENTED_EDGE('',*,*,#1887,.T.);
#2450=ORIENTED_EDGE('',*,*,#1881,.F.);
#2451=ORIENTED_EDGE('',*,*,#1888,.F.);
#2452=ORIENTED_EDGE('',*,*,#1576,.F.);
#2453=ORIENTED_EDGE('',*,*,#1888,.T.);
#2454=ORIENTED_EDGE('',*,*,#1880,.F.);
#2455=ORIENTED_EDGE('',*,*,#1889,.F.);
#2456=ORIENTED_EDGE('',*,*,#1577,.F.);
#2457=ORIENTED_EDGE('',*,*,#1889,.T.);
#2458=ORIENTED_EDGE('',*,*,#1879,.F.);
#2459=ORIENTED_EDGE('',*,*,#1890,.F.);
#2460=ORIENTED_EDGE('',*,*,#1578,.F.);
#2461=ORIENTED_EDGE('',*,*,#1890,.T.);
#2462=ORIENTED_EDGE('',*,*,#1878,.F.);
#2463=ORIENTED_EDGE('',*,*,#1891,.F.);
#2464=ORIENTED_EDGE('',*,*,#1579,.F.);
#2465=ORIENTED_EDGE('',*,*,#1891,.T.);
#2466=ORIENTED_EDGE('',*,*,#1877,.F.);
#2467=ORIENTED_EDGE('',*,*,#1892,.F.);
#2468=ORIENTED_EDGE('',*,*,#1580,.F.);
#2469=ORIENTED_EDGE('',*,*,#1892,.T.);
#2470=ORIENTED_EDGE('',*,*,#1876,.F.);
#2471=ORIENTED_EDGE('',*,*,#1893,.F.);
#2472=ORIENTED_EDGE('',*,*,#1581,.F.);
#2473=ORIENTED_EDGE('',*,*,#1893,.T.);
#2474=ORIENTED_EDGE('',*,*,#1875,.F.);
#2475=ORIENTED_EDGE('',*,*,#1894,.F.);
#2476=ORIENTED_EDGE('',*,*,#1582,.F.);
#2477=ORIENTED_EDGE('',*,*,#1894,.T.);
#2478=ORIENTED_EDGE('',*,*,#1874,.T.);
#2479=ORIENTED_EDGE('',*,*,#1895,.F.);
#2480=ORIENTED_EDGE('',*,*,#1583,.F.);
#2481=ORIENTED_EDGE('',*,*,#1896,.F.);
#2482=ORIENTED_EDGE('',*,*,#1699,.F.);
#2483=ORIENTED_EDGE('',*,*,#1897,.F.);
#2484=ORIENTED_EDGE('',*,*,#1758,.F.);
#2485=ORIENTED_EDGE('',*,*,#1897,.T.);
#2486=ORIENTED_EDGE('',*,*,#1698,.T.);
#2487=ORIENTED_EDGE('',*,*,#1898,.T.);
#2488=ORIENTED_EDGE('',*,*,#1759,.T.);
#2489=ORIENTED_EDGE('',*,*,#1896,.T.);
#2490=ORIENTED_EDGE('',*,*,#1757,.F.);
#2491=ORIENTED_EDGE('',*,*,#1899,.F.);
#2492=ORIENTED_EDGE('',*,*,#1700,.F.);
#2493=ORIENTED_EDGE('',*,*,#1899,.T.);
#2494=ORIENTED_EDGE('',*,*,#1756,.F.);
#2495=ORIENTED_EDGE('',*,*,#1900,.F.);
#2496=ORIENTED_EDGE('',*,*,#1701,.F.);
#2497=ORIENTED_EDGE('',*,*,#1900,.T.);
#2498=ORIENTED_EDGE('',*,*,#1755,.F.);
#2499=ORIENTED_EDGE('',*,*,#1901,.F.);
#2500=ORIENTED_EDGE('',*,*,#1702,.F.);
#2501=ORIENTED_EDGE('',*,*,#1901,.T.);
#2502=ORIENTED_EDGE('',*,*,#1754,.F.);
#2503=ORIENTED_EDGE('',*,*,#1902,.F.);
#2504=ORIENTED_EDGE('',*,*,#1703,.F.);
#2505=ORIENTED_EDGE('',*,*,#1902,.T.);
#2506=ORIENTED_EDGE('',*,*,#1753,.F.);
#2507=ORIENTED_EDGE('',*,*,#1903,.F.);
#2508=ORIENTED_EDGE('',*,*,#1704,.F.);
#2509=ORIENTED_EDGE('',*,*,#1903,.T.);
#2510=ORIENTED_EDGE('',*,*,#1752,.F.);
#2511=ORIENTED_EDGE('',*,*,#1904,.F.);
#2512=ORIENTED_EDGE('',*,*,#1705,.F.);
#2513=ORIENTED_EDGE('',*,*,#1904,.T.);
#2514=ORIENTED_EDGE('',*,*,#1751,.F.);
#2515=ORIENTED_EDGE('',*,*,#1905,.F.);
#2516=ORIENTED_EDGE('',*,*,#1706,.F.);
#2517=ORIENTED_EDGE('',*,*,#1906,.F.);
#2518=ORIENTED_EDGE('',*,*,#1731,.F.);
#2519=ORIENTED_EDGE('',*,*,#1569,.F.);
#2520=ORIENTED_EDGE('',*,*,#1726,.F.);
#2521=ORIENTED_EDGE('',*,*,#1905,.T.);
#2522=ORIENTED_EDGE('',*,*,#1750,.F.);
#2523=ORIENTED_EDGE('',*,*,#1907,.F.);
#2524=ORIENTED_EDGE('',*,*,#1707,.F.);
#2525=ORIENTED_EDGE('',*,*,#1906,.T.);
#2526=ORIENTED_EDGE('',*,*,#1725,.F.);
#2527=ORIENTED_EDGE('',*,*,#1908,.F.);
#2528=ORIENTED_EDGE('',*,*,#1732,.F.);
#2529=ORIENTED_EDGE('',*,*,#1908,.T.);
#2530=ORIENTED_EDGE('',*,*,#1724,.F.);
#2531=ORIENTED_EDGE('',*,*,#1909,.F.);
#2532=ORIENTED_EDGE('',*,*,#1733,.F.);
#2533=ORIENTED_EDGE('',*,*,#1907,.T.);
#2534=ORIENTED_EDGE('',*,*,#1749,.F.);
#2535=ORIENTED_EDGE('',*,*,#1910,.F.);
#2536=ORIENTED_EDGE('',*,*,#1708,.F.);
#2537=ORIENTED_EDGE('',*,*,#1910,.T.);
#2538=ORIENTED_EDGE('',*,*,#1748,.F.);
#2539=ORIENTED_EDGE('',*,*,#1911,.F.);
#2540=ORIENTED_EDGE('',*,*,#1709,.F.);
#2541=ORIENTED_EDGE('',*,*,#1909,.T.);
#2542=ORIENTED_EDGE('',*,*,#1723,.F.);
#2543=ORIENTED_EDGE('',*,*,#1912,.T.);
#2544=ORIENTED_EDGE('',*,*,#1734,.F.);
#2545=ORIENTED_EDGE('',*,*,#1911,.T.);
#2546=ORIENTED_EDGE('',*,*,#1747,.F.);
#2547=ORIENTED_EDGE('',*,*,#1913,.F.);
#2548=ORIENTED_EDGE('',*,*,#1710,.F.);
#2549=ORIENTED_EDGE('',*,*,#1913,.T.);
#2550=ORIENTED_EDGE('',*,*,#1746,.F.);
#2551=ORIENTED_EDGE('',*,*,#1914,.F.);
#2552=ORIENTED_EDGE('',*,*,#1711,.F.);
#2553=ORIENTED_EDGE('',*,*,#1914,.T.);
#2554=ORIENTED_EDGE('',*,*,#1745,.F.);
#2555=ORIENTED_EDGE('',*,*,#1915,.F.);
#2556=ORIENTED_EDGE('',*,*,#1712,.F.);
#2557=ORIENTED_EDGE('',*,*,#1915,.T.);
#2558=ORIENTED_EDGE('',*,*,#1744,.F.);
#2559=ORIENTED_EDGE('',*,*,#1916,.F.);
#2560=ORIENTED_EDGE('',*,*,#1713,.F.);
#2561=ORIENTED_EDGE('',*,*,#1916,.T.);
#2562=ORIENTED_EDGE('',*,*,#1743,.F.);
#2563=ORIENTED_EDGE('',*,*,#1917,.F.);
#2564=ORIENTED_EDGE('',*,*,#1714,.F.);
#2565=ORIENTED_EDGE('',*,*,#1917,.T.);
#2566=ORIENTED_EDGE('',*,*,#1742,.F.);
#2567=ORIENTED_EDGE('',*,*,#1918,.F.);
#2568=ORIENTED_EDGE('',*,*,#1715,.F.);
#2569=ORIENTED_EDGE('',*,*,#1918,.T.);
#2570=ORIENTED_EDGE('',*,*,#1741,.F.);
#2571=ORIENTED_EDGE('',*,*,#1919,.F.);
#2572=ORIENTED_EDGE('',*,*,#1716,.F.);
#2573=ORIENTED_EDGE('',*,*,#1919,.T.);
#2574=ORIENTED_EDGE('',*,*,#1740,.F.);
#2575=ORIENTED_EDGE('',*,*,#1920,.F.);
#2576=ORIENTED_EDGE('',*,*,#1717,.F.);
#2577=ORIENTED_EDGE('',*,*,#1920,.T.);
#2578=ORIENTED_EDGE('',*,*,#1739,.F.);
#2579=ORIENTED_EDGE('',*,*,#1921,.F.);
#2580=ORIENTED_EDGE('',*,*,#1718,.F.);
#2581=ORIENTED_EDGE('',*,*,#1921,.T.);
#2582=ORIENTED_EDGE('',*,*,#1738,.F.);
#2583=ORIENTED_EDGE('',*,*,#1922,.F.);
#2584=ORIENTED_EDGE('',*,*,#1719,.F.);
#2585=ORIENTED_EDGE('',*,*,#1922,.T.);
#2586=ORIENTED_EDGE('',*,*,#1737,.F.);
#2587=ORIENTED_EDGE('',*,*,#1923,.F.);
#2588=ORIENTED_EDGE('',*,*,#1720,.F.);
#2589=ORIENTED_EDGE('',*,*,#1923,.T.);
#2590=ORIENTED_EDGE('',*,*,#1736,.F.);
#2591=ORIENTED_EDGE('',*,*,#1924,.F.);
#2592=ORIENTED_EDGE('',*,*,#1721,.F.);
#2593=ORIENTED_EDGE('',*,*,#1924,.T.);
#2594=ORIENTED_EDGE('',*,*,#1735,.F.);
#2595=ORIENTED_EDGE('',*,*,#1912,.F.);
#2596=ORIENTED_EDGE('',*,*,#1722,.F.);
#2597=ORIENTED_EDGE('',*,*,#1925,.F.);
#2598=ORIENTED_EDGE('',*,*,#1796,.F.);
#2599=ORIENTED_EDGE('',*,*,#1926,.F.);
#2600=ORIENTED_EDGE('',*,*,#1661,.F.);
#2601=ORIENTED_EDGE('',*,*,#1926,.T.);
#2602=ORIENTED_EDGE('',*,*,#1795,.F.);
#2603=ORIENTED_EDGE('',*,*,#1927,.F.);
#2604=ORIENTED_EDGE('',*,*,#1662,.F.);
#2605=ORIENTED_EDGE('',*,*,#1925,.T.);
#2606=ORIENTED_EDGE('',*,*,#1660,.T.);
#2607=ORIENTED_EDGE('',*,*,#1928,.T.);
#2608=ORIENTED_EDGE('',*,*,#1797,.T.);
#2609=ORIENTED_EDGE('',*,*,#1927,.T.);
#2610=ORIENTED_EDGE('',*,*,#1794,.F.);
#2611=ORIENTED_EDGE('',*,*,#1929,.F.);
#2612=ORIENTED_EDGE('',*,*,#1663,.F.);
#2613=ORIENTED_EDGE('',*,*,#1929,.T.);
#2614=ORIENTED_EDGE('',*,*,#1793,.F.);
#2615=ORIENTED_EDGE('',*,*,#1930,.F.);
#2616=ORIENTED_EDGE('',*,*,#1664,.F.);
#2617=ORIENTED_EDGE('',*,*,#1930,.T.);
#2618=ORIENTED_EDGE('',*,*,#1792,.F.);
#2619=ORIENTED_EDGE('',*,*,#1931,.F.);
#2620=ORIENTED_EDGE('',*,*,#1665,.F.);
#2621=ORIENTED_EDGE('',*,*,#1931,.T.);
#2622=ORIENTED_EDGE('',*,*,#1791,.F.);
#2623=ORIENTED_EDGE('',*,*,#1932,.F.);
#2624=ORIENTED_EDGE('',*,*,#1666,.F.);
#2625=ORIENTED_EDGE('',*,*,#1932,.T.);
#2626=ORIENTED_EDGE('',*,*,#1790,.F.);
#2627=ORIENTED_EDGE('',*,*,#1933,.F.);
#2628=ORIENTED_EDGE('',*,*,#1667,.F.);
#2629=ORIENTED_EDGE('',*,*,#1933,.T.);
#2630=ORIENTED_EDGE('',*,*,#1789,.F.);
#2631=ORIENTED_EDGE('',*,*,#1934,.F.);
#2632=ORIENTED_EDGE('',*,*,#1668,.F.);
#2633=ORIENTED_EDGE('',*,*,#1934,.T.);
#2634=ORIENTED_EDGE('',*,*,#1788,.F.);
#2635=ORIENTED_EDGE('',*,*,#1935,.F.);
#2636=ORIENTED_EDGE('',*,*,#1669,.F.);
#2637=ORIENTED_EDGE('',*,*,#1935,.T.);
#2638=ORIENTED_EDGE('',*,*,#1787,.F.);
#2639=ORIENTED_EDGE('',*,*,#1936,.F.);
#2640=ORIENTED_EDGE('',*,*,#1670,.F.);
#2641=ORIENTED_EDGE('',*,*,#1936,.T.);
#2642=ORIENTED_EDGE('',*,*,#1786,.F.);
#2643=ORIENTED_EDGE('',*,*,#1937,.F.);
#2644=ORIENTED_EDGE('',*,*,#1671,.F.);
#2645=ORIENTED_EDGE('',*,*,#1937,.T.);
#2646=ORIENTED_EDGE('',*,*,#1785,.F.);
#2647=ORIENTED_EDGE('',*,*,#1938,.F.);
#2648=ORIENTED_EDGE('',*,*,#1672,.F.);
#2649=ORIENTED_EDGE('',*,*,#1938,.T.);
#2650=ORIENTED_EDGE('',*,*,#1784,.F.);
#2651=ORIENTED_EDGE('',*,*,#1939,.F.);
#2652=ORIENTED_EDGE('',*,*,#1673,.F.);
#2653=ORIENTED_EDGE('',*,*,#1939,.T.);
#2654=ORIENTED_EDGE('',*,*,#1783,.F.);
#2655=ORIENTED_EDGE('',*,*,#1940,.F.);
#2656=ORIENTED_EDGE('',*,*,#1674,.F.);
#2657=ORIENTED_EDGE('',*,*,#1940,.T.);
#2658=ORIENTED_EDGE('',*,*,#1782,.F.);
#2659=ORIENTED_EDGE('',*,*,#1941,.F.);
#2660=ORIENTED_EDGE('',*,*,#1675,.F.);
#2661=ORIENTED_EDGE('',*,*,#1941,.T.);
#2662=ORIENTED_EDGE('',*,*,#1781,.F.);
#2663=ORIENTED_EDGE('',*,*,#1942,.F.);
#2664=ORIENTED_EDGE('',*,*,#1676,.F.);
#2665=ORIENTED_EDGE('',*,*,#1942,.T.);
#2666=ORIENTED_EDGE('',*,*,#1780,.F.);
#2667=ORIENTED_EDGE('',*,*,#1943,.F.);
#2668=ORIENTED_EDGE('',*,*,#1677,.F.);
#2669=ORIENTED_EDGE('',*,*,#1943,.T.);
#2670=ORIENTED_EDGE('',*,*,#1779,.F.);
#2671=ORIENTED_EDGE('',*,*,#1944,.F.);
#2672=ORIENTED_EDGE('',*,*,#1678,.F.);
#2673=ORIENTED_EDGE('',*,*,#1944,.T.);
#2674=ORIENTED_EDGE('',*,*,#1778,.F.);
#2675=ORIENTED_EDGE('',*,*,#1945,.F.);
#2676=ORIENTED_EDGE('',*,*,#1679,.F.);
#2677=ORIENTED_EDGE('',*,*,#1945,.T.);
#2678=ORIENTED_EDGE('',*,*,#1777,.F.);
#2679=ORIENTED_EDGE('',*,*,#1946,.F.);
#2680=ORIENTED_EDGE('',*,*,#1680,.F.);
#2681=ORIENTED_EDGE('',*,*,#1946,.T.);
#2682=ORIENTED_EDGE('',*,*,#1776,.F.);
#2683=ORIENTED_EDGE('',*,*,#1947,.F.);
#2684=ORIENTED_EDGE('',*,*,#1681,.F.);
#2685=ORIENTED_EDGE('',*,*,#1947,.T.);
#2686=ORIENTED_EDGE('',*,*,#1775,.F.);
#2687=ORIENTED_EDGE('',*,*,#1948,.F.);
#2688=ORIENTED_EDGE('',*,*,#1682,.F.);
#2689=ORIENTED_EDGE('',*,*,#1948,.T.);
#2690=ORIENTED_EDGE('',*,*,#1774,.F.);
#2691=ORIENTED_EDGE('',*,*,#1949,.F.);
#2692=ORIENTED_EDGE('',*,*,#1683,.F.);
#2693=ORIENTED_EDGE('',*,*,#1949,.T.);
#2694=ORIENTED_EDGE('',*,*,#1773,.F.);
#2695=ORIENTED_EDGE('',*,*,#1950,.F.);
#2696=ORIENTED_EDGE('',*,*,#1684,.F.);
#2697=ORIENTED_EDGE('',*,*,#1950,.T.);
#2698=ORIENTED_EDGE('',*,*,#1772,.F.);
#2699=ORIENTED_EDGE('',*,*,#1951,.F.);
#2700=ORIENTED_EDGE('',*,*,#1685,.F.);
#2701=ORIENTED_EDGE('',*,*,#1951,.T.);
#2702=ORIENTED_EDGE('',*,*,#1771,.F.);
#2703=ORIENTED_EDGE('',*,*,#1952,.F.);
#2704=ORIENTED_EDGE('',*,*,#1686,.F.);
#2705=ORIENTED_EDGE('',*,*,#1952,.T.);
#2706=ORIENTED_EDGE('',*,*,#1770,.F.);
#2707=ORIENTED_EDGE('',*,*,#1953,.F.);
#2708=ORIENTED_EDGE('',*,*,#1687,.F.);
#2709=ORIENTED_EDGE('',*,*,#1953,.T.);
#2710=ORIENTED_EDGE('',*,*,#1769,.F.);
#2711=ORIENTED_EDGE('',*,*,#1954,.F.);
#2712=ORIENTED_EDGE('',*,*,#1688,.F.);
#2713=ORIENTED_EDGE('',*,*,#1954,.T.);
#2714=ORIENTED_EDGE('',*,*,#1768,.F.);
#2715=ORIENTED_EDGE('',*,*,#1955,.F.);
#2716=ORIENTED_EDGE('',*,*,#1689,.F.);
#2717=ORIENTED_EDGE('',*,*,#1955,.T.);
#2718=ORIENTED_EDGE('',*,*,#1767,.F.);
#2719=ORIENTED_EDGE('',*,*,#1956,.F.);
#2720=ORIENTED_EDGE('',*,*,#1690,.F.);
#2721=ORIENTED_EDGE('',*,*,#1956,.T.);
#2722=ORIENTED_EDGE('',*,*,#1766,.F.);
#2723=ORIENTED_EDGE('',*,*,#1957,.F.);
#2724=ORIENTED_EDGE('',*,*,#1691,.F.);
#2725=ORIENTED_EDGE('',*,*,#1957,.T.);
#2726=ORIENTED_EDGE('',*,*,#1765,.F.);
#2727=ORIENTED_EDGE('',*,*,#1958,.F.);
#2728=ORIENTED_EDGE('',*,*,#1692,.F.);
#2729=ORIENTED_EDGE('',*,*,#1958,.T.);
#2730=ORIENTED_EDGE('',*,*,#1764,.F.);
#2731=ORIENTED_EDGE('',*,*,#1959,.F.);
#2732=ORIENTED_EDGE('',*,*,#1693,.F.);
#2733=ORIENTED_EDGE('',*,*,#1959,.T.);
#2734=ORIENTED_EDGE('',*,*,#1763,.F.);
#2735=ORIENTED_EDGE('',*,*,#1960,.F.);
#2736=ORIENTED_EDGE('',*,*,#1694,.F.);
#2737=ORIENTED_EDGE('',*,*,#1960,.T.);
#2738=ORIENTED_EDGE('',*,*,#1762,.F.);
#2739=ORIENTED_EDGE('',*,*,#1961,.F.);
#2740=ORIENTED_EDGE('',*,*,#1695,.F.);
#2741=ORIENTED_EDGE('',*,*,#1961,.T.);
#2742=ORIENTED_EDGE('',*,*,#1761,.F.);
#2743=ORIENTED_EDGE('',*,*,#1962,.F.);
#2744=ORIENTED_EDGE('',*,*,#1696,.F.);
#2745=ORIENTED_EDGE('',*,*,#1962,.T.);
#2746=ORIENTED_EDGE('',*,*,#1760,.F.);
#2747=ORIENTED_EDGE('',*,*,#1898,.F.);
#2748=ORIENTED_EDGE('',*,*,#1697,.F.);
#2749=ORIENTED_EDGE('',*,*,#1963,.F.);
#2750=ORIENTED_EDGE('',*,*,#1626,.F.);
#2751=ORIENTED_EDGE('',*,*,#1964,.F.);
#2752=ORIENTED_EDGE('',*,*,#1831,.F.);
#2753=ORIENTED_EDGE('',*,*,#1964,.T.);
#2754=ORIENTED_EDGE('',*,*,#1625,.T.);
#2755=ORIENTED_EDGE('',*,*,#1965,.T.);
#2756=ORIENTED_EDGE('',*,*,#1832,.T.);
#2757=ORIENTED_EDGE('',*,*,#1963,.T.);
#2758=ORIENTED_EDGE('',*,*,#1830,.F.);
#2759=ORIENTED_EDGE('',*,*,#1966,.F.);
#2760=ORIENTED_EDGE('',*,*,#1627,.F.);
#2761=ORIENTED_EDGE('',*,*,#1966,.T.);
#2762=ORIENTED_EDGE('',*,*,#1829,.F.);
#2763=ORIENTED_EDGE('',*,*,#1967,.F.);
#2764=ORIENTED_EDGE('',*,*,#1628,.F.);
#2765=ORIENTED_EDGE('',*,*,#1967,.T.);
#2766=ORIENTED_EDGE('',*,*,#1828,.F.);
#2767=ORIENTED_EDGE('',*,*,#1968,.F.);
#2768=ORIENTED_EDGE('',*,*,#1629,.F.);
#2769=ORIENTED_EDGE('',*,*,#1968,.T.);
#2770=ORIENTED_EDGE('',*,*,#1827,.F.);
#2771=ORIENTED_EDGE('',*,*,#1969,.F.);
#2772=ORIENTED_EDGE('',*,*,#1630,.F.);
#2773=ORIENTED_EDGE('',*,*,#1969,.T.);
#2774=ORIENTED_EDGE('',*,*,#1826,.F.);
#2775=ORIENTED_EDGE('',*,*,#1970,.F.);
#2776=ORIENTED_EDGE('',*,*,#1631,.F.);
#2777=ORIENTED_EDGE('',*,*,#1970,.T.);
#2778=ORIENTED_EDGE('',*,*,#1825,.F.);
#2779=ORIENTED_EDGE('',*,*,#1971,.F.);
#2780=ORIENTED_EDGE('',*,*,#1632,.F.);
#2781=ORIENTED_EDGE('',*,*,#1971,.T.);
#2782=ORIENTED_EDGE('',*,*,#1824,.F.);
#2783=ORIENTED_EDGE('',*,*,#1972,.F.);
#2784=ORIENTED_EDGE('',*,*,#1633,.F.);
#2785=ORIENTED_EDGE('',*,*,#1972,.T.);
#2786=ORIENTED_EDGE('',*,*,#1823,.F.);
#2787=ORIENTED_EDGE('',*,*,#1973,.F.);
#2788=ORIENTED_EDGE('',*,*,#1634,.F.);
#2789=ORIENTED_EDGE('',*,*,#1973,.T.);
#2790=ORIENTED_EDGE('',*,*,#1822,.F.);
#2791=ORIENTED_EDGE('',*,*,#1974,.F.);
#2792=ORIENTED_EDGE('',*,*,#1635,.F.);
#2793=ORIENTED_EDGE('',*,*,#1974,.T.);
#2794=ORIENTED_EDGE('',*,*,#1821,.F.);
#2795=ORIENTED_EDGE('',*,*,#1975,.F.);
#2796=ORIENTED_EDGE('',*,*,#1636,.F.);
#2797=ORIENTED_EDGE('',*,*,#1975,.T.);
#2798=ORIENTED_EDGE('',*,*,#1820,.F.);
#2799=ORIENTED_EDGE('',*,*,#1976,.F.);
#2800=ORIENTED_EDGE('',*,*,#1637,.F.);
#2801=ORIENTED_EDGE('',*,*,#1976,.T.);
#2802=ORIENTED_EDGE('',*,*,#1819,.F.);
#2803=ORIENTED_EDGE('',*,*,#1977,.F.);
#2804=ORIENTED_EDGE('',*,*,#1638,.F.);
#2805=ORIENTED_EDGE('',*,*,#1977,.T.);
#2806=ORIENTED_EDGE('',*,*,#1818,.F.);
#2807=ORIENTED_EDGE('',*,*,#1978,.F.);
#2808=ORIENTED_EDGE('',*,*,#1639,.F.);
#2809=ORIENTED_EDGE('',*,*,#1978,.T.);
#2810=ORIENTED_EDGE('',*,*,#1817,.F.);
#2811=ORIENTED_EDGE('',*,*,#1979,.F.);
#2812=ORIENTED_EDGE('',*,*,#1640,.F.);
#2813=ORIENTED_EDGE('',*,*,#1979,.T.);
#2814=ORIENTED_EDGE('',*,*,#1816,.F.);
#2815=ORIENTED_EDGE('',*,*,#1980,.F.);
#2816=ORIENTED_EDGE('',*,*,#1641,.F.);
#2817=ORIENTED_EDGE('',*,*,#1980,.T.);
#2818=ORIENTED_EDGE('',*,*,#1815,.F.);
#2819=ORIENTED_EDGE('',*,*,#1981,.F.);
#2820=ORIENTED_EDGE('',*,*,#1642,.F.);
#2821=ORIENTED_EDGE('',*,*,#1981,.T.);
#2822=ORIENTED_EDGE('',*,*,#1814,.F.);
#2823=ORIENTED_EDGE('',*,*,#1982,.F.);
#2824=ORIENTED_EDGE('',*,*,#1643,.F.);
#2825=ORIENTED_EDGE('',*,*,#1982,.T.);
#2826=ORIENTED_EDGE('',*,*,#1813,.F.);
#2827=ORIENTED_EDGE('',*,*,#1983,.F.);
#2828=ORIENTED_EDGE('',*,*,#1644,.F.);
#2829=ORIENTED_EDGE('',*,*,#1983,.T.);
#2830=ORIENTED_EDGE('',*,*,#1812,.F.);
#2831=ORIENTED_EDGE('',*,*,#1984,.F.);
#2832=ORIENTED_EDGE('',*,*,#1645,.F.);
#2833=ORIENTED_EDGE('',*,*,#1984,.T.);
#2834=ORIENTED_EDGE('',*,*,#1811,.F.);
#2835=ORIENTED_EDGE('',*,*,#1985,.F.);
#2836=ORIENTED_EDGE('',*,*,#1646,.F.);
#2837=ORIENTED_EDGE('',*,*,#1985,.T.);
#2838=ORIENTED_EDGE('',*,*,#1810,.F.);
#2839=ORIENTED_EDGE('',*,*,#1986,.F.);
#2840=ORIENTED_EDGE('',*,*,#1647,.F.);
#2841=ORIENTED_EDGE('',*,*,#1986,.T.);
#2842=ORIENTED_EDGE('',*,*,#1809,.F.);
#2843=ORIENTED_EDGE('',*,*,#1987,.F.);
#2844=ORIENTED_EDGE('',*,*,#1648,.F.);
#2845=ORIENTED_EDGE('',*,*,#1987,.T.);
#2846=ORIENTED_EDGE('',*,*,#1808,.F.);
#2847=ORIENTED_EDGE('',*,*,#1988,.F.);
#2848=ORIENTED_EDGE('',*,*,#1649,.F.);
#2849=ORIENTED_EDGE('',*,*,#1988,.T.);
#2850=ORIENTED_EDGE('',*,*,#1807,.F.);
#2851=ORIENTED_EDGE('',*,*,#1989,.F.);
#2852=ORIENTED_EDGE('',*,*,#1650,.F.);
#2853=ORIENTED_EDGE('',*,*,#1989,.T.);
#2854=ORIENTED_EDGE('',*,*,#1806,.F.);
#2855=ORIENTED_EDGE('',*,*,#1990,.F.);
#2856=ORIENTED_EDGE('',*,*,#1651,.F.);
#2857=ORIENTED_EDGE('',*,*,#1990,.T.);
#2858=ORIENTED_EDGE('',*,*,#1805,.F.);
#2859=ORIENTED_EDGE('',*,*,#1991,.F.);
#2860=ORIENTED_EDGE('',*,*,#1652,.F.);
#2861=ORIENTED_EDGE('',*,*,#1991,.T.);
#2862=ORIENTED_EDGE('',*,*,#1804,.F.);
#2863=ORIENTED_EDGE('',*,*,#1992,.F.);
#2864=ORIENTED_EDGE('',*,*,#1653,.F.);
#2865=ORIENTED_EDGE('',*,*,#1992,.T.);
#2866=ORIENTED_EDGE('',*,*,#1803,.F.);
#2867=ORIENTED_EDGE('',*,*,#1993,.F.);
#2868=ORIENTED_EDGE('',*,*,#1654,.F.);
#2869=ORIENTED_EDGE('',*,*,#1993,.T.);
#2870=ORIENTED_EDGE('',*,*,#1802,.F.);
#2871=ORIENTED_EDGE('',*,*,#1994,.F.);
#2872=ORIENTED_EDGE('',*,*,#1655,.F.);
#2873=ORIENTED_EDGE('',*,*,#1994,.T.);
#2874=ORIENTED_EDGE('',*,*,#1801,.F.);
#2875=ORIENTED_EDGE('',*,*,#1995,.F.);
#2876=ORIENTED_EDGE('',*,*,#1656,.F.);
#2877=ORIENTED_EDGE('',*,*,#1995,.T.);
#2878=ORIENTED_EDGE('',*,*,#1800,.F.);
#2879=ORIENTED_EDGE('',*,*,#1996,.F.);
#2880=ORIENTED_EDGE('',*,*,#1657,.F.);
#2881=ORIENTED_EDGE('',*,*,#1996,.T.);
#2882=ORIENTED_EDGE('',*,*,#1799,.F.);
#2883=ORIENTED_EDGE('',*,*,#1997,.F.);
#2884=ORIENTED_EDGE('',*,*,#1658,.F.);
#2885=ORIENTED_EDGE('',*,*,#1997,.T.);
#2886=ORIENTED_EDGE('',*,*,#1798,.F.);
#2887=ORIENTED_EDGE('',*,*,#1928,.F.);
#2888=ORIENTED_EDGE('',*,*,#1659,.F.);
#2889=ORIENTED_EDGE('',*,*,#1998,.F.);
#2890=ORIENTED_EDGE('',*,*,#1605,.F.);
#2891=ORIENTED_EDGE('',*,*,#1999,.F.);
#2892=ORIENTED_EDGE('',*,*,#1852,.F.);
#2893=ORIENTED_EDGE('',*,*,#1999,.T.);
#2894=ORIENTED_EDGE('',*,*,#1604,.F.);
#2895=ORIENTED_EDGE('',*,*,#2000,.F.);
#2896=ORIENTED_EDGE('',*,*,#1853,.F.);
#2897=ORIENTED_EDGE('',*,*,#1998,.T.);
#2898=ORIENTED_EDGE('',*,*,#1851,.F.);
#2899=ORIENTED_EDGE('',*,*,#2001,.F.);
#2900=ORIENTED_EDGE('',*,*,#1606,.F.);
#2901=ORIENTED_EDGE('',*,*,#2000,.T.);
#2902=ORIENTED_EDGE('',*,*,#1603,.F.);
#2903=ORIENTED_EDGE('',*,*,#2002,.F.);
#2904=ORIENTED_EDGE('',*,*,#1854,.F.);
#2905=ORIENTED_EDGE('',*,*,#2002,.T.);
#2906=ORIENTED_EDGE('',*,*,#1602,.F.);
#2907=ORIENTED_EDGE('',*,*,#2003,.F.);
#2908=ORIENTED_EDGE('',*,*,#1855,.F.);
#2909=ORIENTED_EDGE('',*,*,#2003,.T.);
#2910=ORIENTED_EDGE('',*,*,#1601,.F.);
#2911=ORIENTED_EDGE('',*,*,#2004,.F.);
#2912=ORIENTED_EDGE('',*,*,#1856,.F.);
#2913=ORIENTED_EDGE('',*,*,#2001,.T.);
#2914=ORIENTED_EDGE('',*,*,#1850,.F.);
#2915=ORIENTED_EDGE('',*,*,#2005,.F.);
#2916=ORIENTED_EDGE('',*,*,#1607,.F.);
#2917=ORIENTED_EDGE('',*,*,#2004,.T.);
#2918=ORIENTED_EDGE('',*,*,#1600,.F.);
#2919=ORIENTED_EDGE('',*,*,#2006,.F.);
#2920=ORIENTED_EDGE('',*,*,#1857,.F.);
#2921=ORIENTED_EDGE('',*,*,#2005,.T.);
#2922=ORIENTED_EDGE('',*,*,#1849,.F.);
#2923=ORIENTED_EDGE('',*,*,#2007,.F.);
#2924=ORIENTED_EDGE('',*,*,#1608,.F.);
#2925=ORIENTED_EDGE('',*,*,#2006,.T.);
#2926=ORIENTED_EDGE('',*,*,#1599,.F.);
#2927=ORIENTED_EDGE('',*,*,#2008,.F.);
#2928=ORIENTED_EDGE('',*,*,#1858,.F.);
#2929=ORIENTED_EDGE('',*,*,#2007,.T.);
#2930=ORIENTED_EDGE('',*,*,#1848,.F.);
#2931=ORIENTED_EDGE('',*,*,#2009,.F.);
#2932=ORIENTED_EDGE('',*,*,#1609,.F.);
#2933=ORIENTED_EDGE('',*,*,#2008,.T.);
#2934=ORIENTED_EDGE('',*,*,#1598,.F.);
#2935=ORIENTED_EDGE('',*,*,#2010,.F.);
#2936=ORIENTED_EDGE('',*,*,#1859,.F.);
#2937=ORIENTED_EDGE('',*,*,#2009,.T.);
#2938=ORIENTED_EDGE('',*,*,#1847,.F.);
#2939=ORIENTED_EDGE('',*,*,#2011,.F.);
#2940=ORIENTED_EDGE('',*,*,#1610,.F.);
#2941=ORIENTED_EDGE('',*,*,#2010,.T.);
#2942=ORIENTED_EDGE('',*,*,#1597,.F.);
#2943=ORIENTED_EDGE('',*,*,#2012,.F.);
#2944=ORIENTED_EDGE('',*,*,#1860,.F.);
#2945=ORIENTED_EDGE('',*,*,#2011,.T.);
#2946=ORIENTED_EDGE('',*,*,#1846,.F.);
#2947=ORIENTED_EDGE('',*,*,#2013,.F.);
#2948=ORIENTED_EDGE('',*,*,#1611,.F.);
#2949=ORIENTED_EDGE('',*,*,#2012,.T.);
#2950=ORIENTED_EDGE('',*,*,#1596,.F.);
#2951=ORIENTED_EDGE('',*,*,#2014,.F.);
#2952=ORIENTED_EDGE('',*,*,#1861,.F.);
#2953=ORIENTED_EDGE('',*,*,#2013,.T.);
#2954=ORIENTED_EDGE('',*,*,#1845,.F.);
#2955=ORIENTED_EDGE('',*,*,#2015,.F.);
#2956=ORIENTED_EDGE('',*,*,#1612,.F.);
#2957=ORIENTED_EDGE('',*,*,#2014,.T.);
#2958=ORIENTED_EDGE('',*,*,#1595,.F.);
#2959=ORIENTED_EDGE('',*,*,#2016,.F.);
#2960=ORIENTED_EDGE('',*,*,#1862,.F.);
#2961=ORIENTED_EDGE('',*,*,#2015,.T.);
#2962=ORIENTED_EDGE('',*,*,#1844,.F.);
#2963=ORIENTED_EDGE('',*,*,#2017,.F.);
#2964=ORIENTED_EDGE('',*,*,#1613,.F.);
#2965=ORIENTED_EDGE('',*,*,#2016,.T.);
#2966=ORIENTED_EDGE('',*,*,#1594,.F.);
#2967=ORIENTED_EDGE('',*,*,#2018,.F.);
#2968=ORIENTED_EDGE('',*,*,#1863,.F.);
#2969=ORIENTED_EDGE('',*,*,#2017,.T.);
#2970=ORIENTED_EDGE('',*,*,#1843,.F.);
#2971=ORIENTED_EDGE('',*,*,#2019,.F.);
#2972=ORIENTED_EDGE('',*,*,#1614,.F.);
#2973=ORIENTED_EDGE('',*,*,#2018,.T.);
#2974=ORIENTED_EDGE('',*,*,#1593,.F.);
#2975=ORIENTED_EDGE('',*,*,#2020,.F.);
#2976=ORIENTED_EDGE('',*,*,#1864,.F.);
#2977=ORIENTED_EDGE('',*,*,#2019,.T.);
#2978=ORIENTED_EDGE('',*,*,#1842,.F.);
#2979=ORIENTED_EDGE('',*,*,#2021,.F.);
#2980=ORIENTED_EDGE('',*,*,#1615,.F.);
#2981=ORIENTED_EDGE('',*,*,#2020,.T.);
#2982=ORIENTED_EDGE('',*,*,#1592,.F.);
#2983=ORIENTED_EDGE('',*,*,#2022,.F.);
#2984=ORIENTED_EDGE('',*,*,#1865,.F.);
#2985=ORIENTED_EDGE('',*,*,#2021,.T.);
#2986=ORIENTED_EDGE('',*,*,#1841,.F.);
#2987=ORIENTED_EDGE('',*,*,#2023,.F.);
#2988=ORIENTED_EDGE('',*,*,#1616,.F.);
#2989=ORIENTED_EDGE('',*,*,#2022,.T.);
#2990=ORIENTED_EDGE('',*,*,#1591,.F.);
#2991=ORIENTED_EDGE('',*,*,#2024,.F.);
#2992=ORIENTED_EDGE('',*,*,#1866,.F.);
#2993=ORIENTED_EDGE('',*,*,#2023,.T.);
#2994=ORIENTED_EDGE('',*,*,#1840,.F.);
#2995=ORIENTED_EDGE('',*,*,#2025,.F.);
#2996=ORIENTED_EDGE('',*,*,#1617,.F.);
#2997=ORIENTED_EDGE('',*,*,#2024,.T.);
#2998=ORIENTED_EDGE('',*,*,#1590,.T.);
#2999=ORIENTED_EDGE('',*,*,#2026,.T.);
#3000=ORIENTED_EDGE('',*,*,#1867,.T.);
#3001=ORIENTED_EDGE('',*,*,#2025,.T.);
#3002=ORIENTED_EDGE('',*,*,#1839,.F.);
#3003=ORIENTED_EDGE('',*,*,#2027,.F.);
#3004=ORIENTED_EDGE('',*,*,#1618,.F.);
#3005=ORIENTED_EDGE('',*,*,#2027,.T.);
#3006=ORIENTED_EDGE('',*,*,#1838,.F.);
#3007=ORIENTED_EDGE('',*,*,#2028,.F.);
#3008=ORIENTED_EDGE('',*,*,#1619,.F.);
#3009=ORIENTED_EDGE('',*,*,#2028,.T.);
#3010=ORIENTED_EDGE('',*,*,#1837,.F.);
#3011=ORIENTED_EDGE('',*,*,#2029,.F.);
#3012=ORIENTED_EDGE('',*,*,#1620,.F.);
#3013=ORIENTED_EDGE('',*,*,#2029,.T.);
#3014=ORIENTED_EDGE('',*,*,#1836,.F.);
#3015=ORIENTED_EDGE('',*,*,#2030,.F.);
#3016=ORIENTED_EDGE('',*,*,#1621,.F.);
#3017=ORIENTED_EDGE('',*,*,#2030,.T.);
#3018=ORIENTED_EDGE('',*,*,#1835,.F.);
#3019=ORIENTED_EDGE('',*,*,#2031,.F.);
#3020=ORIENTED_EDGE('',*,*,#1622,.F.);
#3021=ORIENTED_EDGE('',*,*,#2031,.T.);
#3022=ORIENTED_EDGE('',*,*,#1834,.F.);
#3023=ORIENTED_EDGE('',*,*,#2032,.F.);
#3024=ORIENTED_EDGE('',*,*,#1623,.F.);
#3025=ORIENTED_EDGE('',*,*,#2032,.T.);
#3026=ORIENTED_EDGE('',*,*,#1833,.F.);
#3027=ORIENTED_EDGE('',*,*,#1965,.F.);
#3028=ORIENTED_EDGE('',*,*,#1624,.F.);
#3029=ORIENTED_EDGE('',*,*,#2033,.F.);
#3030=ORIENTED_EDGE('',*,*,#1870,.F.);
#3031=ORIENTED_EDGE('',*,*,#2034,.F.);
#3032=ORIENTED_EDGE('',*,*,#1587,.F.);
#3033=ORIENTED_EDGE('',*,*,#2034,.T.);
#3034=ORIENTED_EDGE('',*,*,#1869,.F.);
#3035=ORIENTED_EDGE('',*,*,#2035,.F.);
#3036=ORIENTED_EDGE('',*,*,#1588,.F.);
#3037=ORIENTED_EDGE('',*,*,#2033,.T.);
#3038=ORIENTED_EDGE('',*,*,#1586,.T.);
#3039=ORIENTED_EDGE('',*,*,#2036,.T.);
#3040=ORIENTED_EDGE('',*,*,#2037,.T.);
#3041=ORIENTED_EDGE('',*,*,#2038,.T.);
#3042=ORIENTED_EDGE('',*,*,#1871,.T.);
#3043=ORIENTED_EDGE('',*,*,#2035,.T.);
#3044=ORIENTED_EDGE('',*,*,#1868,.F.);
#3045=ORIENTED_EDGE('',*,*,#2026,.F.);
#3046=ORIENTED_EDGE('',*,*,#1589,.F.);
#3047=ORIENTED_EDGE('',*,*,#2039,.F.);
#3048=ORIENTED_EDGE('',*,*,#2040,.F.);
#3049=ORIENTED_EDGE('',*,*,#2041,.F.);
#3050=ORIENTED_EDGE('',*,*,#2042,.F.);
#3051=ORIENTED_EDGE('',*,*,#2043,.F.);
#3052=ORIENTED_EDGE('',*,*,#2042,.T.);
#3053=ORIENTED_EDGE('',*,*,#2044,.T.);
#3054=ORIENTED_EDGE('',*,*,#2045,.T.);
#3055=ORIENTED_EDGE('',*,*,#2046,.F.);
#3056=ORIENTED_EDGE('',*,*,#2045,.F.);
#3057=ORIENTED_EDGE('',*,*,#2047,.F.);
#3058=ORIENTED_EDGE('',*,*,#2048,.F.);
#3059=ORIENTED_EDGE('',*,*,#2044,.F.);
#3060=ORIENTED_EDGE('',*,*,#2041,.T.);
#3061=ORIENTED_EDGE('',*,*,#2049,.T.);
#3062=ORIENTED_EDGE('',*,*,#2047,.T.);
#3063=ORIENTED_EDGE('',*,*,#2050,.F.);
#3064=ORIENTED_EDGE('',*,*,#2048,.T.);
#3065=ORIENTED_EDGE('',*,*,#2049,.F.);
#3066=ORIENTED_EDGE('',*,*,#2040,.T.);
#3067=ORIENTED_EDGE('',*,*,#2051,.F.);
#3068=ORIENTED_EDGE('',*,*,#2052,.T.);
#3069=ORIENTED_EDGE('',*,*,#2053,.F.);
#3070=ORIENTED_EDGE('',*,*,#2054,.F.);
#3071=ORIENTED_EDGE('',*,*,#2055,.F.);
#3072=ORIENTED_EDGE('',*,*,#2056,.F.);
#3073=ORIENTED_EDGE('',*,*,#2057,.F.);
#3074=ORIENTED_EDGE('',*,*,#2058,.T.);
#3075=ORIENTED_EDGE('',*,*,#2059,.T.);
#3076=ORIENTED_EDGE('',*,*,#2060,.T.);
#3077=ORIENTED_EDGE('',*,*,#2057,.T.);
#3078=ORIENTED_EDGE('',*,*,#2061,.T.);
#3079=ORIENTED_EDGE('',*,*,#2062,.T.);
#3080=ORIENTED_EDGE('',*,*,#2063,.T.);
#3081=ORIENTED_EDGE('',*,*,#2053,.T.);
#3082=ORIENTED_EDGE('',*,*,#2064,.T.);
#3083=ORIENTED_EDGE('',*,*,#2056,.T.);
#3084=ORIENTED_EDGE('',*,*,#2065,.F.);
#3085=ORIENTED_EDGE('',*,*,#2054,.T.);
#3086=ORIENTED_EDGE('',*,*,#2063,.F.);
#3087=ORIENTED_EDGE('',*,*,#2066,.F.);
#3088=ORIENTED_EDGE('',*,*,#2061,.F.);
#3089=ORIENTED_EDGE('',*,*,#2066,.T.);
#3090=ORIENTED_EDGE('',*,*,#2062,.F.);
#3091=ORIENTED_EDGE('',*,*,#2067,.F.);
#3092=ORIENTED_EDGE('',*,*,#2059,.F.);
#3093=ORIENTED_EDGE('',*,*,#2068,.F.);
#3094=ORIENTED_EDGE('',*,*,#2069,.F.);
#3095=ORIENTED_EDGE('',*,*,#2070,.F.);
#3096=ORIENTED_EDGE('',*,*,#2071,.T.);
#3097=ORIENTED_EDGE('',*,*,#2072,.T.);
#3098=ORIENTED_EDGE('',*,*,#2055,.T.);
#3099=ORIENTED_EDGE('',*,*,#2073,.T.);
#3100=ORIENTED_EDGE('',*,*,#2070,.T.);
#3101=ORIENTED_EDGE('',*,*,#2074,.T.);
#3102=ORIENTED_EDGE('',*,*,#2075,.F.);
#3103=ORIENTED_EDGE('',*,*,#2076,.T.);
#3104=ORIENTED_EDGE('',*,*,#2051,.T.);
#3105=ORIENTED_EDGE('',*,*,#2077,.T.);
#3106=ORIENTED_EDGE('',*,*,#2078,.T.);
#3107=ORIENTED_EDGE('',*,*,#2079,.F.);
#3108=ORIENTED_EDGE('',*,*,#2078,.F.);
#3109=ORIENTED_EDGE('',*,*,#2080,.F.);
#3110=ORIENTED_EDGE('',*,*,#2074,.F.);
#3111=ORIENTED_EDGE('',*,*,#2069,.T.);
#3112=ORIENTED_EDGE('',*,*,#2081,.F.);
#3113=ORIENTED_EDGE('',*,*,#2065,.T.);
#3114=ORIENTED_EDGE('',*,*,#2072,.F.);
#3115=ORIENTED_EDGE('',*,*,#2080,.T.);
#3116=ORIENTED_EDGE('',*,*,#2077,.F.);
#3117=ORIENTED_EDGE('',*,*,#2075,.T.);
#3118=ORIENTED_EDGE('',*,*,#2079,.T.);
#3119=ORIENTED_EDGE('',*,*,#2082,.F.);
#3120=ORIENTED_EDGE('',*,*,#2083,.T.);
#3121=ORIENTED_EDGE('',*,*,#2084,.F.);
#3122=ORIENTED_EDGE('',*,*,#2085,.F.);
#3123=ORIENTED_EDGE('',*,*,#2086,.F.);
#3124=ORIENTED_EDGE('',*,*,#2087,.F.);
#3125=ORIENTED_EDGE('',*,*,#2088,.F.);
#3126=ORIENTED_EDGE('',*,*,#2089,.T.);
#3127=ORIENTED_EDGE('',*,*,#2090,.T.);
#3128=ORIENTED_EDGE('',*,*,#2084,.T.);
#3129=ORIENTED_EDGE('',*,*,#2091,.T.);
#3130=ORIENTED_EDGE('',*,*,#2092,.T.);
#3131=ORIENTED_EDGE('',*,*,#2068,.T.);
#3132=ORIENTED_EDGE('',*,*,#2093,.T.);
#3133=ORIENTED_EDGE('',*,*,#2094,.T.);
#3134=ORIENTED_EDGE('',*,*,#2095,.T.);
#3135=ORIENTED_EDGE('',*,*,#2082,.T.);
#3136=ORIENTED_EDGE('',*,*,#2081,.T.);
#3137=ORIENTED_EDGE('',*,*,#2096,.T.);
#3138=ORIENTED_EDGE('',*,*,#2091,.F.);
#3139=ORIENTED_EDGE('',*,*,#2083,.F.);
#3140=ORIENTED_EDGE('',*,*,#2095,.F.);
#3141=ORIENTED_EDGE('',*,*,#2097,.F.);
#3142=ORIENTED_EDGE('',*,*,#2092,.F.);
#3143=ORIENTED_EDGE('',*,*,#2096,.F.);
#3144=ORIENTED_EDGE('',*,*,#2094,.F.);
#3145=ORIENTED_EDGE('',*,*,#2098,.T.);
#3146=ORIENTED_EDGE('',*,*,#2089,.F.);
#3147=ORIENTED_EDGE('',*,*,#2099,.F.);
#3148=ORIENTED_EDGE('',*,*,#2037,.F.);
#3149=ORIENTED_EDGE('',*,*,#2085,.T.);
#3150=ORIENTED_EDGE('',*,*,#2090,.F.);
#3151=ORIENTED_EDGE('',*,*,#2098,.F.);
#3152=ORIENTED_EDGE('',*,*,#2093,.F.);
#3153=ORIENTED_EDGE('',*,*,#2071,.F.);
#3154=ORIENTED_EDGE('',*,*,#2073,.F.);
#3155=ORIENTED_EDGE('',*,*,#2058,.F.);
#3156=ORIENTED_EDGE('',*,*,#2060,.F.);
#3157=ORIENTED_EDGE('',*,*,#2067,.T.);
#3158=ORIENTED_EDGE('',*,*,#2064,.F.);
#3159=ORIENTED_EDGE('',*,*,#2052,.F.);
#3160=ORIENTED_EDGE('',*,*,#2076,.F.);
#3161=ORIENTED_EDGE('',*,*,#2046,.T.);
#3162=ORIENTED_EDGE('',*,*,#2050,.T.);
#3163=ORIENTED_EDGE('',*,*,#2039,.T.);
#3164=ORIENTED_EDGE('',*,*,#2043,.T.);
#3165=ORIENTED_EDGE('',*,*,#2099,.T.);
#3166=ORIENTED_EDGE('',*,*,#2088,.T.);
#3167=ORIENTED_EDGE('',*,*,#2100,.T.);
#3168=ORIENTED_EDGE('',*,*,#2101,.F.);
#3169=ORIENTED_EDGE('',*,*,#1872,.F.);
#3170=ORIENTED_EDGE('',*,*,#2038,.F.);
#3171=ORIENTED_EDGE('',*,*,#2087,.T.);
#3172=ORIENTED_EDGE('',*,*,#2102,.T.);
#3173=ORIENTED_EDGE('',*,*,#2103,.F.);
#3174=ORIENTED_EDGE('',*,*,#2100,.F.);
#3175=ORIENTED_EDGE('',*,*,#2104,.T.);
#3176=ORIENTED_EDGE('',*,*,#1584,.T.);
#3177=ORIENTED_EDGE('',*,*,#1895,.T.);
#3178=ORIENTED_EDGE('',*,*,#1873,.T.);
#3179=ORIENTED_EDGE('',*,*,#2101,.T.);
#3180=ORIENTED_EDGE('',*,*,#2103,.T.);
#3181=ORIENTED_EDGE('',*,*,#2097,.T.);
#3182=ORIENTED_EDGE('',*,*,#2036,.F.);
#3183=ORIENTED_EDGE('',*,*,#1585,.T.);
#3184=ORIENTED_EDGE('',*,*,#2104,.F.);
#3185=ORIENTED_EDGE('',*,*,#2102,.F.);
#3186=ORIENTED_EDGE('',*,*,#2086,.T.);
#3187=CYLINDRICAL_SURFACE('',#3534,2.5);
#3188=CYLINDRICAL_SURFACE('',#3687,2.5);
#3189=CYLINDRICAL_SURFACE('',#3689,2.5);
#3190=CYLINDRICAL_SURFACE('',#3838,2.5);
#3191=CYLINDRICAL_SURFACE('',#3839,2.5);
#3192=CYLINDRICAL_SURFACE('',#3840,2.5);
#3193=CYLINDRICAL_SURFACE('',#3841,2.5);
#3194=CYLINDRICAL_SURFACE('',#3842,2.5);
#3195=CYLINDRICAL_SURFACE('',#3843,2.5);
#3196=CYLINDRICAL_SURFACE('',#3844,2.5);
#3197=CYLINDRICAL_SURFACE('',#3845,2.5);
#3198=CYLINDRICAL_SURFACE('',#3846,2.5);
#3199=CYLINDRICAL_SURFACE('',#3847,2.5);
#3200=CYLINDRICAL_SURFACE('',#3849,2.5);
#3201=CYLINDRICAL_SURFACE('',#3851,2.5);
#3202=CYLINDRICAL_SURFACE('',#3852,2.5);
#3203=CYLINDRICAL_SURFACE('',#3853,2.5);
#3204=CYLINDRICAL_SURFACE('',#3854,2.5);
#3205=CYLINDRICAL_SURFACE('',#3855,2.5);
#3206=CYLINDRICAL_SURFACE('',#3856,2.5);
#3207=CYLINDRICAL_SURFACE('',#3857,2.5);
#3208=CYLINDRICAL_SURFACE('',#3858,2.5);
#3209=CYLINDRICAL_SURFACE('',#3859,2.5);
#3210=CYLINDRICAL_SURFACE('',#3860,2.5);
#3211=CYLINDRICAL_SURFACE('',#3861,2.5);
#3212=CYLINDRICAL_SURFACE('',#3862,2.5);
#3213=CYLINDRICAL_SURFACE('',#3863,2.5);
#3214=CYLINDRICAL_SURFACE('',#3864,2.5);
#3215=CYLINDRICAL_SURFACE('',#3865,2.5);
#3216=CYLINDRICAL_SURFACE('',#3866,2.5);
#3217=CYLINDRICAL_SURFACE('',#3867,2.5);
#3218=CYLINDRICAL_SURFACE('',#3868,2.5);
#3219=CYLINDRICAL_SURFACE('',#3869,2.5);
#3220=CYLINDRICAL_SURFACE('',#3870,2.5);
#3221=CYLINDRICAL_SURFACE('',#3871,2.5);
#3222=CYLINDRICAL_SURFACE('',#3872,2.5);
#3223=CYLINDRICAL_SURFACE('',#3873,2.5);
#3224=CYLINDRICAL_SURFACE('',#3874,2.5);
#3225=CYLINDRICAL_SURFACE('',#3875,2.5);
#3226=CYLINDRICAL_SURFACE('',#3876,2.5);
#3227=CYLINDRICAL_SURFACE('',#3877,2.5);
#3228=CYLINDRICAL_SURFACE('',#3878,2.5);
#3229=CYLINDRICAL_SURFACE('',#3879,2.5);
#3230=CYLINDRICAL_SURFACE('',#3881,2.5);
#3231=CYLINDRICAL_SURFACE('',#3882,2.5);
#3232=CYLINDRICAL_SURFACE('',#3883,2.5);
#3233=CYLINDRICAL_SURFACE('',#3884,2.5);
#3234=CYLINDRICAL_SURFACE('',#3885,2.5);
#3235=CYLINDRICAL_SURFACE('',#3886,2.5);
#3236=CYLINDRICAL_SURFACE('',#3887,2.5);
#3237=CYLINDRICAL_SURFACE('',#3888,2.5);
#3238=CYLINDRICAL_SURFACE('',#3889,2.5);
#3239=CYLINDRICAL_SURFACE('',#3890,2.5);
#3240=CYLINDRICAL_SURFACE('',#3891,2.5);
#3241=CYLINDRICAL_SURFACE('',#3892,2.5);
#3242=CYLINDRICAL_SURFACE('',#3893,2.5);
#3243=CYLINDRICAL_SURFACE('',#3894,2.5);
#3244=CYLINDRICAL_SURFACE('',#3895,2.5);
#3245=CYLINDRICAL_SURFACE('',#3896,2.5);
#3246=CYLINDRICAL_SURFACE('',#3897,2.5);
#3247=CYLINDRICAL_SURFACE('',#3898,2.5);
#3248=CYLINDRICAL_SURFACE('',#3899,2.5);
#3249=CYLINDRICAL_SURFACE('',#3900,2.5);
#3250=CYLINDRICAL_SURFACE('',#3901,2.5);
#3251=CYLINDRICAL_SURFACE('',#3902,2.5);
#3252=CYLINDRICAL_SURFACE('',#3903,2.5);
#3253=CYLINDRICAL_SURFACE('',#3904,2.5);
#3254=CYLINDRICAL_SURFACE('',#3905,2.5);
#3255=CYLINDRICAL_SURFACE('',#3906,2.5);
#3256=CYLINDRICAL_SURFACE('',#3907,2.5);
#3257=CYLINDRICAL_SURFACE('',#3908,2.5);
#3258=CYLINDRICAL_SURFACE('',#3909,2.5);
#3259=CYLINDRICAL_SURFACE('',#3910,2.5);
#3260=CYLINDRICAL_SURFACE('',#3911,2.5);
#3261=CYLINDRICAL_SURFACE('',#3912,2.5);
#3262=CYLINDRICAL_SURFACE('',#3913,2.5);
#3263=CYLINDRICAL_SURFACE('',#3914,2.5);
#3264=CYLINDRICAL_SURFACE('',#3915,2.5);
#3265=CYLINDRICAL_SURFACE('',#3916,2.5);
#3266=CYLINDRICAL_SURFACE('',#3918,2.5);
#3267=CYLINDRICAL_SURFACE('',#3919,2.5);
#3268=CYLINDRICAL_SURFACE('',#3920,2.5);
#3269=CYLINDRICAL_SURFACE('',#3921,2.5);
#3270=CYLINDRICAL_SURFACE('',#3922,2.5);
#3271=CYLINDRICAL_SURFACE('',#3923,2.5);
#3272=CYLINDRICAL_SURFACE('',#3924,2.5);
#3273=CYLINDRICAL_SURFACE('',#3925,2.5);
#3274=CYLINDRICAL_SURFACE('',#3926,2.5);
#3275=CYLINDRICAL_SURFACE('',#3927,2.5);
#3276=CYLINDRICAL_SURFACE('',#3928,2.5);
#3277=CYLINDRICAL_SURFACE('',#3929,2.5);
#3278=CYLINDRICAL_SURFACE('',#3930,2.5);
#3279=CYLINDRICAL_SURFACE('',#3931,2.5);
#3280=CYLINDRICAL_SURFACE('',#3932,2.5);
#3281=CYLINDRICAL_SURFACE('',#3933,2.5);
#3282=CYLINDRICAL_SURFACE('',#3934,2.5);
#3283=CYLINDRICAL_SURFACE('',#3935,2.5);
#3284=CYLINDRICAL_SURFACE('',#3936,2.5);
#3285=CYLINDRICAL_SURFACE('',#3937,2.5);
#3286=CYLINDRICAL_SURFACE('',#3938,2.5);
#3287=CYLINDRICAL_SURFACE('',#3939,2.5);
#3288=CYLINDRICAL_SURFACE('',#3940,2.5);
#3289=CYLINDRICAL_SURFACE('',#3941,2.5);
#3290=CYLINDRICAL_SURFACE('',#3942,2.5);
#3291=CYLINDRICAL_SURFACE('',#3943,2.5);
#3292=CYLINDRICAL_SURFACE('',#3944,2.5);
#3293=CYLINDRICAL_SURFACE('',#3945,2.5);
#3294=CYLINDRICAL_SURFACE('',#3946,2.5);
#3295=CYLINDRICAL_SURFACE('',#3947,2.5);
#3296=CYLINDRICAL_SURFACE('',#3948,2.5);
#3297=CYLINDRICAL_SURFACE('',#3949,2.5);
#3298=CYLINDRICAL_SURFACE('',#3950,2.5);
#3299=CYLINDRICAL_SURFACE('',#3951,2.5);
#3300=CYLINDRICAL_SURFACE('',#3952,2.5);
#3301=CYLINDRICAL_SURFACE('',#3953,2.5);
#3302=CYLINDRICAL_SURFACE('',#3954,2.5);
#3303=CYLINDRICAL_SURFACE('',#3955,2.5);
#3304=CYLINDRICAL_SURFACE('',#3956,2.5);
#3305=CYLINDRICAL_SURFACE('',#3957,2.5);
#3306=CYLINDRICAL_SURFACE('',#3958,2.5);
#3307=CYLINDRICAL_SURFACE('',#3959,2.5);
#3308=CYLINDRICAL_SURFACE('',#3960,2.5);
#3309=CYLINDRICAL_SURFACE('',#3961,2.5);
#3310=CYLINDRICAL_SURFACE('',#3962,2.5);
#3311=CYLINDRICAL_SURFACE('',#3963,2.5);
#3312=CYLINDRICAL_SURFACE('',#3964,2.5);
#3313=CYLINDRICAL_SURFACE('',#3965,2.5);
#3314=CYLINDRICAL_SURFACE('',#3966,2.5);
#3315=CYLINDRICAL_SURFACE('',#3967,2.5);
#3316=CYLINDRICAL_SURFACE('',#3968,2.5);
#3317=CYLINDRICAL_SURFACE('',#3969,2.5);
#3318=CYLINDRICAL_SURFACE('',#3970,2.5);
#3319=CYLINDRICAL_SURFACE('',#3971,2.5);
#3320=CYLINDRICAL_SURFACE('',#3972,2.5);
#3321=CYLINDRICAL_SURFACE('',#3973,2.5);
#3322=CYLINDRICAL_SURFACE('',#3974,2.5);
#3323=CYLINDRICAL_SURFACE('',#3975,2.5);
#3324=CYLINDRICAL_SURFACE('',#3976,2.5);
#3325=CYLINDRICAL_SURFACE('',#3977,2.5);
#3326=CYLINDRICAL_SURFACE('',#3979,2.5);
#3327=CYLINDRICAL_SURFACE('',#3980,2.5);
#3328=CYLINDRICAL_SURFACE('',#3981,2.5);
#3329=CYLINDRICAL_SURFACE('',#3982,2.5);
#3330=CYLINDRICAL_SURFACE('',#3983,2.5);
#3331=CYLINDRICAL_SURFACE('',#3984,2.5);
#3332=CYLINDRICAL_SURFACE('',#3985,2.5);
#3333=CYLINDRICAL_SURFACE('',#3986,2.5);
#3334=CYLINDRICAL_SURFACE('',#3987,2.5);
#3335=CYLINDRICAL_SURFACE('',#3989,2.5);
#3336=ADVANCED_FACE('',(#51),#3187,.F.);
#3337=ADVANCED_FACE('',(#52),#16,.T.);
#3338=ADVANCED_FACE('',(#53),#17,.F.);
#3339=ADVANCED_FACE('',(#54),#3188,.F.);
#3340=ADVANCED_FACE('',(#55),#3189,.F.);
#3341=ADVANCED_FACE('',(#56),#18,.F.);
#3342=ADVANCED_FACE('',(#57),#3190,.F.);
#3343=ADVANCED_FACE('',(#58),#3191,.F.);
#3344=ADVANCED_FACE('',(#59),#3192,.F.);
#3345=ADVANCED_FACE('',(#60),#3193,.F.);
#3346=ADVANCED_FACE('',(#61),#3194,.F.);
#3347=ADVANCED_FACE('',(#62),#3195,.F.);
#3348=ADVANCED_FACE('',(#63),#3196,.F.);
#3349=ADVANCED_FACE('',(#64),#3197,.F.);
#3350=ADVANCED_FACE('',(#65),#3198,.F.);
#3351=ADVANCED_FACE('',(#66),#3199,.F.);
#3352=ADVANCED_FACE('',(#67),#19,.F.);
#3353=ADVANCED_FACE('',(#68),#3200,.F.);
#3354=ADVANCED_FACE('',(#69),#20,.T.);
#3355=ADVANCED_FACE('',(#70),#3201,.F.);
#3356=ADVANCED_FACE('',(#71),#3202,.F.);
#3357=ADVANCED_FACE('',(#72),#3203,.F.);
#3358=ADVANCED_FACE('',(#73),#3204,.F.);
#3359=ADVANCED_FACE('',(#74),#3205,.F.);
#3360=ADVANCED_FACE('',(#75),#3206,.F.);
#3361=ADVANCED_FACE('',(#76),#3207,.F.);
#3362=ADVANCED_FACE('',(#77),#3208,.F.);
#3363=ADVANCED_FACE('',(#78),#3209,.F.);
#3364=ADVANCED_FACE('',(#79),#3210,.F.);
#3365=ADVANCED_FACE('',(#80),#3211,.F.);
#3366=ADVANCED_FACE('',(#81),#3212,.F.);
#3367=ADVANCED_FACE('',(#82),#3213,.F.);
#3368=ADVANCED_FACE('',(#83),#3214,.F.);
#3369=ADVANCED_FACE('',(#84),#3215,.F.);
#3370=ADVANCED_FACE('',(#85),#3216,.F.);
#3371=ADVANCED_FACE('',(#86),#3217,.F.);
#3372=ADVANCED_FACE('',(#87),#3218,.F.);
#3373=ADVANCED_FACE('',(#88),#3219,.F.);
#3374=ADVANCED_FACE('',(#89),#3220,.F.);
#3375=ADVANCED_FACE('',(#90),#3221,.F.);
#3376=ADVANCED_FACE('',(#91),#3222,.F.);
#3377=ADVANCED_FACE('',(#92),#3223,.F.);
#3378=ADVANCED_FACE('',(#93),#3224,.F.);
#3379=ADVANCED_FACE('',(#94),#3225,.F.);
#3380=ADVANCED_FACE('',(#95),#3226,.F.);
#3381=ADVANCED_FACE('',(#96),#3227,.F.);
#3382=ADVANCED_FACE('',(#97),#3228,.F.);
#3383=ADVANCED_FACE('',(#98),#3229,.F.);
#3384=ADVANCED_FACE('',(#99),#21,.T.);
#3385=ADVANCED_FACE('',(#100),#3230,.F.);
#3386=ADVANCED_FACE('',(#101),#3231,.F.);
#3387=ADVANCED_FACE('',(#102),#3232,.F.);
#3388=ADVANCED_FACE('',(#103),#3233,.F.);
#3389=ADVANCED_FACE('',(#104),#3234,.F.);
#3390=ADVANCED_FACE('',(#105),#3235,.F.);
#3391=ADVANCED_FACE('',(#106),#3236,.F.);
#3392=ADVANCED_FACE('',(#107),#3237,.F.);
#3393=ADVANCED_FACE('',(#108),#3238,.F.);
#3394=ADVANCED_FACE('',(#109),#3239,.F.);
#3395=ADVANCED_FACE('',(#110),#3240,.F.);
#3396=ADVANCED_FACE('',(#111),#3241,.F.);
#3397=ADVANCED_FACE('',(#112),#3242,.F.);
#3398=ADVANCED_FACE('',(#113),#3243,.F.);
#3399=ADVANCED_FACE('',(#114),#3244,.F.);
#3400=ADVANCED_FACE('',(#115),#3245,.F.);
#3401=ADVANCED_FACE('',(#116),#3246,.F.);
#3402=ADVANCED_FACE('',(#117),#3247,.F.);
#3403=ADVANCED_FACE('',(#118),#3248,.F.);
#3404=ADVANCED_FACE('',(#119),#3249,.F.);
#3405=ADVANCED_FACE('',(#120),#3250,.F.);
#3406=ADVANCED_FACE('',(#121),#3251,.F.);
#3407=ADVANCED_FACE('',(#122),#3252,.F.);
#3408=ADVANCED_FACE('',(#123),#3253,.F.);
#3409=ADVANCED_FACE('',(#124),#3254,.F.);
#3410=ADVANCED_FACE('',(#125),#3255,.F.);
#3411=ADVANCED_FACE('',(#126),#3256,.F.);
#3412=ADVANCED_FACE('',(#127),#3257,.F.);
#3413=ADVANCED_FACE('',(#128),#3258,.F.);
#3414=ADVANCED_FACE('',(#129),#3259,.F.);
#3415=ADVANCED_FACE('',(#130),#3260,.F.);
#3416=ADVANCED_FACE('',(#131),#3261,.F.);
#3417=ADVANCED_FACE('',(#132),#3262,.F.);
#3418=ADVANCED_FACE('',(#133),#3263,.F.);
#3419=ADVANCED_FACE('',(#134),#3264,.F.);
#3420=ADVANCED_FACE('',(#135),#3265,.F.);
#3421=ADVANCED_FACE('',(#136),#22,.T.);
#3422=ADVANCED_FACE('',(#137),#3266,.F.);
#3423=ADVANCED_FACE('',(#138),#3267,.F.);
#3424=ADVANCED_FACE('',(#139),#3268,.F.);
#3425=ADVANCED_FACE('',(#140),#3269,.F.);
#3426=ADVANCED_FACE('',(#141),#3270,.F.);
#3427=ADVANCED_FACE('',(#142),#3271,.F.);
#3428=ADVANCED_FACE('',(#143),#3272,.F.);
#3429=ADVANCED_FACE('',(#144),#3273,.F.);
#3430=ADVANCED_FACE('',(#145),#3274,.F.);
#3431=ADVANCED_FACE('',(#146),#3275,.F.);
#3432=ADVANCED_FACE('',(#147),#3276,.F.);
#3433=ADVANCED_FACE('',(#148),#3277,.F.);
#3434=ADVANCED_FACE('',(#149),#3278,.F.);
#3435=ADVANCED_FACE('',(#150),#3279,.F.);
#3436=ADVANCED_FACE('',(#151),#3280,.F.);
#3437=ADVANCED_FACE('',(#152),#3281,.F.);
#3438=ADVANCED_FACE('',(#153),#3282,.F.);
#3439=ADVANCED_FACE('',(#154),#3283,.F.);
#3440=ADVANCED_FACE('',(#155),#3284,.F.);
#3441=ADVANCED_FACE('',(#156),#3285,.F.);
#3442=ADVANCED_FACE('',(#157),#3286,.F.);
#3443=ADVANCED_FACE('',(#158),#3287,.F.);
#3444=ADVANCED_FACE('',(#159),#3288,.F.);
#3445=ADVANCED_FACE('',(#160),#3289,.F.);
#3446=ADVANCED_FACE('',(#161),#3290,.F.);
#3447=ADVANCED_FACE('',(#162),#3291,.F.);
#3448=ADVANCED_FACE('',(#163),#3292,.F.);
#3449=ADVANCED_FACE('',(#164),#3293,.F.);
#3450=ADVANCED_FACE('',(#165),#3294,.F.);
#3451=ADVANCED_FACE('',(#166),#3295,.F.);
#3452=ADVANCED_FACE('',(#167),#3296,.F.);
#3453=ADVANCED_FACE('',(#168),#3297,.F.);
#3454=ADVANCED_FACE('',(#169),#3298,.F.);
#3455=ADVANCED_FACE('',(#170),#3299,.F.);
#3456=ADVANCED_FACE('',(#171),#3300,.F.);
#3457=ADVANCED_FACE('',(#172),#3301,.F.);
#3458=ADVANCED_FACE('',(#173),#3302,.F.);
#3459=ADVANCED_FACE('',(#174),#3303,.F.);
#3460=ADVANCED_FACE('',(#175),#3304,.F.);
#3461=ADVANCED_FACE('',(#176),#3305,.F.);
#3462=ADVANCED_FACE('',(#177),#3306,.F.);
#3463=ADVANCED_FACE('',(#178),#3307,.F.);
#3464=ADVANCED_FACE('',(#179),#3308,.F.);
#3465=ADVANCED_FACE('',(#180),#3309,.F.);
#3466=ADVANCED_FACE('',(#181),#3310,.F.);
#3467=ADVANCED_FACE('',(#182),#3311,.F.);
#3468=ADVANCED_FACE('',(#183),#3312,.F.);
#3469=ADVANCED_FACE('',(#184),#3313,.F.);
#3470=ADVANCED_FACE('',(#185),#3314,.F.);
#3471=ADVANCED_FACE('',(#186),#3315,.F.);
#3472=ADVANCED_FACE('',(#187),#3316,.F.);
#3473=ADVANCED_FACE('',(#188),#3317,.F.);
#3474=ADVANCED_FACE('',(#189),#3318,.F.);
#3475=ADVANCED_FACE('',(#190),#3319,.F.);
#3476=ADVANCED_FACE('',(#191),#3320,.F.);
#3477=ADVANCED_FACE('',(#192),#3321,.F.);
#3478=ADVANCED_FACE('',(#193),#3322,.F.);
#3479=ADVANCED_FACE('',(#194),#3323,.F.);
#3480=ADVANCED_FACE('',(#195),#3324,.F.);
#3481=ADVANCED_FACE('',(#196),#3325,.F.);
#3482=ADVANCED_FACE('',(#197),#23,.T.);
#3483=ADVANCED_FACE('',(#198),#3326,.F.);
#3484=ADVANCED_FACE('',(#199),#3327,.F.);
#3485=ADVANCED_FACE('',(#200),#3328,.F.);
#3486=ADVANCED_FACE('',(#201),#3329,.F.);
#3487=ADVANCED_FACE('',(#202),#3330,.F.);
#3488=ADVANCED_FACE('',(#203),#3331,.F.);
#3489=ADVANCED_FACE('',(#204),#3332,.F.);
#3490=ADVANCED_FACE('',(#205),#3333,.F.);
#3491=ADVANCED_FACE('',(#206),#3334,.F.);
#3492=ADVANCED_FACE('',(#207),#24,.T.);
#3493=ADVANCED_FACE('',(#208),#3335,.F.);
#3494=ADVANCED_FACE('',(#209),#25,.F.);
#3495=ADVANCED_FACE('',(#210),#26,.T.);
#3496=ADVANCED_FACE('',(#211),#27,.T.);
#3497=ADVANCED_FACE('',(#212),#28,.T.);
#3498=ADVANCED_FACE('',(#213),#29,.T.);
#3499=ADVANCED_FACE('',(#214),#30,.F.);
#3500=ADVANCED_FACE('',(#215),#31,.F.);
#3501=ADVANCED_FACE('',(#216),#32,.T.);
#3502=ADVANCED_FACE('',(#217),#33,.F.);
#3503=ADVANCED_FACE('',(#218),#34,.F.);
#3504=ADVANCED_FACE('',(#219),#35,.F.);
#3505=ADVANCED_FACE('',(#220),#36,.F.);
#3506=ADVANCED_FACE('',(#221),#37,.T.);
#3507=ADVANCED_FACE('',(#222),#38,.F.);
#3508=ADVANCED_FACE('',(#223),#39,.F.);
#3509=ADVANCED_FACE('',(#224),#40,.F.);
#3510=ADVANCED_FACE('',(#225),#41,.F.);
#3511=ADVANCED_FACE('',(#226),#42,.F.);
#3512=ADVANCED_FACE('',(#227),#43,.T.);
#3513=ADVANCED_FACE('',(#228),#44,.F.);
#3514=ADVANCED_FACE('',(#229),#45,.F.);
#3515=ADVANCED_FACE('',(#230,#15),#46,.F.);
#3516=ADVANCED_FACE('',(#231),#47,.F.);
#3517=ADVANCED_FACE('',(#232),#48,.F.);
#3518=ADVANCED_FACE('',(#233),#49,.F.);
#3519=ADVANCED_FACE('',(#234),#50,.F.);
#3520=CLOSED_SHELL('',(#3336,#3337,#3338,#3339,#3340,#3341,#3342,#3343,
#3344,#3345,#3346,#3347,#3348,#3349,#3350,#3351,#3352,#3353,#3354,#3355,
#3356,#3357,#3358,#3359,#3360,#3361,#3362,#3363,#3364,#3365,#3366,#3367,
#3368,#3369,#3370,#3371,#3372,#3373,#3374,#3375,#3376,#3377,#3378,#3379,
#3380,#3381,#3382,#3383,#3384,#3385,#3386,#3387,#3388,#3389,#3390,#3391,
#3392,#3393,#3394,#3395,#3396,#3397,#3398,#3399,#3400,#3401,#3402,#3403,
#3404,#3405,#3406,#3407,#3408,#3409,#3410,#3411,#3412,#3413,#3414,#3415,
#3416,#3417,#3418,#3419,#3420,#3421,#3422,#3423,#3424,#3425,#3426,#3427,
#3428,#3429,#3430,#3431,#3432,#3433,#3434,#3435,#3436,#3437,#3438,#3439,
#3440,#3441,#3442,#3443,#3444,#3445,#3446,#3447,#3448,#3449,#3450,#3451,
#3452,#3453,#3454,#3455,#3456,#3457,#3458,#3459,#3460,#3461,#3462,#3463,
#3464,#3465,#3466,#3467,#3468,#3469,#3470,#3471,#3472,#3473,#3474,#3475,
#3476,#3477,#3478,#3479,#3480,#3481,#3482,#3483,#3484,#3485,#3486,#3487,
#3488,#3489,#3490,#3491,#3492,#3493,#3494,#3495,#3496,#3497,#3498,#3499,
#3500,#3501,#3502,#3503,#3504,#3505,#3506,#3507,#3508,#3509,#3510,#3511,
#3512,#3513,#3514,#3515,#3516,#3517,#3518,#3519));
#3521=DERIVED_UNIT_ELEMENT(#3523,1.);
#3522=DERIVED_UNIT_ELEMENT(#6316,-3.);
#3523=(
MASS_UNIT()
NAMED_UNIT(*)
SI_UNIT(.KILO.,.GRAM.)
);
#3524=DERIVED_UNIT((#3521,#3522));
#3525=MEASURE_REPRESENTATION_ITEM('density measure',
POSITIVE_RATIO_MEASURE(7850.),#3524);
#3526=PROPERTY_DEFINITION_REPRESENTATION(#3531,#3528);
#3527=PROPERTY_DEFINITION_REPRESENTATION(#3532,#3529);
#3528=REPRESENTATION('material name',(#3530),#6313);
#3529=REPRESENTATION('density',(#3525),#6313);
#3530=DESCRIPTIVE_REPRESENTATION_ITEM('Steel','Steel');
#3531=PROPERTY_DEFINITION('material property','material name',#6323);
#3532=PROPERTY_DEFINITION('material property','density of part',#6323);
#3533=AXIS2_PLACEMENT_3D('',#5225,#4016,#4017);
#3534=AXIS2_PLACEMENT_3D('',#5226,#4018,#4019);
#3535=AXIS2_PLACEMENT_3D('',#5231,#4021,#4022);
#3536=AXIS2_PLACEMENT_3D('',#5234,#4024,#4025);
#3537=AXIS2_PLACEMENT_3D('',#5235,#4026,#4027);
#3538=AXIS2_PLACEMENT_3D('',#5241,#4031,#4032);
#3539=AXIS2_PLACEMENT_3D('',#5243,#4033,#4034);
#3540=AXIS2_PLACEMENT_3D('',#5245,#4035,#4036);
#3541=AXIS2_PLACEMENT_3D('',#5247,#4037,#4038);
#3542=AXIS2_PLACEMENT_3D('',#5249,#4039,#4040);
#3543=AXIS2_PLACEMENT_3D('',#5251,#4041,#4042);
#3544=AXIS2_PLACEMENT_3D('',#5253,#4043,#4044);
#3545=AXIS2_PLACEMENT_3D('',#5255,#4045,#4046);
#3546=AXIS2_PLACEMENT_3D('',#5257,#4047,#4048);
#3547=AXIS2_PLACEMENT_3D('',#5259,#4049,#4050);
#3548=AXIS2_PLACEMENT_3D('',#5261,#4051,#4052);
#3549=AXIS2_PLACEMENT_3D('',#5263,#4053,#4054);
#3550=AXIS2_PLACEMENT_3D('',#5265,#4055,#4056);
#3551=AXIS2_PLACEMENT_3D('',#5275,#4061,#4062);
#3552=AXIS2_PLACEMENT_3D('',#5277,#4063,#4064);
#3553=AXIS2_PLACEMENT_3D('',#5279,#4065,#4066);
#3554=AXIS2_PLACEMENT_3D('',#5283,#4068,#4069);
#3555=AXIS2_PLACEMENT_3D('',#5285,#4070,#4071);
#3556=AXIS2_PLACEMENT_3D('',#5287,#4072,#4073);
#3557=AXIS2_PLACEMENT_3D('',#5289,#4074,#4075);
#3558=AXIS2_PLACEMENT_3D('',#5291,#4076,#4077);
#3559=AXIS2_PLACEMENT_3D('',#5293,#4078,#4079);
#3560=AXIS2_PLACEMENT_3D('',#5295,#4080,#4081);
#3561=AXIS2_PLACEMENT_3D('',#5297,#4082,#4083);
#3562=AXIS2_PLACEMENT_3D('',#5299,#4084,#4085);
#3563=AXIS2_PLACEMENT_3D('',#5301,#4086,#4087);
#3564=AXIS2_PLACEMENT_3D('',#5303,#4088,#4089);
#3565=AXIS2_PLACEMENT_3D('',#5305,#4090,#4091);
#3566=AXIS2_PLACEMENT_3D('',#5307,#4092,#4093);
#3567=AXIS2_PLACEMENT_3D('',#5309,#4094,#4095);
#3568=AXIS2_PLACEMENT_3D('',#5311,#4096,#4097);
#3569=AXIS2_PLACEMENT_3D('',#5313,#4098,#4099);
#3570=AXIS2_PLACEMENT_3D('',#5315,#4100,#4101);
#3571=AXIS2_PLACEMENT_3D('',#5317,#4102,#4103);
#3572=AXIS2_PLACEMENT_3D('',#5319,#4104,#4105);
#3573=AXIS2_PLACEMENT_3D('',#5321,#4106,#4107);
#3574=AXIS2_PLACEMENT_3D('',#5323,#4108,#4109);
#3575=AXIS2_PLACEMENT_3D('',#5325,#4110,#4111);
#3576=AXIS2_PLACEMENT_3D('',#5327,#4112,#4113);
#3577=AXIS2_PLACEMENT_3D('',#5329,#4114,#4115);
#3578=AXIS2_PLACEMENT_3D('',#5331,#4116,#4117);
#3579=AXIS2_PLACEMENT_3D('',#5333,#4118,#4119);
#3580=AXIS2_PLACEMENT_3D('',#5335,#4120,#4121);
#3581=AXIS2_PLACEMENT_3D('',#5337,#4122,#4123);
#3582=AXIS2_PLACEMENT_3D('',#5339,#4124,#4125);
#3583=AXIS2_PLACEMENT_3D('',#5341,#4126,#4127);
#3584=AXIS2_PLACEMENT_3D('',#5343,#4128,#4129);
#3585=AXIS2_PLACEMENT_3D('',#5345,#4130,#4131);
#3586=AXIS2_PLACEMENT_3D('',#5347,#4132,#4133);
#3587=AXIS2_PLACEMENT_3D('',#5349,#4134,#4135);
#3588=AXIS2_PLACEMENT_3D('',#5353,#4137,#4138);
#3589=AXIS2_PLACEMENT_3D('',#5355,#4139,#4140);
#3590=AXIS2_PLACEMENT_3D('',#5357,#4141,#4142);
#3591=AXIS2_PLACEMENT_3D('',#5359,#4143,#4144);
#3592=AXIS2_PLACEMENT_3D('',#5361,#4145,#4146);
#3593=AXIS2_PLACEMENT_3D('',#5363,#4147,#4148);
#3594=AXIS2_PLACEMENT_3D('',#5365,#4149,#4150);
#3595=AXIS2_PLACEMENT_3D('',#5367,#4151,#4152);
#3596=AXIS2_PLACEMENT_3D('',#5369,#4153,#4154);
#3597=AXIS2_PLACEMENT_3D('',#5371,#4155,#4156);
#3598=AXIS2_PLACEMENT_3D('',#5373,#4157,#4158);
#3599=AXIS2_PLACEMENT_3D('',#5375,#4159,#4160);
#3600=AXIS2_PLACEMENT_3D('',#5377,#4161,#4162);
#3601=AXIS2_PLACEMENT_3D('',#5379,#4163,#4164);
#3602=AXIS2_PLACEMENT_3D('',#5381,#4165,#4166);
#3603=AXIS2_PLACEMENT_3D('',#5383,#4167,#4168);
#3604=AXIS2_PLACEMENT_3D('',#5385,#4169,#4170);
#3605=AXIS2_PLACEMENT_3D('',#5387,#4171,#4172);
#3606=AXIS2_PLACEMENT_3D('',#5389,#4173,#4174);
#3607=AXIS2_PLACEMENT_3D('',#5391,#4175,#4176);
#3608=AXIS2_PLACEMENT_3D('',#5393,#4177,#4178);
#3609=AXIS2_PLACEMENT_3D('',#5395,#4179,#4180);
#3610=AXIS2_PLACEMENT_3D('',#5397,#4181,#4182);
#3611=AXIS2_PLACEMENT_3D('',#5399,#4183,#4184);
#3612=AXIS2_PLACEMENT_3D('',#5401,#4185,#4186);
#3613=AXIS2_PLACEMENT_3D('',#5403,#4187,#4188);
#3614=AXIS2_PLACEMENT_3D('',#5405,#4189,#4190);
#3615=AXIS2_PLACEMENT_3D('',#5407,#4191,#4192);
#3616=AXIS2_PLACEMENT_3D('',#5409,#4193,#4194);
#3617=AXIS2_PLACEMENT_3D('',#5411,#4195,#4196);
#3618=AXIS2_PLACEMENT_3D('',#5413,#4197,#4198);
#3619=AXIS2_PLACEMENT_3D('',#5415,#4199,#4200);
#3620=AXIS2_PLACEMENT_3D('',#5417,#4201,#4202);
#3621=AXIS2_PLACEMENT_3D('',#5419,#4203,#4204);
#3622=AXIS2_PLACEMENT_3D('',#5423,#4206,#4207);
#3623=AXIS2_PLACEMENT_3D('',#5425,#4208,#4209);
#3624=AXIS2_PLACEMENT_3D('',#5427,#4210,#4211);
#3625=AXIS2_PLACEMENT_3D('',#5429,#4212,#4213);
#3626=AXIS2_PLACEMENT_3D('',#5431,#4214,#4215);
#3627=AXIS2_PLACEMENT_3D('',#5433,#4216,#4217);
#3628=AXIS2_PLACEMENT_3D('',#5435,#4218,#4219);
#3629=AXIS2_PLACEMENT_3D('',#5437,#4220,#4221);
#3630=AXIS2_PLACEMENT_3D('',#5439,#4222,#4223);
#3631=AXIS2_PLACEMENT_3D('',#5441,#4224,#4225);
#3632=AXIS2_PLACEMENT_3D('',#5443,#4226,#4227);
#3633=AXIS2_PLACEMENT_3D('',#5445,#4228,#4229);
#3634=AXIS2_PLACEMENT_3D('',#5447,#4230,#4231);
#3635=AXIS2_PLACEMENT_3D('',#5449,#4232,#4233);
#3636=AXIS2_PLACEMENT_3D('',#5451,#4234,#4235);
#3637=AXIS2_PLACEMENT_3D('',#5453,#4236,#4237);
#3638=AXIS2_PLACEMENT_3D('',#5455,#4238,#4239);
#3639=AXIS2_PLACEMENT_3D('',#5457,#4240,#4241);
#3640=AXIS2_PLACEMENT_3D('',#5459,#4242,#4243);
#3641=AXIS2_PLACEMENT_3D('',#5461,#4244,#4245);
#3642=AXIS2_PLACEMENT_3D('',#5463,#4246,#4247);
#3643=AXIS2_PLACEMENT_3D('',#5465,#4248,#4249);
#3644=AXIS2_PLACEMENT_3D('',#5467,#4250,#4251);
#3645=AXIS2_PLACEMENT_3D('',#5469,#4252,#4253);
#3646=AXIS2_PLACEMENT_3D('',#5471,#4254,#4255);
#3647=AXIS2_PLACEMENT_3D('',#5473,#4256,#4257);
#3648=AXIS2_PLACEMENT_3D('',#5475,#4258,#4259);
#3649=AXIS2_PLACEMENT_3D('',#5477,#4260,#4261);
#3650=AXIS2_PLACEMENT_3D('',#5479,#4262,#4263);
#3651=AXIS2_PLACEMENT_3D('',#5481,#4264,#4265);
#3652=AXIS2_PLACEMENT_3D('',#5483,#4266,#4267);
#3653=AXIS2_PLACEMENT_3D('',#5485,#4268,#4269);
#3654=AXIS2_PLACEMENT_3D('',#5487,#4270,#4271);
#3655=AXIS2_PLACEMENT_3D('',#5489,#4272,#4273);
#3656=AXIS2_PLACEMENT_3D('',#5491,#4274,#4275);
#3657=AXIS2_PLACEMENT_3D('',#5493,#4276,#4277);
#3658=AXIS2_PLACEMENT_3D('',#5495,#4278,#4279);
#3659=AXIS2_PLACEMENT_3D('',#5499,#4281,#4282);
#3660=AXIS2_PLACEMENT_3D('',#5501,#4283,#4284);
#3661=AXIS2_PLACEMENT_3D('',#5503,#4285,#4286);
#3662=AXIS2_PLACEMENT_3D('',#5505,#4287,#4288);
#3663=AXIS2_PLACEMENT_3D('',#5507,#4289,#4290);
#3664=AXIS2_PLACEMENT_3D('',#5509,#4291,#4292);
#3665=AXIS2_PLACEMENT_3D('',#5511,#4293,#4294);
#3666=AXIS2_PLACEMENT_3D('',#5513,#4295,#4296);
#3667=AXIS2_PLACEMENT_3D('',#5515,#4297,#4298);
#3668=AXIS2_PLACEMENT_3D('',#5517,#4299,#4300);
#3669=AXIS2_PLACEMENT_3D('',#5519,#4301,#4302);
#3670=AXIS2_PLACEMENT_3D('',#5521,#4303,#4304);
#3671=AXIS2_PLACEMENT_3D('',#5523,#4305,#4306);
#3672=AXIS2_PLACEMENT_3D('',#5525,#4307,#4308);
#3673=AXIS2_PLACEMENT_3D('',#5527,#4309,#4310);
#3674=AXIS2_PLACEMENT_3D('',#5529,#4311,#4312);
#3675=AXIS2_PLACEMENT_3D('',#5531,#4313,#4314);
#3676=AXIS2_PLACEMENT_3D('',#5533,#4315,#4316);
#3677=AXIS2_PLACEMENT_3D('',#5535,#4317,#4318);
#3678=AXIS2_PLACEMENT_3D('',#5537,#4319,#4320);
#3679=AXIS2_PLACEMENT_3D('',#5539,#4321,#4322);
#3680=AXIS2_PLACEMENT_3D('',#5541,#4323,#4324);
#3681=AXIS2_PLACEMENT_3D('',#5543,#4325,#4326);
#3682=AXIS2_PLACEMENT_3D('',#5545,#4327,#4328);
#3683=AXIS2_PLACEMENT_3D('',#5547,#4329,#4330);
#3684=AXIS2_PLACEMENT_3D('',#5549,#4331,#4332);
#3685=AXIS2_PLACEMENT_3D('',#5551,#4333,#4334);
#3686=AXIS2_PLACEMENT_3D('',#5552,#4335,#4336);
#3687=AXIS2_PLACEMENT_3D('',#5553,#4337,#4338);
#3688=AXIS2_PLACEMENT_3D('',#5555,#4339,#4340);
#3689=AXIS2_PLACEMENT_3D('',#5557,#4342,#4343);
#3690=AXIS2_PLACEMENT_3D('',#5559,#4344,#4345);
#3691=AXIS2_PLACEMENT_3D('',#5561,#4347,#4348);
#3692=AXIS2_PLACEMENT_3D('',#5563,#4349,#4350);
#3693=AXIS2_PLACEMENT_3D('',#5565,#4351,#4352);
#3694=AXIS2_PLACEMENT_3D('',#5567,#4353,#4354);
#3695=AXIS2_PLACEMENT_3D('',#5569,#4355,#4356);
#3696=AXIS2_PLACEMENT_3D('',#5571,#4357,#4358);
#3697=AXIS2_PLACEMENT_3D('',#5573,#4359,#4360);
#3698=AXIS2_PLACEMENT_3D('',#5575,#4361,#4362);
#3699=AXIS2_PLACEMENT_3D('',#5577,#4363,#4364);
#3700=AXIS2_PLACEMENT_3D('',#5579,#4365,#4366);
#3701=AXIS2_PLACEMENT_3D('',#5581,#4367,#4368);
#3702=AXIS2_PLACEMENT_3D('',#5583,#4369,#4370);
#3703=AXIS2_PLACEMENT_3D('',#5585,#4371,#4372);
#3704=AXIS2_PLACEMENT_3D('',#5587,#4373,#4374);
#3705=AXIS2_PLACEMENT_3D('',#5589,#4375,#4376);
#3706=AXIS2_PLACEMENT_3D('',#5591,#4377,#4378);
#3707=AXIS2_PLACEMENT_3D('',#5593,#4379,#4380);
#3708=AXIS2_PLACEMENT_3D('',#5595,#4381,#4382);
#3709=AXIS2_PLACEMENT_3D('',#5597,#4383,#4384);
#3710=AXIS2_PLACEMENT_3D('',#5599,#4385,#4386);
#3711=AXIS2_PLACEMENT_3D('',#5601,#4387,#4388);
#3712=AXIS2_PLACEMENT_3D('',#5603,#4389,#4390);
#3713=AXIS2_PLACEMENT_3D('',#5605,#4391,#4392);
#3714=AXIS2_PLACEMENT_3D('',#5607,#4393,#4394);
#3715=AXIS2_PLACEMENT_3D('',#5609,#4395,#4396);
#3716=AXIS2_PLACEMENT_3D('',#5611,#4397,#4398);
#3717=AXIS2_PLACEMENT_3D('',#5613,#4399,#4400);
#3718=AXIS2_PLACEMENT_3D('',#5615,#4401,#4402);
#3719=AXIS2_PLACEMENT_3D('',#5617,#4403,#4404);
#3720=AXIS2_PLACEMENT_3D('',#5621,#4406,#4407);
#3721=AXIS2_PLACEMENT_3D('',#5623,#4408,#4409);
#3722=AXIS2_PLACEMENT_3D('',#5625,#4410,#4411);
#3723=AXIS2_PLACEMENT_3D('',#5627,#4412,#4413);
#3724=AXIS2_PLACEMENT_3D('',#5629,#4414,#4415);
#3725=AXIS2_PLACEMENT_3D('',#5631,#4416,#4417);
#3726=AXIS2_PLACEMENT_3D('',#5633,#4418,#4419);
#3727=AXIS2_PLACEMENT_3D('',#5635,#4420,#4421);
#3728=AXIS2_PLACEMENT_3D('',#5637,#4422,#4423);
#3729=AXIS2_PLACEMENT_3D('',#5639,#4424,#4425);
#3730=AXIS2_PLACEMENT_3D('',#5641,#4426,#4427);
#3731=AXIS2_PLACEMENT_3D('',#5643,#4428,#4429);
#3732=AXIS2_PLACEMENT_3D('',#5645,#4430,#4431);
#3733=AXIS2_PLACEMENT_3D('',#5647,#4432,#4433);
#3734=AXIS2_PLACEMENT_3D('',#5649,#4434,#4435);
#3735=AXIS2_PLACEMENT_3D('',#5651,#4436,#4437);
#3736=AXIS2_PLACEMENT_3D('',#5653,#4438,#4439);
#3737=AXIS2_PLACEMENT_3D('',#5655,#4440,#4441);
#3738=AXIS2_PLACEMENT_3D('',#5657,#4442,#4443);
#3739=AXIS2_PLACEMENT_3D('',#5659,#4444,#4445);
#3740=AXIS2_PLACEMENT_3D('',#5661,#4446,#4447);
#3741=AXIS2_PLACEMENT_3D('',#5663,#4448,#4449);
#3742=AXIS2_PLACEMENT_3D('',#5665,#4450,#4451);
#3743=AXIS2_PLACEMENT_3D('',#5667,#4452,#4453);
#3744=AXIS2_PLACEMENT_3D('',#5669,#4454,#4455);
#3745=AXIS2_PLACEMENT_3D('',#5671,#4456,#4457);
#3746=AXIS2_PLACEMENT_3D('',#5673,#4458,#4459);
#3747=AXIS2_PLACEMENT_3D('',#5675,#4460,#4461);
#3748=AXIS2_PLACEMENT_3D('',#5677,#4462,#4463);
#3749=AXIS2_PLACEMENT_3D('',#5679,#4464,#4465);
#3750=AXIS2_PLACEMENT_3D('',#5681,#4466,#4467);
#3751=AXIS2_PLACEMENT_3D('',#5683,#4468,#4469);
#3752=AXIS2_PLACEMENT_3D('',#5685,#4470,#4471);
#3753=AXIS2_PLACEMENT_3D('',#5687,#4472,#4473);
#3754=AXIS2_PLACEMENT_3D('',#5689,#4474,#4475);
#3755=AXIS2_PLACEMENT_3D('',#5691,#4476,#4477);
#3756=AXIS2_PLACEMENT_3D('',#5693,#4478,#4479);
#3757=AXIS2_PLACEMENT_3D('',#5697,#4481,#4482);
#3758=AXIS2_PLACEMENT_3D('',#5699,#4483,#4484);
#3759=AXIS2_PLACEMENT_3D('',#5701,#4485,#4486);
#3760=AXIS2_PLACEMENT_3D('',#5703,#4487,#4488);
#3761=AXIS2_PLACEMENT_3D('',#5705,#4489,#4490);
#3762=AXIS2_PLACEMENT_3D('',#5707,#4491,#4492);
#3763=AXIS2_PLACEMENT_3D('',#5709,#4493,#4494);
#3764=AXIS2_PLACEMENT_3D('',#5711,#4495,#4496);
#3765=AXIS2_PLACEMENT_3D('',#5713,#4497,#4498);
#3766=AXIS2_PLACEMENT_3D('',#5715,#4499,#4500);
#3767=AXIS2_PLACEMENT_3D('',#5717,#4501,#4502);
#3768=AXIS2_PLACEMENT_3D('',#5719,#4503,#4504);
#3769=AXIS2_PLACEMENT_3D('',#5721,#4505,#4506);
#3770=AXIS2_PLACEMENT_3D('',#5723,#4507,#4508);
#3771=AXIS2_PLACEMENT_3D('',#5725,#4509,#4510);
#3772=AXIS2_PLACEMENT_3D('',#5727,#4511,#4512);
#3773=AXIS2_PLACEMENT_3D('',#5729,#4513,#4514);
#3774=AXIS2_PLACEMENT_3D('',#5731,#4515,#4516);
#3775=AXIS2_PLACEMENT_3D('',#5733,#4517,#4518);
#3776=AXIS2_PLACEMENT_3D('',#5735,#4519,#4520);
#3777=AXIS2_PLACEMENT_3D('',#5737,#4521,#4522);
#3778=AXIS2_PLACEMENT_3D('',#5739,#4523,#4524);
#3779=AXIS2_PLACEMENT_3D('',#5741,#4525,#4526);
#3780=AXIS2_PLACEMENT_3D('',#5743,#4527,#4528);
#3781=AXIS2_PLACEMENT_3D('',#5745,#4529,#4530);
#3782=AXIS2_PLACEMENT_3D('',#5747,#4531,#4532);
#3783=AXIS2_PLACEMENT_3D('',#5749,#4533,#4534);
#3784=AXIS2_PLACEMENT_3D('',#5751,#4535,#4536);
#3785=AXIS2_PLACEMENT_3D('',#5753,#4537,#4538);
#3786=AXIS2_PLACEMENT_3D('',#5755,#4539,#4540);
#3787=AXIS2_PLACEMENT_3D('',#5757,#4541,#4542);
#3788=AXIS2_PLACEMENT_3D('',#5759,#4543,#4544);
#3789=AXIS2_PLACEMENT_3D('',#5761,#4545,#4546);
#3790=AXIS2_PLACEMENT_3D('',#5763,#4547,#4548);
#3791=AXIS2_PLACEMENT_3D('',#5767,#4550,#4551);
#3792=AXIS2_PLACEMENT_3D('',#5769,#4552,#4553);
#3793=AXIS2_PLACEMENT_3D('',#5771,#4554,#4555);
#3794=AXIS2_PLACEMENT_3D('',#5773,#4556,#4557);
#3795=AXIS2_PLACEMENT_3D('',#5775,#4558,#4559);
#3796=AXIS2_PLACEMENT_3D('',#5777,#4560,#4561);
#3797=AXIS2_PLACEMENT_3D('',#5779,#4562,#4563);
#3798=AXIS2_PLACEMENT_3D('',#5781,#4564,#4565);
#3799=AXIS2_PLACEMENT_3D('',#5783,#4566,#4567);
#3800=AXIS2_PLACEMENT_3D('',#5785,#4568,#4569);
#3801=AXIS2_PLACEMENT_3D('',#5787,#4570,#4571);
#3802=AXIS2_PLACEMENT_3D('',#5789,#4572,#4573);
#3803=AXIS2_PLACEMENT_3D('',#5791,#4574,#4575);
#3804=AXIS2_PLACEMENT_3D('',#5793,#4576,#4577);
#3805=AXIS2_PLACEMENT_3D('',#5795,#4578,#4579);
#3806=AXIS2_PLACEMENT_3D('',#5797,#4580,#4581);
#3807=AXIS2_PLACEMENT_3D('',#5799,#4582,#4583);
#3808=AXIS2_PLACEMENT_3D('',#5801,#4584,#4585);
#3809=AXIS2_PLACEMENT_3D('',#5803,#4586,#4587);
#3810=AXIS2_PLACEMENT_3D('',#5805,#4588,#4589);
#3811=AXIS2_PLACEMENT_3D('',#5807,#4590,#4591);
#3812=AXIS2_PLACEMENT_3D('',#5809,#4592,#4593);
#3813=AXIS2_PLACEMENT_3D('',#5811,#4594,#4595);
#3814=AXIS2_PLACEMENT_3D('',#5813,#4596,#4597);
#3815=AXIS2_PLACEMENT_3D('',#5815,#4598,#4599);
#3816=AXIS2_PLACEMENT_3D('',#5817,#4600,#4601);
#3817=AXIS2_PLACEMENT_3D('',#5819,#4602,#4603);
#3818=AXIS2_PLACEMENT_3D('',#5821,#4604,#4605);
#3819=AXIS2_PLACEMENT_3D('',#5823,#4606,#4607);
#3820=AXIS2_PLACEMENT_3D('',#5825,#4608,#4609);
#3821=AXIS2_PLACEMENT_3D('',#5827,#4610,#4611);
#3822=AXIS2_PLACEMENT_3D('',#5829,#4612,#4613);
#3823=AXIS2_PLACEMENT_3D('',#5831,#4614,#4615);
#3824=AXIS2_PLACEMENT_3D('',#5833,#4616,#4617);
#3825=AXIS2_PLACEMENT_3D('',#5837,#4619,#4620);
#3826=AXIS2_PLACEMENT_3D('',#5839,#4621,#4622);
#3827=AXIS2_PLACEMENT_3D('',#5841,#4623,#4624);
#3828=AXIS2_PLACEMENT_3D('',#5851,#4629,#4630);
#3829=AXIS2_PLACEMENT_3D('',#5853,#4631,#4632);
#3830=AXIS2_PLACEMENT_3D('',#5855,#4633,#4634);
#3831=AXIS2_PLACEMENT_3D('',#5857,#4635,#4636);
#3832=AXIS2_PLACEMENT_3D('',#5859,#4637,#4638);
#3833=AXIS2_PLACEMENT_3D('',#5861,#4639,#4640);
#3834=AXIS2_PLACEMENT_3D('',#5863,#4641,#4642);
#3835=AXIS2_PLACEMENT_3D('',#5865,#4643,#4644);
#3836=AXIS2_PLACEMENT_3D('',#5867,#4645,#4646);
#3837=AXIS2_PLACEMENT_3D('',#5868,#4647,#4648);
#3838=AXIS2_PLACEMENT_3D('',#5869,#4649,#4650);
#3839=AXIS2_PLACEMENT_3D('',#5871,#4652,#4653);
#3840=AXIS2_PLACEMENT_3D('',#5873,#4655,#4656);
#3841=AXIS2_PLACEMENT_3D('',#5875,#4658,#4659);
#3842=AXIS2_PLACEMENT_3D('',#5877,#4661,#4662);
#3843=AXIS2_PLACEMENT_3D('',#5879,#4664,#4665);
#3844=AXIS2_PLACEMENT_3D('',#5881,#4667,#4668);
#3845=AXIS2_PLACEMENT_3D('',#5883,#4670,#4671);
#3846=AXIS2_PLACEMENT_3D('',#5885,#4673,#4674);
#3847=AXIS2_PLACEMENT_3D('',#5887,#4676,#4677);
#3848=AXIS2_PLACEMENT_3D('',#5889,#4679,#4680);
#3849=AXIS2_PLACEMENT_3D('',#5891,#4682,#4683);
#3850=AXIS2_PLACEMENT_3D('',#5894,#4686,#4687);
#3851=AXIS2_PLACEMENT_3D('',#5896,#4689,#4690);
#3852=AXIS2_PLACEMENT_3D('',#5898,#4692,#4693);
#3853=AXIS2_PLACEMENT_3D('',#5900,#4695,#4696);
#3854=AXIS2_PLACEMENT_3D('',#5902,#4698,#4699);
#3855=AXIS2_PLACEMENT_3D('',#5904,#4701,#4702);
#3856=AXIS2_PLACEMENT_3D('',#5906,#4704,#4705);
#3857=AXIS2_PLACEMENT_3D('',#5908,#4707,#4708);
#3858=AXIS2_PLACEMENT_3D('',#5910,#4710,#4711);
#3859=AXIS2_PLACEMENT_3D('',#5912,#4713,#4714);
#3860=AXIS2_PLACEMENT_3D('',#5914,#4716,#4717);
#3861=AXIS2_PLACEMENT_3D('',#5916,#4719,#4720);
#3862=AXIS2_PLACEMENT_3D('',#5918,#4722,#4723);
#3863=AXIS2_PLACEMENT_3D('',#5920,#4725,#4726);
#3864=AXIS2_PLACEMENT_3D('',#5922,#4728,#4729);
#3865=AXIS2_PLACEMENT_3D('',#5924,#4731,#4732);
#3866=AXIS2_PLACEMENT_3D('',#5926,#4734,#4735);
#3867=AXIS2_PLACEMENT_3D('',#5928,#4737,#4738);
#3868=AXIS2_PLACEMENT_3D('',#5930,#4740,#4741);
#3869=AXIS2_PLACEMENT_3D('',#5932,#4743,#4744);
#3870=AXIS2_PLACEMENT_3D('',#5934,#4746,#4747);
#3871=AXIS2_PLACEMENT_3D('',#5936,#4749,#4750);
#3872=AXIS2_PLACEMENT_3D('',#5938,#4752,#4753);
#3873=AXIS2_PLACEMENT_3D('',#5940,#4755,#4756);
#3874=AXIS2_PLACEMENT_3D('',#5942,#4758,#4759);
#3875=AXIS2_PLACEMENT_3D('',#5944,#4761,#4762);
#3876=AXIS2_PLACEMENT_3D('',#5946,#4764,#4765);
#3877=AXIS2_PLACEMENT_3D('',#5948,#4767,#4768);
#3878=AXIS2_PLACEMENT_3D('',#5949,#4769,#4770);
#3879=AXIS2_PLACEMENT_3D('',#5952,#4773,#4774);
#3880=AXIS2_PLACEMENT_3D('',#5954,#4776,#4777);
#3881=AXIS2_PLACEMENT_3D('',#5956,#4779,#4780);
#3882=AXIS2_PLACEMENT_3D('',#5958,#4782,#4783);
#3883=AXIS2_PLACEMENT_3D('',#5960,#4785,#4786);
#3884=AXIS2_PLACEMENT_3D('',#5962,#4788,#4789);
#3885=AXIS2_PLACEMENT_3D('',#5964,#4791,#4792);
#3886=AXIS2_PLACEMENT_3D('',#5966,#4794,#4795);
#3887=AXIS2_PLACEMENT_3D('',#5968,#4797,#4798);
#3888=AXIS2_PLACEMENT_3D('',#5970,#4800,#4801);
#3889=AXIS2_PLACEMENT_3D('',#5972,#4803,#4804);
#3890=AXIS2_PLACEMENT_3D('',#5974,#4806,#4807);
#3891=AXIS2_PLACEMENT_3D('',#5976,#4809,#4810);
#3892=AXIS2_PLACEMENT_3D('',#5978,#4812,#4813);
#3893=AXIS2_PLACEMENT_3D('',#5980,#4815,#4816);
#3894=AXIS2_PLACEMENT_3D('',#5982,#4818,#4819);
#3895=AXIS2_PLACEMENT_3D('',#5984,#4821,#4822);
#3896=AXIS2_PLACEMENT_3D('',#5986,#4824,#4825);
#3897=AXIS2_PLACEMENT_3D('',#5988,#4827,#4828);
#3898=AXIS2_PLACEMENT_3D('',#5990,#4830,#4831);
#3899=AXIS2_PLACEMENT_3D('',#5992,#4833,#4834);
#3900=AXIS2_PLACEMENT_3D('',#5994,#4836,#4837);
#3901=AXIS2_PLACEMENT_3D('',#5996,#4839,#4840);
#3902=AXIS2_PLACEMENT_3D('',#5998,#4842,#4843);
#3903=AXIS2_PLACEMENT_3D('',#6000,#4845,#4846);
#3904=AXIS2_PLACEMENT_3D('',#6002,#4848,#4849);
#3905=AXIS2_PLACEMENT_3D('',#6004,#4851,#4852);
#3906=AXIS2_PLACEMENT_3D('',#6006,#4854,#4855);
#3907=AXIS2_PLACEMENT_3D('',#6008,#4857,#4858);
#3908=AXIS2_PLACEMENT_3D('',#6010,#4860,#4861);
#3909=AXIS2_PLACEMENT_3D('',#6012,#4863,#4864);
#3910=AXIS2_PLACEMENT_3D('',#6014,#4866,#4867);
#3911=AXIS2_PLACEMENT_3D('',#6016,#4869,#4870);
#3912=AXIS2_PLACEMENT_3D('',#6018,#4872,#4873);
#3913=AXIS2_PLACEMENT_3D('',#6020,#4875,#4876);
#3914=AXIS2_PLACEMENT_3D('',#6022,#4878,#4879);
#3915=AXIS2_PLACEMENT_3D('',#6024,#4881,#4882);
#3916=AXIS2_PLACEMENT_3D('',#6025,#4883,#4884);
#3917=AXIS2_PLACEMENT_3D('',#6028,#4887,#4888);
#3918=AXIS2_PLACEMENT_3D('',#6030,#4890,#4891);
#3919=AXIS2_PLACEMENT_3D('',#6032,#4893,#4894);
#3920=AXIS2_PLACEMENT_3D('',#6034,#4896,#4897);
#3921=AXIS2_PLACEMENT_3D('',#6036,#4899,#4900);
#3922=AXIS2_PLACEMENT_3D('',#6038,#4902,#4903);
#3923=AXIS2_PLACEMENT_3D('',#6040,#4905,#4906);
#3924=AXIS2_PLACEMENT_3D('',#6042,#4908,#4909);
#3925=AXIS2_PLACEMENT_3D('',#6044,#4911,#4912);
#3926=AXIS2_PLACEMENT_3D('',#6046,#4914,#4915);
#3927=AXIS2_PLACEMENT_3D('',#6048,#4917,#4918);
#3928=AXIS2_PLACEMENT_3D('',#6050,#4920,#4921);
#3929=AXIS2_PLACEMENT_3D('',#6052,#4923,#4924);
#3930=AXIS2_PLACEMENT_3D('',#6054,#4926,#4927);
#3931=AXIS2_PLACEMENT_3D('',#6056,#4929,#4930);
#3932=AXIS2_PLACEMENT_3D('',#6058,#4932,#4933);
#3933=AXIS2_PLACEMENT_3D('',#6060,#4935,#4936);
#3934=AXIS2_PLACEMENT_3D('',#6062,#4938,#4939);
#3935=AXIS2_PLACEMENT_3D('',#6064,#4941,#4942);
#3936=AXIS2_PLACEMENT_3D('',#6066,#4944,#4945);
#3937=AXIS2_PLACEMENT_3D('',#6068,#4947,#4948);
#3938=AXIS2_PLACEMENT_3D('',#6070,#4950,#4951);
#3939=AXIS2_PLACEMENT_3D('',#6072,#4953,#4954);
#3940=AXIS2_PLACEMENT_3D('',#6074,#4956,#4957);
#3941=AXIS2_PLACEMENT_3D('',#6076,#4959,#4960);
#3942=AXIS2_PLACEMENT_3D('',#6078,#4962,#4963);
#3943=AXIS2_PLACEMENT_3D('',#6080,#4965,#4966);
#3944=AXIS2_PLACEMENT_3D('',#6082,#4968,#4969);
#3945=AXIS2_PLACEMENT_3D('',#6084,#4971,#4972);
#3946=AXIS2_PLACEMENT_3D('',#6086,#4974,#4975);
#3947=AXIS2_PLACEMENT_3D('',#6088,#4977,#4978);
#3948=AXIS2_PLACEMENT_3D('',#6090,#4980,#4981);
#3949=AXIS2_PLACEMENT_3D('',#6092,#4983,#4984);
#3950=AXIS2_PLACEMENT_3D('',#6094,#4986,#4987);
#3951=AXIS2_PLACEMENT_3D('',#6095,#4988,#4989);
#3952=AXIS2_PLACEMENT_3D('',#6098,#4992,#4993);
#3953=AXIS2_PLACEMENT_3D('',#6100,#4995,#4996);
#3954=AXIS2_PLACEMENT_3D('',#6102,#4998,#4999);
#3955=AXIS2_PLACEMENT_3D('',#6104,#5001,#5002);
#3956=AXIS2_PLACEMENT_3D('',#6106,#5004,#5005);
#3957=AXIS2_PLACEMENT_3D('',#6108,#5007,#5008);
#3958=AXIS2_PLACEMENT_3D('',#6110,#5010,#5011);
#3959=AXIS2_PLACEMENT_3D('',#6112,#5013,#5014);
#3960=AXIS2_PLACEMENT_3D('',#6114,#5016,#5017);
#3961=AXIS2_PLACEMENT_3D('',#6116,#5019,#5020);
#3962=AXIS2_PLACEMENT_3D('',#6118,#5022,#5023);
#3963=AXIS2_PLACEMENT_3D('',#6120,#5025,#5026);
#3964=AXIS2_PLACEMENT_3D('',#6122,#5028,#5029);
#3965=AXIS2_PLACEMENT_3D('',#6124,#5031,#5032);
#3966=AXIS2_PLACEMENT_3D('',#6126,#5034,#5035);
#3967=AXIS2_PLACEMENT_3D('',#6128,#5037,#5038);
#3968=AXIS2_PLACEMENT_3D('',#6130,#5040,#5041);
#3969=AXIS2_PLACEMENT_3D('',#6132,#5043,#5044);
#3970=AXIS2_PLACEMENT_3D('',#6134,#5046,#5047);
#3971=AXIS2_PLACEMENT_3D('',#6136,#5049,#5050);
#3972=AXIS2_PLACEMENT_3D('',#6138,#5052,#5053);
#3973=AXIS2_PLACEMENT_3D('',#6140,#5055,#5056);
#3974=AXIS2_PLACEMENT_3D('',#6142,#5058,#5059);
#3975=AXIS2_PLACEMENT_3D('',#6144,#5061,#5062);
#3976=AXIS2_PLACEMENT_3D('',#6146,#5064,#5065);
#3977=AXIS2_PLACEMENT_3D('',#6148,#5067,#5068);
#3978=AXIS2_PLACEMENT_3D('',#6150,#5070,#5071);
#3979=AXIS2_PLACEMENT_3D('',#6152,#5073,#5074);
#3980=AXIS2_PLACEMENT_3D('',#6154,#5076,#5077);
#3981=AXIS2_PLACEMENT_3D('',#6156,#5079,#5080);
#3982=AXIS2_PLACEMENT_3D('',#6158,#5082,#5083);
#3983=AXIS2_PLACEMENT_3D('',#6160,#5085,#5086);
#3984=AXIS2_PLACEMENT_3D('',#6162,#5088,#5089);
#3985=AXIS2_PLACEMENT_3D('',#6164,#5091,#5092);
#3986=AXIS2_PLACEMENT_3D('',#6165,#5093,#5094);
#3987=AXIS2_PLACEMENT_3D('',#6168,#5097,#5098);
#3988=AXIS2_PLACEMENT_3D('',#6170,#5100,#5101);
#3989=AXIS2_PLACEMENT_3D('',#6176,#5105,#5106);
#3990=AXIS2_PLACEMENT_3D('',#6177,#5107,#5108);
#3991=AXIS2_PLACEMENT_3D('',#6186,#5113,#5114);
#3992=AXIS2_PLACEMENT_3D('',#6192,#5118,#5119);
#3993=AXIS2_PLACEMENT_3D('',#6198,#5123,#5124);
#3994=AXIS2_PLACEMENT_3D('',#6200,#5126,#5127);
#3995=AXIS2_PLACEMENT_3D('',#6202,#5129,#5130);
#3996=AXIS2_PLACEMENT_3D('',#6211,#5135,#5136);
#3997=AXIS2_PLACEMENT_3D('',#6220,#5141,#5142);
#3998=AXIS2_PLACEMENT_3D('',#6226,#5146,#5147);
#3999=AXIS2_PLACEMENT_3D('',#6232,#5151,#5152);
#4000=AXIS2_PLACEMENT_3D('',#6235,#5155,#5156);
#4001=AXIS2_PLACEMENT_3D('',#6237,#5158,#5159);
#4002=AXIS2_PLACEMENT_3D('',#6246,#5164,#5165);
#4003=AXIS2_PLACEMENT_3D('',#6251,#5169,#5170);
#4004=AXIS2_PLACEMENT_3D('',#6259,#5175,#5176);
#4005=AXIS2_PLACEMENT_3D('',#6264,#5180,#5181);
#4006=AXIS2_PLACEMENT_3D('',#6265,#5182,#5183);
#4007=AXIS2_PLACEMENT_3D('',#6273,#5188,#5189);
#4008=AXIS2_PLACEMENT_3D('',#6287,#5197,#5198);
#4009=AXIS2_PLACEMENT_3D('',#6293,#5202,#5203);
#4010=AXIS2_PLACEMENT_3D('',#6295,#5205,#5206);
#4011=AXIS2_PLACEMENT_3D('',#6299,#5210,#5211);
#4012=AXIS2_PLACEMENT_3D('',#6300,#5212,#5213);
#4013=AXIS2_PLACEMENT_3D('',#6304,#5216,#5217);
#4014=AXIS2_PLACEMENT_3D('',#6308,#5220,#5221);
#4015=AXIS2_PLACEMENT_3D('',#6310,#5223,#5224);
#4016=DIRECTION('axis',(0.,0.,1.));
#4017=DIRECTION('refdir',(1.,0.,0.));
#4018=DIRECTION('center_axis',(1.,0.,0.));
#4019=DIRECTION('ref_axis',(0.,0.,-1.));
#4020=DIRECTION('',(1.,0.,0.));
#4021=DIRECTION('center_axis',(1.,0.,0.));
#4022=DIRECTION('ref_axis',(0.,0.,-1.));
#4023=DIRECTION('',(-1.,0.,0.));
#4024=DIRECTION('center_axis',(-1.,0.,0.));
#4025=DIRECTION('ref_axis',(0.,0.,-1.));
#4026=DIRECTION('center_axis',(0.,0.,1.));
#4027=DIRECTION('ref_axis',(1.,0.,0.));
#4028=DIRECTION('',(0.,-1.,0.));
#4029=DIRECTION('',(1.,0.,0.));
#4030=DIRECTION('',(0.,1.,0.));
#4031=DIRECTION('center_axis',(1.,0.,0.));
#4032=DIRECTION('ref_axis',(0.,0.,-1.));
#4033=DIRECTION('center_axis',(1.,0.,0.));
#4034=DIRECTION('ref_axis',(0.,0.,-1.));
#4035=DIRECTION('center_axis',(1.,0.,0.));
#4036=DIRECTION('ref_axis',(0.,0.,-1.));
#4037=DIRECTION('center_axis',(1.,0.,0.));
#4038=DIRECTION('ref_axis',(0.,0.,-1.));
#4039=DIRECTION('center_axis',(1.,0.,0.));
#4040=DIRECTION('ref_axis',(0.,0.,-1.));
#4041=DIRECTION('center_axis',(1.,0.,0.));
#4042=DIRECTION('ref_axis',(0.,0.,-1.));
#4043=DIRECTION('center_axis',(1.,0.,0.));
#4044=DIRECTION('ref_axis',(0.,0.,-1.));
#4045=DIRECTION('center_axis',(1.,0.,0.));
#4046=DIRECTION('ref_axis',(0.,0.,-1.));
#4047=DIRECTION('center_axis',(1.,0.,0.));
#4048=DIRECTION('ref_axis',(0.,0.,-1.));
#4049=DIRECTION('center_axis',(1.,0.,0.));
#4050=DIRECTION('ref_axis',(0.,0.,-1.));
#4051=DIRECTION('center_axis',(1.,0.,0.));
#4052=DIRECTION('ref_axis',(0.,0.,-1.));
#4053=DIRECTION('center_axis',(1.,0.,0.));
#4054=DIRECTION('ref_axis',(0.,0.,-1.));
#4055=DIRECTION('center_axis',(1.,0.,0.));
#4056=DIRECTION('ref_axis',(0.,0.,-1.));
#4057=DIRECTION('',(0.,0.,-1.));
#4058=DIRECTION('',(0.,1.,0.));
#4059=DIRECTION('',(0.,0.,-1.));
#4060=DIRECTION('',(0.,-1.,0.));
#4061=DIRECTION('center_axis',(1.,0.,0.));
#4062=DIRECTION('ref_axis',(0.,0.,-1.));
#4063=DIRECTION('center_axis',(1.,0.,0.));
#4064=DIRECTION('ref_axis',(0.,0.,-1.));
#4065=DIRECTION('center_axis',(1.,0.,0.));
#4066=DIRECTION('ref_axis',(0.,0.,-1.));
#4067=DIRECTION('',(0.,-1.,0.));
#4068=DIRECTION('center_axis',(1.,0.,0.));
#4069=DIRECTION('ref_axis',(0.,0.,-1.));
#4070=DIRECTION('center_axis',(1.,0.,0.));
#4071=DIRECTION('ref_axis',(0.,0.,-1.));
#4072=DIRECTION('center_axis',(1.,0.,0.));
#4073=DIRECTION('ref_axis',(0.,0.,-1.));
#4074=DIRECTION('center_axis',(1.,0.,0.));
#4075=DIRECTION('ref_axis',(0.,0.,-1.));
#4076=DIRECTION('center_axis',(1.,0.,0.));
#4077=DIRECTION('ref_axis',(0.,0.,-1.));
#4078=DIRECTION('center_axis',(1.,0.,0.));
#4079=DIRECTION('ref_axis',(0.,0.,-1.));
#4080=DIRECTION('center_axis',(1.,0.,0.));
#4081=DIRECTION('ref_axis',(0.,0.,-1.));
#4082=DIRECTION('center_axis',(1.,0.,0.));
#4083=DIRECTION('ref_axis',(0.,0.,-1.));
#4084=DIRECTION('center_axis',(1.,0.,0.));
#4085=DIRECTION('ref_axis',(0.,0.,-1.));
#4086=DIRECTION('center_axis',(1.,0.,0.));
#4087=DIRECTION('ref_axis',(0.,0.,-1.));
#4088=DIRECTION('center_axis',(1.,0.,0.));
#4089=DIRECTION('ref_axis',(0.,0.,-1.));
#4090=DIRECTION('center_axis',(1.,0.,0.));
#4091=DIRECTION('ref_axis',(0.,0.,-1.));
#4092=DIRECTION('center_axis',(1.,0.,0.));
#4093=DIRECTION('ref_axis',(0.,0.,-1.));
#4094=DIRECTION('center_axis',(1.,0.,0.));
#4095=DIRECTION('ref_axis',(0.,0.,-1.));
#4096=DIRECTION('center_axis',(1.,0.,0.));
#4097=DIRECTION('ref_axis',(0.,0.,-1.));
#4098=DIRECTION('center_axis',(1.,0.,0.));
#4099=DIRECTION('ref_axis',(0.,0.,-1.));
#4100=DIRECTION('center_axis',(1.,0.,0.));
#4101=DIRECTION('ref_axis',(0.,0.,-1.));
#4102=DIRECTION('center_axis',(1.,0.,0.));
#4103=DIRECTION('ref_axis',(0.,0.,-1.));
#4104=DIRECTION('center_axis',(1.,0.,0.));
#4105=DIRECTION('ref_axis',(0.,0.,-1.));
#4106=DIRECTION('center_axis',(1.,0.,0.));
#4107=DIRECTION('ref_axis',(0.,0.,-1.));
#4108=DIRECTION('center_axis',(1.,0.,0.));
#4109=DIRECTION('ref_axis',(0.,0.,-1.));
#4110=DIRECTION('center_axis',(1.,0.,0.));
#4111=DIRECTION('ref_axis',(0.,0.,-1.));
#4112=DIRECTION('center_axis',(1.,0.,0.));
#4113=DIRECTION('ref_axis',(0.,0.,-1.));
#4114=DIRECTION('center_axis',(1.,0.,0.));
#4115=DIRECTION('ref_axis',(0.,0.,-1.));
#4116=DIRECTION('center_axis',(1.,0.,0.));
#4117=DIRECTION('ref_axis',(0.,0.,-1.));
#4118=DIRECTION('center_axis',(1.,0.,0.));
#4119=DIRECTION('ref_axis',(0.,0.,-1.));
#4120=DIRECTION('center_axis',(1.,0.,0.));
#4121=DIRECTION('ref_axis',(0.,0.,-1.));
#4122=DIRECTION('center_axis',(1.,0.,0.));
#4123=DIRECTION('ref_axis',(0.,0.,-1.));
#4124=DIRECTION('center_axis',(1.,0.,0.));
#4125=DIRECTION('ref_axis',(0.,0.,-1.));
#4126=DIRECTION('center_axis',(1.,0.,0.));
#4127=DIRECTION('ref_axis',(0.,0.,-1.));
#4128=DIRECTION('center_axis',(1.,0.,0.));
#4129=DIRECTION('ref_axis',(0.,0.,-1.));
#4130=DIRECTION('center_axis',(1.,0.,0.));
#4131=DIRECTION('ref_axis',(0.,0.,-1.));
#4132=DIRECTION('center_axis',(1.,0.,0.));
#4133=DIRECTION('ref_axis',(0.,0.,-1.));
#4134=DIRECTION('center_axis',(1.,0.,0.));
#4135=DIRECTION('ref_axis',(0.,0.,-1.));
#4136=DIRECTION('',(0.,-1.,0.));
#4137=DIRECTION('center_axis',(1.,0.,0.));
#4138=DIRECTION('ref_axis',(0.,0.,-1.));
#4139=DIRECTION('center_axis',(1.,0.,0.));
#4140=DIRECTION('ref_axis',(0.,0.,-1.));
#4141=DIRECTION('center_axis',(1.,0.,0.));
#4142=DIRECTION('ref_axis',(0.,0.,-1.));
#4143=DIRECTION('center_axis',(1.,0.,0.));
#4144=DIRECTION('ref_axis',(0.,0.,-1.));
#4145=DIRECTION('center_axis',(1.,0.,0.));
#4146=DIRECTION('ref_axis',(0.,0.,-1.));
#4147=DIRECTION('center_axis',(1.,0.,0.));
#4148=DIRECTION('ref_axis',(0.,0.,-1.));
#4149=DIRECTION('center_axis',(1.,0.,0.));
#4150=DIRECTION('ref_axis',(0.,0.,-1.));
#4151=DIRECTION('center_axis',(1.,0.,0.));
#4152=DIRECTION('ref_axis',(0.,0.,-1.));
#4153=DIRECTION('center_axis',(1.,0.,0.));
#4154=DIRECTION('ref_axis',(0.,0.,-1.));
#4155=DIRECTION('center_axis',(1.,0.,0.));
#4156=DIRECTION('ref_axis',(0.,0.,-1.));
#4157=DIRECTION('center_axis',(1.,0.,0.));
#4158=DIRECTION('ref_axis',(0.,0.,-1.));
#4159=DIRECTION('center_axis',(1.,0.,0.));
#4160=DIRECTION('ref_axis',(0.,0.,-1.));
#4161=DIRECTION('center_axis',(1.,0.,0.));
#4162=DIRECTION('ref_axis',(0.,0.,-1.));
#4163=DIRECTION('center_axis',(1.,0.,0.));
#4164=DIRECTION('ref_axis',(0.,0.,-1.));
#4165=DIRECTION('center_axis',(1.,0.,0.));
#4166=DIRECTION('ref_axis',(0.,0.,-1.));
#4167=DIRECTION('center_axis',(1.,0.,0.));
#4168=DIRECTION('ref_axis',(0.,0.,-1.));
#4169=DIRECTION('center_axis',(1.,0.,0.));
#4170=DIRECTION('ref_axis',(0.,0.,-1.));
#4171=DIRECTION('center_axis',(1.,0.,0.));
#4172=DIRECTION('ref_axis',(0.,0.,-1.));
#4173=DIRECTION('center_axis',(1.,0.,0.));
#4174=DIRECTION('ref_axis',(0.,0.,-1.));
#4175=DIRECTION('center_axis',(1.,0.,0.));
#4176=DIRECTION('ref_axis',(0.,0.,-1.));
#4177=DIRECTION('center_axis',(1.,0.,0.));
#4178=DIRECTION('ref_axis',(0.,0.,-1.));
#4179=DIRECTION('center_axis',(1.,0.,0.));
#4180=DIRECTION('ref_axis',(0.,0.,-1.));
#4181=DIRECTION('center_axis',(1.,0.,0.));
#4182=DIRECTION('ref_axis',(0.,0.,-1.));
#4183=DIRECTION('center_axis',(1.,0.,0.));
#4184=DIRECTION('ref_axis',(0.,0.,-1.));
#4185=DIRECTION('center_axis',(1.,0.,0.));
#4186=DIRECTION('ref_axis',(0.,0.,-1.));
#4187=DIRECTION('center_axis',(1.,0.,0.));
#4188=DIRECTION('ref_axis',(0.,0.,-1.));
#4189=DIRECTION('center_axis',(1.,0.,0.));
#4190=DIRECTION('ref_axis',(0.,0.,-1.));
#4191=DIRECTION('center_axis',(1.,0.,0.));
#4192=DIRECTION('ref_axis',(0.,0.,-1.));
#4193=DIRECTION('center_axis',(1.,0.,0.));
#4194=DIRECTION('ref_axis',(0.,0.,-1.));
#4195=DIRECTION('center_axis',(1.,0.,0.));
#4196=DIRECTION('ref_axis',(0.,0.,-1.));
#4197=DIRECTION('center_axis',(1.,0.,0.));
#4198=DIRECTION('ref_axis',(0.,0.,-1.));
#4199=DIRECTION('center_axis',(1.,0.,0.));
#4200=DIRECTION('ref_axis',(0.,0.,-1.));
#4201=DIRECTION('center_axis',(1.,0.,0.));
#4202=DIRECTION('ref_axis',(0.,0.,-1.));
#4203=DIRECTION('center_axis',(1.,0.,0.));
#4204=DIRECTION('ref_axis',(0.,0.,-1.));
#4205=DIRECTION('',(0.,-1.,0.));
#4206=DIRECTION('center_axis',(1.,0.,0.));
#4207=DIRECTION('ref_axis',(0.,0.,-1.));
#4208=DIRECTION('center_axis',(1.,0.,0.));
#4209=DIRECTION('ref_axis',(0.,0.,-1.));
#4210=DIRECTION('center_axis',(1.,0.,0.));
#4211=DIRECTION('ref_axis',(0.,0.,-1.));
#4212=DIRECTION('center_axis',(1.,0.,0.));
#4213=DIRECTION('ref_axis',(0.,0.,-1.));
#4214=DIRECTION('center_axis',(1.,0.,0.));
#4215=DIRECTION('ref_axis',(0.,0.,-1.));
#4216=DIRECTION('center_axis',(1.,0.,0.));
#4217=DIRECTION('ref_axis',(0.,0.,-1.));
#4218=DIRECTION('center_axis',(1.,0.,0.));
#4219=DIRECTION('ref_axis',(0.,0.,-1.));
#4220=DIRECTION('center_axis',(1.,0.,0.));
#4221=DIRECTION('ref_axis',(0.,0.,-1.));
#4222=DIRECTION('center_axis',(1.,0.,0.));
#4223=DIRECTION('ref_axis',(0.,0.,-1.));
#4224=DIRECTION('center_axis',(1.,0.,0.));
#4225=DIRECTION('ref_axis',(0.,0.,-1.));
#4226=DIRECTION('center_axis',(1.,0.,0.));
#4227=DIRECTION('ref_axis',(0.,0.,-1.));
#4228=DIRECTION('center_axis',(1.,0.,0.));
#4229=DIRECTION('ref_axis',(0.,0.,-1.));
#4230=DIRECTION('center_axis',(1.,0.,0.));
#4231=DIRECTION('ref_axis',(0.,0.,-1.));
#4232=DIRECTION('center_axis',(1.,0.,0.));
#4233=DIRECTION('ref_axis',(0.,0.,-1.));
#4234=DIRECTION('center_axis',(1.,0.,0.));
#4235=DIRECTION('ref_axis',(0.,0.,-1.));
#4236=DIRECTION('center_axis',(1.,0.,0.));
#4237=DIRECTION('ref_axis',(0.,0.,-1.));
#4238=DIRECTION('center_axis',(1.,0.,0.));
#4239=DIRECTION('ref_axis',(0.,0.,-1.));
#4240=DIRECTION('center_axis',(1.,0.,0.));
#4241=DIRECTION('ref_axis',(0.,0.,-1.));
#4242=DIRECTION('center_axis',(1.,0.,0.));
#4243=DIRECTION('ref_axis',(0.,0.,-1.));
#4244=DIRECTION('center_axis',(1.,0.,0.));
#4245=DIRECTION('ref_axis',(0.,0.,-1.));
#4246=DIRECTION('center_axis',(1.,0.,0.));
#4247=DIRECTION('ref_axis',(0.,0.,-1.));
#4248=DIRECTION('center_axis',(1.,0.,0.));
#4249=DIRECTION('ref_axis',(0.,0.,-1.));
#4250=DIRECTION('center_axis',(1.,0.,0.));
#4251=DIRECTION('ref_axis',(0.,0.,-1.));
#4252=DIRECTION('center_axis',(1.,0.,0.));
#4253=DIRECTION('ref_axis',(0.,0.,-1.));
#4254=DIRECTION('center_axis',(1.,0.,0.));
#4255=DIRECTION('ref_axis',(0.,0.,-1.));
#4256=DIRECTION('center_axis',(1.,0.,0.));
#4257=DIRECTION('ref_axis',(0.,0.,-1.));
#4258=DIRECTION('center_axis',(1.,0.,0.));
#4259=DIRECTION('ref_axis',(0.,0.,-1.));
#4260=DIRECTION('center_axis',(1.,0.,0.));
#4261=DIRECTION('ref_axis',(0.,0.,-1.));
#4262=DIRECTION('center_axis',(1.,0.,0.));
#4263=DIRECTION('ref_axis',(0.,0.,-1.));
#4264=DIRECTION('center_axis',(1.,0.,0.));
#4265=DIRECTION('ref_axis',(0.,0.,-1.));
#4266=DIRECTION('center_axis',(1.,0.,0.));
#4267=DIRECTION('ref_axis',(0.,0.,-1.));
#4268=DIRECTION('center_axis',(1.,0.,0.));
#4269=DIRECTION('ref_axis',(0.,0.,-1.));
#4270=DIRECTION('center_axis',(1.,0.,0.));
#4271=DIRECTION('ref_axis',(0.,0.,-1.));
#4272=DIRECTION('center_axis',(1.,0.,0.));
#4273=DIRECTION('ref_axis',(0.,0.,-1.));
#4274=DIRECTION('center_axis',(1.,0.,0.));
#4275=DIRECTION('ref_axis',(0.,0.,-1.));
#4276=DIRECTION('center_axis',(1.,0.,0.));
#4277=DIRECTION('ref_axis',(0.,0.,-1.));
#4278=DIRECTION('center_axis',(1.,0.,0.));
#4279=DIRECTION('ref_axis',(0.,0.,-1.));
#4280=DIRECTION('',(0.,-1.,0.));
#4281=DIRECTION('center_axis',(1.,0.,0.));
#4282=DIRECTION('ref_axis',(0.,0.,-1.));
#4283=DIRECTION('center_axis',(1.,0.,0.));
#4284=DIRECTION('ref_axis',(0.,0.,-1.));
#4285=DIRECTION('center_axis',(1.,0.,0.));
#4286=DIRECTION('ref_axis',(0.,0.,-1.));
#4287=DIRECTION('center_axis',(1.,0.,0.));
#4288=DIRECTION('ref_axis',(0.,0.,-1.));
#4289=DIRECTION('center_axis',(1.,0.,0.));
#4290=DIRECTION('ref_axis',(0.,0.,-1.));
#4291=DIRECTION('center_axis',(1.,0.,0.));
#4292=DIRECTION('ref_axis',(0.,0.,-1.));
#4293=DIRECTION('center_axis',(1.,0.,0.));
#4294=DIRECTION('ref_axis',(0.,0.,-1.));
#4295=DIRECTION('center_axis',(1.,0.,0.));
#4296=DIRECTION('ref_axis',(0.,0.,-1.));
#4297=DIRECTION('center_axis',(1.,0.,0.));
#4298=DIRECTION('ref_axis',(0.,0.,-1.));
#4299=DIRECTION('center_axis',(1.,0.,0.));
#4300=DIRECTION('ref_axis',(0.,0.,-1.));
#4301=DIRECTION('center_axis',(1.,0.,0.));
#4302=DIRECTION('ref_axis',(0.,0.,-1.));
#4303=DIRECTION('center_axis',(1.,0.,0.));
#4304=DIRECTION('ref_axis',(0.,0.,-1.));
#4305=DIRECTION('center_axis',(1.,0.,0.));
#4306=DIRECTION('ref_axis',(0.,0.,-1.));
#4307=DIRECTION('center_axis',(1.,0.,0.));
#4308=DIRECTION('ref_axis',(0.,0.,-1.));
#4309=DIRECTION('center_axis',(1.,0.,0.));
#4310=DIRECTION('ref_axis',(0.,0.,-1.));
#4311=DIRECTION('center_axis',(1.,0.,0.));
#4312=DIRECTION('ref_axis',(0.,0.,-1.));
#4313=DIRECTION('center_axis',(1.,0.,0.));
#4314=DIRECTION('ref_axis',(0.,0.,-1.));
#4315=DIRECTION('center_axis',(1.,0.,0.));
#4316=DIRECTION('ref_axis',(0.,0.,-1.));
#4317=DIRECTION('center_axis',(1.,0.,0.));
#4318=DIRECTION('ref_axis',(0.,0.,-1.));
#4319=DIRECTION('center_axis',(1.,0.,0.));
#4320=DIRECTION('ref_axis',(0.,0.,-1.));
#4321=DIRECTION('center_axis',(1.,0.,0.));
#4322=DIRECTION('ref_axis',(0.,0.,-1.));
#4323=DIRECTION('center_axis',(1.,0.,0.));
#4324=DIRECTION('ref_axis',(0.,0.,-1.));
#4325=DIRECTION('center_axis',(1.,0.,0.));
#4326=DIRECTION('ref_axis',(0.,0.,-1.));
#4327=DIRECTION('center_axis',(1.,0.,0.));
#4328=DIRECTION('ref_axis',(0.,0.,-1.));
#4329=DIRECTION('center_axis',(1.,0.,0.));
#4330=DIRECTION('ref_axis',(0.,0.,-1.));
#4331=DIRECTION('center_axis',(1.,0.,0.));
#4332=DIRECTION('ref_axis',(0.,0.,-1.));
#4333=DIRECTION('center_axis',(1.,0.,0.));
#4334=DIRECTION('ref_axis',(0.,0.,-1.));
#4335=DIRECTION('center_axis',(1.,0.,0.));
#4336=DIRECTION('ref_axis',(0.,0.,-1.));
#4337=DIRECTION('center_axis',(1.,0.,0.));
#4338=DIRECTION('ref_axis',(0.,0.,-1.));
#4339=DIRECTION('center_axis',(-1.,0.,0.));
#4340=DIRECTION('ref_axis',(0.,0.,-1.));
#4341=DIRECTION('',(1.,0.,0.));
#4342=DIRECTION('center_axis',(1.,0.,0.));
#4343=DIRECTION('ref_axis',(0.,0.,-1.));
#4344=DIRECTION('center_axis',(-1.,0.,0.));
#4345=DIRECTION('ref_axis',(0.,0.,-1.));
#4346=DIRECTION('',(1.,0.,0.));
#4347=DIRECTION('center_axis',(-1.,0.,0.));
#4348=DIRECTION('ref_axis',(0.,0.,1.));
#4349=DIRECTION('center_axis',(-1.,0.,0.));
#4350=DIRECTION('ref_axis',(0.,0.,-1.));
#4351=DIRECTION('center_axis',(-1.,0.,0.));
#4352=DIRECTION('ref_axis',(0.,0.,-1.));
#4353=DIRECTION('center_axis',(-1.,0.,0.));
#4354=DIRECTION('ref_axis',(0.,0.,-1.));
#4355=DIRECTION('center_axis',(-1.,0.,0.));
#4356=DIRECTION('ref_axis',(0.,0.,-1.));
#4357=DIRECTION('center_axis',(-1.,0.,0.));
#4358=DIRECTION('ref_axis',(0.,0.,-1.));
#4359=DIRECTION('center_axis',(-1.,0.,0.));
#4360=DIRECTION('ref_axis',(0.,0.,-1.));
#4361=DIRECTION('center_axis',(-1.,0.,0.));
#4362=DIRECTION('ref_axis',(0.,0.,-1.));
#4363=DIRECTION('center_axis',(-1.,0.,0.));
#4364=DIRECTION('ref_axis',(0.,0.,-1.));
#4365=DIRECTION('center_axis',(-1.,0.,0.));
#4366=DIRECTION('ref_axis',(0.,0.,-1.));
#4367=DIRECTION('center_axis',(-1.,0.,0.));
#4368=DIRECTION('ref_axis',(0.,0.,-1.));
#4369=DIRECTION('center_axis',(-1.,0.,0.));
#4370=DIRECTION('ref_axis',(0.,0.,-1.));
#4371=DIRECTION('center_axis',(-1.,0.,0.));
#4372=DIRECTION('ref_axis',(0.,0.,-1.));
#4373=DIRECTION('center_axis',(-1.,0.,0.));
#4374=DIRECTION('ref_axis',(0.,0.,-1.));
#4375=DIRECTION('center_axis',(-1.,0.,0.));
#4376=DIRECTION('ref_axis',(0.,0.,-1.));
#4377=DIRECTION('center_axis',(-1.,0.,0.));
#4378=DIRECTION('ref_axis',(0.,0.,-1.));
#4379=DIRECTION('center_axis',(-1.,0.,0.));
#4380=DIRECTION('ref_axis',(0.,0.,-1.));
#4381=DIRECTION('center_axis',(-1.,0.,0.));
#4382=DIRECTION('ref_axis',(0.,0.,-1.));
#4383=DIRECTION('center_axis',(-1.,0.,0.));
#4384=DIRECTION('ref_axis',(0.,0.,-1.));
#4385=DIRECTION('center_axis',(-1.,0.,0.));
#4386=DIRECTION('ref_axis',(0.,0.,-1.));
#4387=DIRECTION('center_axis',(-1.,0.,0.));
#4388=DIRECTION('ref_axis',(0.,0.,-1.));
#4389=DIRECTION('center_axis',(-1.,0.,0.));
#4390=DIRECTION('ref_axis',(0.,0.,-1.));
#4391=DIRECTION('center_axis',(-1.,0.,0.));
#4392=DIRECTION('ref_axis',(0.,0.,-1.));
#4393=DIRECTION('center_axis',(-1.,0.,0.));
#4394=DIRECTION('ref_axis',(0.,0.,-1.));
#4395=DIRECTION('center_axis',(-1.,0.,0.));
#4396=DIRECTION('ref_axis',(0.,0.,-1.));
#4397=DIRECTION('center_axis',(-1.,0.,0.));
#4398=DIRECTION('ref_axis',(0.,0.,-1.));
#4399=DIRECTION('center_axis',(-1.,0.,0.));
#4400=DIRECTION('ref_axis',(0.,0.,-1.));
#4401=DIRECTION('center_axis',(-1.,0.,0.));
#4402=DIRECTION('ref_axis',(0.,0.,-1.));
#4403=DIRECTION('center_axis',(-1.,0.,0.));
#4404=DIRECTION('ref_axis',(0.,0.,-1.));
#4405=DIRECTION('',(0.,1.,0.));
#4406=DIRECTION('center_axis',(-1.,0.,0.));
#4407=DIRECTION('ref_axis',(0.,0.,-1.));
#4408=DIRECTION('center_axis',(-1.,0.,0.));
#4409=DIRECTION('ref_axis',(0.,0.,-1.));
#4410=DIRECTION('center_axis',(-1.,0.,0.));
#4411=DIRECTION('ref_axis',(0.,0.,-1.));
#4412=DIRECTION('center_axis',(-1.,0.,0.));
#4413=DIRECTION('ref_axis',(0.,0.,-1.));
#4414=DIRECTION('center_axis',(-1.,0.,0.));
#4415=DIRECTION('ref_axis',(0.,0.,-1.));
#4416=DIRECTION('center_axis',(-1.,0.,0.));
#4417=DIRECTION('ref_axis',(0.,0.,-1.));
#4418=DIRECTION('center_axis',(-1.,0.,0.));
#4419=DIRECTION('ref_axis',(0.,0.,-1.));
#4420=DIRECTION('center_axis',(-1.,0.,0.));
#4421=DIRECTION('ref_axis',(0.,0.,-1.));
#4422=DIRECTION('center_axis',(-1.,0.,0.));
#4423=DIRECTION('ref_axis',(0.,0.,-1.));
#4424=DIRECTION('center_axis',(-1.,0.,0.));
#4425=DIRECTION('ref_axis',(0.,0.,-1.));
#4426=DIRECTION('center_axis',(-1.,0.,0.));
#4427=DIRECTION('ref_axis',(0.,0.,-1.));
#4428=DIRECTION('center_axis',(-1.,0.,0.));
#4429=DIRECTION('ref_axis',(0.,0.,-1.));
#4430=DIRECTION('center_axis',(-1.,0.,0.));
#4431=DIRECTION('ref_axis',(0.,0.,-1.));
#4432=DIRECTION('center_axis',(-1.,0.,0.));
#4433=DIRECTION('ref_axis',(0.,0.,-1.));
#4434=DIRECTION('center_axis',(-1.,0.,0.));
#4435=DIRECTION('ref_axis',(0.,0.,-1.));
#4436=DIRECTION('center_axis',(-1.,0.,0.));
#4437=DIRECTION('ref_axis',(0.,0.,-1.));
#4438=DIRECTION('center_axis',(-1.,0.,0.));
#4439=DIRECTION('ref_axis',(0.,0.,-1.));
#4440=DIRECTION('center_axis',(-1.,0.,0.));
#4441=DIRECTION('ref_axis',(0.,0.,-1.));
#4442=DIRECTION('center_axis',(-1.,0.,0.));
#4443=DIRECTION('ref_axis',(0.,0.,-1.));
#4444=DIRECTION('center_axis',(-1.,0.,0.));
#4445=DIRECTION('ref_axis',(0.,0.,-1.));
#4446=DIRECTION('center_axis',(-1.,0.,0.));
#4447=DIRECTION('ref_axis',(0.,0.,-1.));
#4448=DIRECTION('center_axis',(-1.,0.,0.));
#4449=DIRECTION('ref_axis',(0.,0.,-1.));
#4450=DIRECTION('center_axis',(-1.,0.,0.));
#4451=DIRECTION('ref_axis',(0.,0.,-1.));
#4452=DIRECTION('center_axis',(-1.,0.,0.));
#4453=DIRECTION('ref_axis',(0.,0.,-1.));
#4454=DIRECTION('center_axis',(-1.,0.,0.));
#4455=DIRECTION('ref_axis',(0.,0.,-1.));
#4456=DIRECTION('center_axis',(-1.,0.,0.));
#4457=DIRECTION('ref_axis',(0.,0.,-1.));
#4458=DIRECTION('center_axis',(-1.,0.,0.));
#4459=DIRECTION('ref_axis',(0.,0.,-1.));
#4460=DIRECTION('center_axis',(-1.,0.,0.));
#4461=DIRECTION('ref_axis',(0.,0.,-1.));
#4462=DIRECTION('center_axis',(-1.,0.,0.));
#4463=DIRECTION('ref_axis',(0.,0.,-1.));
#4464=DIRECTION('center_axis',(-1.,0.,0.));
#4465=DIRECTION('ref_axis',(0.,0.,-1.));
#4466=DIRECTION('center_axis',(-1.,0.,0.));
#4467=DIRECTION('ref_axis',(0.,0.,-1.));
#4468=DIRECTION('center_axis',(-1.,0.,0.));
#4469=DIRECTION('ref_axis',(0.,0.,-1.));
#4470=DIRECTION('center_axis',(-1.,0.,0.));
#4471=DIRECTION('ref_axis',(0.,0.,-1.));
#4472=DIRECTION('center_axis',(-1.,0.,0.));
#4473=DIRECTION('ref_axis',(0.,0.,-1.));
#4474=DIRECTION('center_axis',(-1.,0.,0.));
#4475=DIRECTION('ref_axis',(0.,0.,-1.));
#4476=DIRECTION('center_axis',(-1.,0.,0.));
#4477=DIRECTION('ref_axis',(0.,0.,-1.));
#4478=DIRECTION('center_axis',(-1.,0.,0.));
#4479=DIRECTION('ref_axis',(0.,0.,-1.));
#4480=DIRECTION('',(0.,1.,0.));
#4481=DIRECTION('center_axis',(-1.,0.,0.));
#4482=DIRECTION('ref_axis',(0.,0.,-1.));
#4483=DIRECTION('center_axis',(-1.,0.,0.));
#4484=DIRECTION('ref_axis',(0.,0.,-1.));
#4485=DIRECTION('center_axis',(-1.,0.,0.));
#4486=DIRECTION('ref_axis',(0.,0.,-1.));
#4487=DIRECTION('center_axis',(-1.,0.,0.));
#4488=DIRECTION('ref_axis',(0.,0.,-1.));
#4489=DIRECTION('center_axis',(-1.,0.,0.));
#4490=DIRECTION('ref_axis',(0.,0.,-1.));
#4491=DIRECTION('center_axis',(-1.,0.,0.));
#4492=DIRECTION('ref_axis',(0.,0.,-1.));
#4493=DIRECTION('center_axis',(-1.,0.,0.));
#4494=DIRECTION('ref_axis',(0.,0.,-1.));
#4495=DIRECTION('center_axis',(-1.,0.,0.));
#4496=DIRECTION('ref_axis',(0.,0.,-1.));
#4497=DIRECTION('center_axis',(-1.,0.,0.));
#4498=DIRECTION('ref_axis',(0.,0.,-1.));
#4499=DIRECTION('center_axis',(-1.,0.,0.));
#4500=DIRECTION('ref_axis',(0.,0.,-1.));
#4501=DIRECTION('center_axis',(-1.,0.,0.));
#4502=DIRECTION('ref_axis',(0.,0.,-1.));
#4503=DIRECTION('center_axis',(-1.,0.,0.));
#4504=DIRECTION('ref_axis',(0.,0.,-1.));
#4505=DIRECTION('center_axis',(-1.,0.,0.));
#4506=DIRECTION('ref_axis',(0.,0.,-1.));
#4507=DIRECTION('center_axis',(-1.,0.,0.));
#4508=DIRECTION('ref_axis',(0.,0.,-1.));
#4509=DIRECTION('center_axis',(-1.,0.,0.));
#4510=DIRECTION('ref_axis',(0.,0.,-1.));
#4511=DIRECTION('center_axis',(-1.,0.,0.));
#4512=DIRECTION('ref_axis',(0.,0.,-1.));
#4513=DIRECTION('center_axis',(-1.,0.,0.));
#4514=DIRECTION('ref_axis',(0.,0.,-1.));
#4515=DIRECTION('center_axis',(-1.,0.,0.));
#4516=DIRECTION('ref_axis',(0.,0.,-1.));
#4517=DIRECTION('center_axis',(-1.,0.,0.));
#4518=DIRECTION('ref_axis',(0.,0.,-1.));
#4519=DIRECTION('center_axis',(-1.,0.,0.));
#4520=DIRECTION('ref_axis',(0.,0.,-1.));
#4521=DIRECTION('center_axis',(-1.,0.,0.));
#4522=DIRECTION('ref_axis',(0.,0.,-1.));
#4523=DIRECTION('center_axis',(-1.,0.,0.));
#4524=DIRECTION('ref_axis',(0.,0.,-1.));
#4525=DIRECTION('center_axis',(-1.,0.,0.));
#4526=DIRECTION('ref_axis',(0.,0.,-1.));
#4527=DIRECTION('center_axis',(-1.,0.,0.));
#4528=DIRECTION('ref_axis',(0.,0.,-1.));
#4529=DIRECTION('center_axis',(-1.,0.,0.));
#4530=DIRECTION('ref_axis',(0.,0.,-1.));
#4531=DIRECTION('center_axis',(-1.,0.,0.));
#4532=DIRECTION('ref_axis',(0.,0.,-1.));
#4533=DIRECTION('center_axis',(-1.,0.,0.));
#4534=DIRECTION('ref_axis',(0.,0.,-1.));
#4535=DIRECTION('center_axis',(-1.,0.,0.));
#4536=DIRECTION('ref_axis',(0.,0.,-1.));
#4537=DIRECTION('center_axis',(-1.,0.,0.));
#4538=DIRECTION('ref_axis',(0.,0.,-1.));
#4539=DIRECTION('center_axis',(-1.,0.,0.));
#4540=DIRECTION('ref_axis',(0.,0.,-1.));
#4541=DIRECTION('center_axis',(-1.,0.,0.));
#4542=DIRECTION('ref_axis',(0.,0.,-1.));
#4543=DIRECTION('center_axis',(-1.,0.,0.));
#4544=DIRECTION('ref_axis',(0.,0.,-1.));
#4545=DIRECTION('center_axis',(-1.,0.,0.));
#4546=DIRECTION('ref_axis',(0.,0.,-1.));
#4547=DIRECTION('center_axis',(-1.,0.,0.));
#4548=DIRECTION('ref_axis',(0.,0.,-1.));
#4549=DIRECTION('',(0.,1.,0.));
#4550=DIRECTION('center_axis',(-1.,0.,0.));
#4551=DIRECTION('ref_axis',(0.,0.,-1.));
#4552=DIRECTION('center_axis',(-1.,0.,0.));
#4553=DIRECTION('ref_axis',(0.,0.,-1.));
#4554=DIRECTION('center_axis',(-1.,0.,0.));
#4555=DIRECTION('ref_axis',(0.,0.,-1.));
#4556=DIRECTION('center_axis',(-1.,0.,0.));
#4557=DIRECTION('ref_axis',(0.,0.,-1.));
#4558=DIRECTION('center_axis',(-1.,0.,0.));
#4559=DIRECTION('ref_axis',(0.,0.,-1.));
#4560=DIRECTION('center_axis',(-1.,0.,0.));
#4561=DIRECTION('ref_axis',(0.,0.,-1.));
#4562=DIRECTION('center_axis',(-1.,0.,0.));
#4563=DIRECTION('ref_axis',(0.,0.,-1.));
#4564=DIRECTION('center_axis',(-1.,0.,0.));
#4565=DIRECTION('ref_axis',(0.,0.,-1.));
#4566=DIRECTION('center_axis',(-1.,0.,0.));
#4567=DIRECTION('ref_axis',(0.,0.,-1.));
#4568=DIRECTION('center_axis',(-1.,0.,0.));
#4569=DIRECTION('ref_axis',(0.,0.,-1.));
#4570=DIRECTION('center_axis',(-1.,0.,0.));
#4571=DIRECTION('ref_axis',(0.,0.,-1.));
#4572=DIRECTION('center_axis',(-1.,0.,0.));
#4573=DIRECTION('ref_axis',(0.,0.,-1.));
#4574=DIRECTION('center_axis',(-1.,0.,0.));
#4575=DIRECTION('ref_axis',(0.,0.,-1.));
#4576=DIRECTION('center_axis',(-1.,0.,0.));
#4577=DIRECTION('ref_axis',(0.,0.,-1.));
#4578=DIRECTION('center_axis',(-1.,0.,0.));
#4579=DIRECTION('ref_axis',(0.,0.,-1.));
#4580=DIRECTION('center_axis',(-1.,0.,0.));
#4581=DIRECTION('ref_axis',(0.,0.,-1.));
#4582=DIRECTION('center_axis',(-1.,0.,0.));
#4583=DIRECTION('ref_axis',(0.,0.,-1.));
#4584=DIRECTION('center_axis',(-1.,0.,0.));
#4585=DIRECTION('ref_axis',(0.,0.,-1.));
#4586=DIRECTION('center_axis',(-1.,0.,0.));
#4587=DIRECTION('ref_axis',(0.,0.,-1.));
#4588=DIRECTION('center_axis',(-1.,0.,0.));
#4589=DIRECTION('ref_axis',(0.,0.,-1.));
#4590=DIRECTION('center_axis',(-1.,0.,0.));
#4591=DIRECTION('ref_axis',(0.,0.,-1.));
#4592=DIRECTION('center_axis',(-1.,0.,0.));
#4593=DIRECTION('ref_axis',(0.,0.,-1.));
#4594=DIRECTION('center_axis',(-1.,0.,0.));
#4595=DIRECTION('ref_axis',(0.,0.,-1.));
#4596=DIRECTION('center_axis',(-1.,0.,0.));
#4597=DIRECTION('ref_axis',(0.,0.,-1.));
#4598=DIRECTION('center_axis',(-1.,0.,0.));
#4599=DIRECTION('ref_axis',(0.,0.,-1.));
#4600=DIRECTION('center_axis',(-1.,0.,0.));
#4601=DIRECTION('ref_axis',(0.,0.,-1.));
#4602=DIRECTION('center_axis',(-1.,0.,0.));
#4603=DIRECTION('ref_axis',(0.,0.,-1.));
#4604=DIRECTION('center_axis',(-1.,0.,0.));
#4605=DIRECTION('ref_axis',(0.,0.,-1.));
#4606=DIRECTION('center_axis',(-1.,0.,0.));
#4607=DIRECTION('ref_axis',(0.,0.,-1.));
#4608=DIRECTION('center_axis',(-1.,0.,0.));
#4609=DIRECTION('ref_axis',(0.,0.,-1.));
#4610=DIRECTION('center_axis',(-1.,0.,0.));
#4611=DIRECTION('ref_axis',(0.,0.,-1.));
#4612=DIRECTION('center_axis',(-1.,0.,0.));
#4613=DIRECTION('ref_axis',(0.,0.,-1.));
#4614=DIRECTION('center_axis',(-1.,0.,0.));
#4615=DIRECTION('ref_axis',(0.,0.,-1.));
#4616=DIRECTION('center_axis',(-1.,0.,0.));
#4617=DIRECTION('ref_axis',(0.,0.,-1.));
#4618=DIRECTION('',(0.,1.,0.));
#4619=DIRECTION('center_axis',(-1.,0.,0.));
#4620=DIRECTION('ref_axis',(0.,0.,-1.));
#4621=DIRECTION('center_axis',(-1.,0.,0.));
#4622=DIRECTION('ref_axis',(0.,0.,-1.));
#4623=DIRECTION('center_axis',(-1.,0.,0.));
#4624=DIRECTION('ref_axis',(0.,0.,-1.));
#4625=DIRECTION('',(0.,1.,0.));
#4626=DIRECTION('',(0.,0.,-1.));
#4627=DIRECTION('',(0.,-1.,0.));
#4628=DIRECTION('',(0.,0.,-1.));
#4629=DIRECTION('center_axis',(-1.,0.,0.));
#4630=DIRECTION('ref_axis',(0.,0.,-1.));
#4631=DIRECTION('center_axis',(-1.,0.,0.));
#4632=DIRECTION('ref_axis',(0.,0.,-1.));
#4633=DIRECTION('center_axis',(-1.,0.,0.));
#4634=DIRECTION('ref_axis',(0.,0.,-1.));
#4635=DIRECTION('center_axis',(-1.,0.,0.));
#4636=DIRECTION('ref_axis',(0.,0.,-1.));
#4637=DIRECTION('center_axis',(-1.,0.,0.));
#4638=DIRECTION('ref_axis',(0.,0.,-1.));
#4639=DIRECTION('center_axis',(-1.,0.,0.));
#4640=DIRECTION('ref_axis',(0.,0.,-1.));
#4641=DIRECTION('center_axis',(-1.,0.,0.));
#4642=DIRECTION('ref_axis',(0.,0.,-1.));
#4643=DIRECTION('center_axis',(-1.,0.,0.));
#4644=DIRECTION('ref_axis',(0.,0.,-1.));
#4645=DIRECTION('center_axis',(-1.,0.,0.));
#4646=DIRECTION('ref_axis',(0.,0.,-1.));
#4647=DIRECTION('center_axis',(-1.,0.,0.));
#4648=DIRECTION('ref_axis',(0.,0.,-1.));
#4649=DIRECTION('center_axis',(1.,0.,0.));
#4650=DIRECTION('ref_axis',(0.,0.,-1.));
#4651=DIRECTION('',(1.,0.,0.));
#4652=DIRECTION('center_axis',(1.,0.,0.));
#4653=DIRECTION('ref_axis',(0.,0.,-1.));
#4654=DIRECTION('',(1.,0.,0.));
#4655=DIRECTION('center_axis',(1.,0.,0.));
#4656=DIRECTION('ref_axis',(0.,0.,-1.));
#4657=DIRECTION('',(1.,0.,0.));
#4658=DIRECTION('center_axis',(1.,0.,0.));
#4659=DIRECTION('ref_axis',(0.,0.,-1.));
#4660=DIRECTION('',(1.,0.,0.));
#4661=DIRECTION('center_axis',(1.,0.,0.));
#4662=DIRECTION('ref_axis',(0.,0.,-1.));
#4663=DIRECTION('',(1.,0.,0.));
#4664=DIRECTION('center_axis',(1.,0.,0.));
#4665=DIRECTION('ref_axis',(0.,0.,-1.));
#4666=DIRECTION('',(1.,0.,0.));
#4667=DIRECTION('center_axis',(1.,0.,0.));
#4668=DIRECTION('ref_axis',(0.,0.,-1.));
#4669=DIRECTION('',(1.,0.,0.));
#4670=DIRECTION('center_axis',(1.,0.,0.));
#4671=DIRECTION('ref_axis',(0.,0.,-1.));
#4672=DIRECTION('',(1.,0.,0.));
#4673=DIRECTION('center_axis',(1.,0.,0.));
#4674=DIRECTION('ref_axis',(0.,0.,-1.));
#4675=DIRECTION('',(1.,0.,0.));
#4676=DIRECTION('center_axis',(1.,0.,0.));
#4677=DIRECTION('ref_axis',(0.,0.,-1.));
#4678=DIRECTION('',(1.,0.,0.));
#4679=DIRECTION('center_axis',(0.,-1.,0.));
#4680=DIRECTION('ref_axis',(0.,0.,-1.));
#4681=DIRECTION('',(1.,0.,0.));
#4682=DIRECTION('center_axis',(1.,0.,0.));
#4683=DIRECTION('ref_axis',(0.,0.,-1.));
#4684=DIRECTION('',(1.,0.,0.));
#4685=DIRECTION('',(-1.,0.,0.));
#4686=DIRECTION('center_axis',(0.,0.,1.));
#4687=DIRECTION('ref_axis',(1.,0.,0.));
#4688=DIRECTION('',(1.,0.,0.));
#4689=DIRECTION('center_axis',(1.,0.,0.));
#4690=DIRECTION('ref_axis',(0.,0.,-1.));
#4691=DIRECTION('',(1.,0.,0.));
#4692=DIRECTION('center_axis',(1.,0.,0.));
#4693=DIRECTION('ref_axis',(0.,0.,-1.));
#4694=DIRECTION('',(1.,0.,0.));
#4695=DIRECTION('center_axis',(1.,0.,0.));
#4696=DIRECTION('ref_axis',(0.,0.,-1.));
#4697=DIRECTION('',(1.,0.,0.));
#4698=DIRECTION('center_axis',(1.,0.,0.));
#4699=DIRECTION('ref_axis',(0.,0.,-1.));
#4700=DIRECTION('',(1.,0.,0.));
#4701=DIRECTION('center_axis',(1.,0.,0.));
#4702=DIRECTION('ref_axis',(0.,0.,-1.));
#4703=DIRECTION('',(1.,0.,0.));
#4704=DIRECTION('center_axis',(1.,0.,0.));
#4705=DIRECTION('ref_axis',(0.,0.,-1.));
#4706=DIRECTION('',(1.,0.,0.));
#4707=DIRECTION('center_axis',(1.,0.,0.));
#4708=DIRECTION('ref_axis',(0.,0.,-1.));
#4709=DIRECTION('',(1.,0.,0.));
#4710=DIRECTION('center_axis',(1.,0.,0.));
#4711=DIRECTION('ref_axis',(0.,0.,-1.));
#4712=DIRECTION('',(-1.,0.,0.));
#4713=DIRECTION('center_axis',(1.,0.,0.));
#4714=DIRECTION('ref_axis',(0.,0.,-1.));
#4715=DIRECTION('',(1.,0.,0.));
#4716=DIRECTION('center_axis',(1.,0.,0.));
#4717=DIRECTION('ref_axis',(0.,0.,-1.));
#4718=DIRECTION('',(-1.,0.,0.));
#4719=DIRECTION('center_axis',(1.,0.,0.));
#4720=DIRECTION('ref_axis',(0.,0.,-1.));
#4721=DIRECTION('',(-1.,0.,0.));
#4722=DIRECTION('center_axis',(1.,0.,0.));
#4723=DIRECTION('ref_axis',(0.,0.,-1.));
#4724=DIRECTION('',(1.,0.,0.));
#4725=DIRECTION('center_axis',(1.,0.,0.));
#4726=DIRECTION('ref_axis',(0.,0.,-1.));
#4727=DIRECTION('',(1.,0.,0.));
#4728=DIRECTION('center_axis',(1.,0.,0.));
#4729=DIRECTION('ref_axis',(0.,0.,-1.));
#4730=DIRECTION('',(1.,0.,0.));
#4731=DIRECTION('center_axis',(1.,0.,0.));
#4732=DIRECTION('ref_axis',(0.,0.,-1.));
#4733=DIRECTION('',(1.,0.,0.));
#4734=DIRECTION('center_axis',(1.,0.,0.));
#4735=DIRECTION('ref_axis',(0.,0.,-1.));
#4736=DIRECTION('',(1.,0.,0.));
#4737=DIRECTION('center_axis',(1.,0.,0.));
#4738=DIRECTION('ref_axis',(0.,0.,-1.));
#4739=DIRECTION('',(1.,0.,0.));
#4740=DIRECTION('center_axis',(1.,0.,0.));
#4741=DIRECTION('ref_axis',(0.,0.,-1.));
#4742=DIRECTION('',(1.,0.,0.));
#4743=DIRECTION('center_axis',(1.,0.,0.));
#4744=DIRECTION('ref_axis',(0.,0.,-1.));
#4745=DIRECTION('',(1.,0.,0.));
#4746=DIRECTION('center_axis',(1.,0.,0.));
#4747=DIRECTION('ref_axis',(0.,0.,-1.));
#4748=DIRECTION('',(1.,0.,0.));
#4749=DIRECTION('center_axis',(1.,0.,0.));
#4750=DIRECTION('ref_axis',(0.,0.,-1.));
#4751=DIRECTION('',(1.,0.,0.));
#4752=DIRECTION('center_axis',(1.,0.,0.));
#4753=DIRECTION('ref_axis',(0.,0.,-1.));
#4754=DIRECTION('',(1.,0.,0.));
#4755=DIRECTION('center_axis',(1.,0.,0.));
#4756=DIRECTION('ref_axis',(0.,0.,-1.));
#4757=DIRECTION('',(1.,0.,0.));
#4758=DIRECTION('center_axis',(1.,0.,0.));
#4759=DIRECTION('ref_axis',(0.,0.,-1.));
#4760=DIRECTION('',(1.,0.,0.));
#4761=DIRECTION('center_axis',(1.,0.,0.));
#4762=DIRECTION('ref_axis',(0.,0.,-1.));
#4763=DIRECTION('',(1.,0.,0.));
#4764=DIRECTION('center_axis',(1.,0.,0.));
#4765=DIRECTION('ref_axis',(0.,0.,-1.));
#4766=DIRECTION('',(1.,0.,0.));
#4767=DIRECTION('center_axis',(1.,0.,0.));
#4768=DIRECTION('ref_axis',(0.,0.,-1.));
#4769=DIRECTION('center_axis',(1.,0.,0.));
#4770=DIRECTION('ref_axis',(0.,0.,-1.));
#4771=DIRECTION('',(-1.,0.,0.));
#4772=DIRECTION('',(1.,0.,0.));
#4773=DIRECTION('center_axis',(1.,0.,0.));
#4774=DIRECTION('ref_axis',(0.,0.,-1.));
#4775=DIRECTION('',(1.,0.,0.));
#4776=DIRECTION('center_axis',(0.,0.,1.));
#4777=DIRECTION('ref_axis',(1.,0.,0.));
#4778=DIRECTION('',(1.,0.,0.));
#4779=DIRECTION('center_axis',(1.,0.,0.));
#4780=DIRECTION('ref_axis',(0.,0.,-1.));
#4781=DIRECTION('',(1.,0.,0.));
#4782=DIRECTION('center_axis',(1.,0.,0.));
#4783=DIRECTION('ref_axis',(0.,0.,-1.));
#4784=DIRECTION('',(1.,0.,0.));
#4785=DIRECTION('center_axis',(1.,0.,0.));
#4786=DIRECTION('ref_axis',(0.,0.,-1.));
#4787=DIRECTION('',(1.,0.,0.));
#4788=DIRECTION('center_axis',(1.,0.,0.));
#4789=DIRECTION('ref_axis',(0.,0.,-1.));
#4790=DIRECTION('',(1.,0.,0.));
#4791=DIRECTION('center_axis',(1.,0.,0.));
#4792=DIRECTION('ref_axis',(0.,0.,-1.));
#4793=DIRECTION('',(1.,0.,0.));
#4794=DIRECTION('center_axis',(1.,0.,0.));
#4795=DIRECTION('ref_axis',(0.,0.,-1.));
#4796=DIRECTION('',(1.,0.,0.));
#4797=DIRECTION('center_axis',(1.,0.,0.));
#4798=DIRECTION('ref_axis',(0.,0.,-1.));
#4799=DIRECTION('',(1.,0.,0.));
#4800=DIRECTION('center_axis',(1.,0.,0.));
#4801=DIRECTION('ref_axis',(0.,0.,-1.));
#4802=DIRECTION('',(1.,0.,0.));
#4803=DIRECTION('center_axis',(1.,0.,0.));
#4804=DIRECTION('ref_axis',(0.,0.,-1.));
#4805=DIRECTION('',(1.,0.,0.));
#4806=DIRECTION('center_axis',(1.,0.,0.));
#4807=DIRECTION('ref_axis',(0.,0.,-1.));
#4808=DIRECTION('',(1.,0.,0.));
#4809=DIRECTION('center_axis',(1.,0.,0.));
#4810=DIRECTION('ref_axis',(0.,0.,-1.));
#4811=DIRECTION('',(1.,0.,0.));
#4812=DIRECTION('center_axis',(1.,0.,0.));
#4813=DIRECTION('ref_axis',(0.,0.,-1.));
#4814=DIRECTION('',(1.,0.,0.));
#4815=DIRECTION('center_axis',(1.,0.,0.));
#4816=DIRECTION('ref_axis',(0.,0.,-1.));
#4817=DIRECTION('',(1.,0.,0.));
#4818=DIRECTION('center_axis',(1.,0.,0.));
#4819=DIRECTION('ref_axis',(0.,0.,-1.));
#4820=DIRECTION('',(1.,0.,0.));
#4821=DIRECTION('center_axis',(1.,0.,0.));
#4822=DIRECTION('ref_axis',(0.,0.,-1.));
#4823=DIRECTION('',(1.,0.,0.));
#4824=DIRECTION('center_axis',(1.,0.,0.));
#4825=DIRECTION('ref_axis',(0.,0.,-1.));
#4826=DIRECTION('',(1.,0.,0.));
#4827=DIRECTION('center_axis',(1.,0.,0.));
#4828=DIRECTION('ref_axis',(0.,0.,-1.));
#4829=DIRECTION('',(1.,0.,0.));
#4830=DIRECTION('center_axis',(1.,0.,0.));
#4831=DIRECTION('ref_axis',(0.,0.,-1.));
#4832=DIRECTION('',(1.,0.,0.));
#4833=DIRECTION('center_axis',(1.,0.,0.));
#4834=DIRECTION('ref_axis',(0.,0.,-1.));
#4835=DIRECTION('',(1.,0.,0.));
#4836=DIRECTION('center_axis',(1.,0.,0.));
#4837=DIRECTION('ref_axis',(0.,0.,-1.));
#4838=DIRECTION('',(1.,0.,0.));
#4839=DIRECTION('center_axis',(1.,0.,0.));
#4840=DIRECTION('ref_axis',(0.,0.,-1.));
#4841=DIRECTION('',(1.,0.,0.));
#4842=DIRECTION('center_axis',(1.,0.,0.));
#4843=DIRECTION('ref_axis',(0.,0.,-1.));
#4844=DIRECTION('',(1.,0.,0.));
#4845=DIRECTION('center_axis',(1.,0.,0.));
#4846=DIRECTION('ref_axis',(0.,0.,-1.));
#4847=DIRECTION('',(1.,0.,0.));
#4848=DIRECTION('center_axis',(1.,0.,0.));
#4849=DIRECTION('ref_axis',(0.,0.,-1.));
#4850=DIRECTION('',(1.,0.,0.));
#4851=DIRECTION('center_axis',(1.,0.,0.));
#4852=DIRECTION('ref_axis',(0.,0.,-1.));
#4853=DIRECTION('',(1.,0.,0.));
#4854=DIRECTION('center_axis',(1.,0.,0.));
#4855=DIRECTION('ref_axis',(0.,0.,-1.));
#4856=DIRECTION('',(1.,0.,0.));
#4857=DIRECTION('center_axis',(1.,0.,0.));
#4858=DIRECTION('ref_axis',(0.,0.,-1.));
#4859=DIRECTION('',(1.,0.,0.));
#4860=DIRECTION('center_axis',(1.,0.,0.));
#4861=DIRECTION('ref_axis',(0.,0.,-1.));
#4862=DIRECTION('',(1.,0.,0.));
#4863=DIRECTION('center_axis',(1.,0.,0.));
#4864=DIRECTION('ref_axis',(0.,0.,-1.));
#4865=DIRECTION('',(1.,0.,0.));
#4866=DIRECTION('center_axis',(1.,0.,0.));
#4867=DIRECTION('ref_axis',(0.,0.,-1.));
#4868=DIRECTION('',(1.,0.,0.));
#4869=DIRECTION('center_axis',(1.,0.,0.));
#4870=DIRECTION('ref_axis',(0.,0.,-1.));
#4871=DIRECTION('',(1.,0.,0.));
#4872=DIRECTION('center_axis',(1.,0.,0.));
#4873=DIRECTION('ref_axis',(0.,0.,-1.));
#4874=DIRECTION('',(1.,0.,0.));
#4875=DIRECTION('center_axis',(1.,0.,0.));
#4876=DIRECTION('ref_axis',(0.,0.,-1.));
#4877=DIRECTION('',(1.,0.,0.));
#4878=DIRECTION('center_axis',(1.,0.,0.));
#4879=DIRECTION('ref_axis',(0.,0.,-1.));
#4880=DIRECTION('',(1.,0.,0.));
#4881=DIRECTION('center_axis',(1.,0.,0.));
#4882=DIRECTION('ref_axis',(0.,0.,-1.));
#4883=DIRECTION('center_axis',(1.,0.,0.));
#4884=DIRECTION('ref_axis',(0.,0.,-1.));
#4885=DIRECTION('',(1.,0.,0.));
#4886=DIRECTION('',(-1.,0.,0.));
#4887=DIRECTION('center_axis',(0.,0.,1.));
#4888=DIRECTION('ref_axis',(1.,0.,0.));
#4889=DIRECTION('',(1.,0.,0.));
#4890=DIRECTION('center_axis',(1.,0.,0.));
#4891=DIRECTION('ref_axis',(0.,0.,-1.));
#4892=DIRECTION('',(1.,0.,0.));
#4893=DIRECTION('center_axis',(1.,0.,0.));
#4894=DIRECTION('ref_axis',(0.,0.,-1.));
#4895=DIRECTION('',(1.,0.,0.));
#4896=DIRECTION('center_axis',(1.,0.,0.));
#4897=DIRECTION('ref_axis',(0.,0.,-1.));
#4898=DIRECTION('',(1.,0.,0.));
#4899=DIRECTION('center_axis',(1.,0.,0.));
#4900=DIRECTION('ref_axis',(0.,0.,-1.));
#4901=DIRECTION('',(1.,0.,0.));
#4902=DIRECTION('center_axis',(1.,0.,0.));
#4903=DIRECTION('ref_axis',(0.,0.,-1.));
#4904=DIRECTION('',(1.,0.,0.));
#4905=DIRECTION('center_axis',(1.,0.,0.));
#4906=DIRECTION('ref_axis',(0.,0.,-1.));
#4907=DIRECTION('',(1.,0.,0.));
#4908=DIRECTION('center_axis',(1.,0.,0.));
#4909=DIRECTION('ref_axis',(0.,0.,-1.));
#4910=DIRECTION('',(1.,0.,0.));
#4911=DIRECTION('center_axis',(1.,0.,0.));
#4912=DIRECTION('ref_axis',(0.,0.,-1.));
#4913=DIRECTION('',(1.,0.,0.));
#4914=DIRECTION('center_axis',(1.,0.,0.));
#4915=DIRECTION('ref_axis',(0.,0.,-1.));
#4916=DIRECTION('',(1.,0.,0.));
#4917=DIRECTION('center_axis',(1.,0.,0.));
#4918=DIRECTION('ref_axis',(0.,0.,-1.));
#4919=DIRECTION('',(1.,0.,0.));
#4920=DIRECTION('center_axis',(1.,0.,0.));
#4921=DIRECTION('ref_axis',(0.,0.,-1.));
#4922=DIRECTION('',(1.,0.,0.));
#4923=DIRECTION('center_axis',(1.,0.,0.));
#4924=DIRECTION('ref_axis',(0.,0.,-1.));
#4925=DIRECTION('',(1.,0.,0.));
#4926=DIRECTION('center_axis',(1.,0.,0.));
#4927=DIRECTION('ref_axis',(0.,0.,-1.));
#4928=DIRECTION('',(1.,0.,0.));
#4929=DIRECTION('center_axis',(1.,0.,0.));
#4930=DIRECTION('ref_axis',(0.,0.,-1.));
#4931=DIRECTION('',(1.,0.,0.));
#4932=DIRECTION('center_axis',(1.,0.,0.));
#4933=DIRECTION('ref_axis',(0.,0.,-1.));
#4934=DIRECTION('',(1.,0.,0.));
#4935=DIRECTION('center_axis',(1.,0.,0.));
#4936=DIRECTION('ref_axis',(0.,0.,-1.));
#4937=DIRECTION('',(1.,0.,0.));
#4938=DIRECTION('center_axis',(1.,0.,0.));
#4939=DIRECTION('ref_axis',(0.,0.,-1.));
#4940=DIRECTION('',(1.,0.,0.));
#4941=DIRECTION('center_axis',(1.,0.,0.));
#4942=DIRECTION('ref_axis',(0.,0.,-1.));
#4943=DIRECTION('',(1.,0.,0.));
#4944=DIRECTION('center_axis',(1.,0.,0.));
#4945=DIRECTION('ref_axis',(0.,0.,-1.));
#4946=DIRECTION('',(1.,0.,0.));
#4947=DIRECTION('center_axis',(1.,0.,0.));
#4948=DIRECTION('ref_axis',(0.,0.,-1.));
#4949=DIRECTION('',(1.,0.,0.));
#4950=DIRECTION('center_axis',(1.,0.,0.));
#4951=DIRECTION('ref_axis',(0.,0.,-1.));
#4952=DIRECTION('',(1.,0.,0.));
#4953=DIRECTION('center_axis',(1.,0.,0.));
#4954=DIRECTION('ref_axis',(0.,0.,-1.));
#4955=DIRECTION('',(1.,0.,0.));
#4956=DIRECTION('center_axis',(1.,0.,0.));
#4957=DIRECTION('ref_axis',(0.,0.,-1.));
#4958=DIRECTION('',(1.,0.,0.));
#4959=DIRECTION('center_axis',(1.,0.,0.));
#4960=DIRECTION('ref_axis',(0.,0.,-1.));
#4961=DIRECTION('',(1.,0.,0.));
#4962=DIRECTION('center_axis',(1.,0.,0.));
#4963=DIRECTION('ref_axis',(0.,0.,-1.));
#4964=DIRECTION('',(1.,0.,0.));
#4965=DIRECTION('center_axis',(1.,0.,0.));
#4966=DIRECTION('ref_axis',(0.,0.,-1.));
#4967=DIRECTION('',(1.,0.,0.));
#4968=DIRECTION('center_axis',(1.,0.,0.));
#4969=DIRECTION('ref_axis',(0.,0.,-1.));
#4970=DIRECTION('',(1.,0.,0.));
#4971=DIRECTION('center_axis',(1.,0.,0.));
#4972=DIRECTION('ref_axis',(0.,0.,-1.));
#4973=DIRECTION('',(1.,0.,0.));
#4974=DIRECTION('center_axis',(1.,0.,0.));
#4975=DIRECTION('ref_axis',(0.,0.,-1.));
#4976=DIRECTION('',(1.,0.,0.));
#4977=DIRECTION('center_axis',(1.,0.,0.));
#4978=DIRECTION('ref_axis',(0.,0.,-1.));
#4979=DIRECTION('',(1.,0.,0.));
#4980=DIRECTION('center_axis',(1.,0.,0.));
#4981=DIRECTION('ref_axis',(0.,0.,-1.));
#4982=DIRECTION('',(1.,0.,0.));
#4983=DIRECTION('center_axis',(1.,0.,0.));
#4984=DIRECTION('ref_axis',(0.,0.,-1.));
#4985=DIRECTION('',(1.,0.,0.));
#4986=DIRECTION('center_axis',(1.,0.,0.));
#4987=DIRECTION('ref_axis',(0.,0.,-1.));
#4988=DIRECTION('center_axis',(1.,0.,0.));
#4989=DIRECTION('ref_axis',(0.,0.,-1.));
#4990=DIRECTION('',(1.,0.,0.));
#4991=DIRECTION('',(-1.,0.,0.));
#4992=DIRECTION('center_axis',(1.,0.,0.));
#4993=DIRECTION('ref_axis',(0.,0.,-1.));
#4994=DIRECTION('',(-1.,0.,0.));
#4995=DIRECTION('center_axis',(1.,0.,0.));
#4996=DIRECTION('ref_axis',(0.,0.,-1.));
#4997=DIRECTION('',(1.,0.,0.));
#4998=DIRECTION('center_axis',(1.,0.,0.));
#4999=DIRECTION('ref_axis',(0.,0.,-1.));
#5000=DIRECTION('',(-1.,0.,0.));
#5001=DIRECTION('center_axis',(1.,0.,0.));
#5002=DIRECTION('ref_axis',(0.,0.,-1.));
#5003=DIRECTION('',(-1.,0.,0.));
#5004=DIRECTION('center_axis',(1.,0.,0.));
#5005=DIRECTION('ref_axis',(0.,0.,-1.));
#5006=DIRECTION('',(-1.,0.,0.));
#5007=DIRECTION('center_axis',(1.,0.,0.));
#5008=DIRECTION('ref_axis',(0.,0.,-1.));
#5009=DIRECTION('',(1.,0.,0.));
#5010=DIRECTION('center_axis',(1.,0.,0.));
#5011=DIRECTION('ref_axis',(0.,0.,-1.));
#5012=DIRECTION('',(-1.,0.,0.));
#5013=DIRECTION('center_axis',(1.,0.,0.));
#5014=DIRECTION('ref_axis',(0.,0.,-1.));
#5015=DIRECTION('',(1.,0.,0.));
#5016=DIRECTION('center_axis',(1.,0.,0.));
#5017=DIRECTION('ref_axis',(0.,0.,-1.));
#5018=DIRECTION('',(-1.,0.,0.));
#5019=DIRECTION('center_axis',(1.,0.,0.));
#5020=DIRECTION('ref_axis',(0.,0.,-1.));
#5021=DIRECTION('',(1.,0.,0.));
#5022=DIRECTION('center_axis',(1.,0.,0.));
#5023=DIRECTION('ref_axis',(0.,0.,-1.));
#5024=DIRECTION('',(-1.,0.,0.));
#5025=DIRECTION('center_axis',(1.,0.,0.));
#5026=DIRECTION('ref_axis',(0.,0.,-1.));
#5027=DIRECTION('',(1.,0.,0.));
#5028=DIRECTION('center_axis',(1.,0.,0.));
#5029=DIRECTION('ref_axis',(0.,0.,-1.));
#5030=DIRECTION('',(-1.,0.,0.));
#5031=DIRECTION('center_axis',(1.,0.,0.));
#5032=DIRECTION('ref_axis',(0.,0.,-1.));
#5033=DIRECTION('',(1.,0.,0.));
#5034=DIRECTION('center_axis',(1.,0.,0.));
#5035=DIRECTION('ref_axis',(0.,0.,-1.));
#5036=DIRECTION('',(-1.,0.,0.));
#5037=DIRECTION('center_axis',(1.,0.,0.));
#5038=DIRECTION('ref_axis',(0.,0.,-1.));
#5039=DIRECTION('',(1.,0.,0.));
#5040=DIRECTION('center_axis',(1.,0.,0.));
#5041=DIRECTION('ref_axis',(0.,0.,-1.));
#5042=DIRECTION('',(-1.,0.,0.));
#5043=DIRECTION('center_axis',(1.,0.,0.));
#5044=DIRECTION('ref_axis',(0.,0.,-1.));
#5045=DIRECTION('',(1.,0.,0.));
#5046=DIRECTION('center_axis',(1.,0.,0.));
#5047=DIRECTION('ref_axis',(0.,0.,-1.));
#5048=DIRECTION('',(-1.,0.,0.));
#5049=DIRECTION('center_axis',(1.,0.,0.));
#5050=DIRECTION('ref_axis',(0.,0.,-1.));
#5051=DIRECTION('',(1.,0.,0.));
#5052=DIRECTION('center_axis',(1.,0.,0.));
#5053=DIRECTION('ref_axis',(0.,0.,-1.));
#5054=DIRECTION('',(-1.,0.,0.));
#5055=DIRECTION('center_axis',(1.,0.,0.));
#5056=DIRECTION('ref_axis',(0.,0.,-1.));
#5057=DIRECTION('',(1.,0.,0.));
#5058=DIRECTION('center_axis',(1.,0.,0.));
#5059=DIRECTION('ref_axis',(0.,0.,-1.));
#5060=DIRECTION('',(-1.,0.,0.));
#5061=DIRECTION('center_axis',(1.,0.,0.));
#5062=DIRECTION('ref_axis',(0.,0.,-1.));
#5063=DIRECTION('',(1.,0.,0.));
#5064=DIRECTION('center_axis',(1.,0.,0.));
#5065=DIRECTION('ref_axis',(0.,0.,-1.));
#5066=DIRECTION('',(-1.,0.,0.));
#5067=DIRECTION('center_axis',(1.,0.,0.));
#5068=DIRECTION('ref_axis',(0.,0.,-1.));
#5069=DIRECTION('',(1.,0.,0.));
#5070=DIRECTION('center_axis',(0.,0.,1.));
#5071=DIRECTION('ref_axis',(1.,0.,0.));
#5072=DIRECTION('',(1.,0.,0.));
#5073=DIRECTION('center_axis',(1.,0.,0.));
#5074=DIRECTION('ref_axis',(0.,0.,-1.));
#5075=DIRECTION('',(1.,0.,0.));
#5076=DIRECTION('center_axis',(1.,0.,0.));
#5077=DIRECTION('ref_axis',(0.,0.,-1.));
#5078=DIRECTION('',(1.,0.,0.));
#5079=DIRECTION('center_axis',(1.,0.,0.));
#5080=DIRECTION('ref_axis',(0.,0.,-1.));
#5081=DIRECTION('',(1.,0.,0.));
#5082=DIRECTION('center_axis',(1.,0.,0.));
#5083=DIRECTION('ref_axis',(0.,0.,-1.));
#5084=DIRECTION('',(1.,0.,0.));
#5085=DIRECTION('center_axis',(1.,0.,0.));
#5086=DIRECTION('ref_axis',(0.,0.,-1.));
#5087=DIRECTION('',(1.,0.,0.));
#5088=DIRECTION('center_axis',(1.,0.,0.));
#5089=DIRECTION('ref_axis',(0.,0.,-1.));
#5090=DIRECTION('',(1.,0.,0.));
#5091=DIRECTION('center_axis',(1.,0.,0.));
#5092=DIRECTION('ref_axis',(0.,0.,-1.));
#5093=DIRECTION('center_axis',(1.,0.,0.));
#5094=DIRECTION('ref_axis',(0.,0.,-1.));
#5095=DIRECTION('',(-1.,0.,0.));
#5096=DIRECTION('',(1.,0.,0.));
#5097=DIRECTION('center_axis',(1.,0.,0.));
#5098=DIRECTION('ref_axis',(0.,0.,-1.));
#5099=DIRECTION('',(1.,0.,0.));
#5100=DIRECTION('center_axis',(0.,0.,1.));
#5101=DIRECTION('ref_axis',(1.,0.,0.));
#5102=DIRECTION('',(1.,0.,0.));
#5103=DIRECTION('',(0.,1.,0.));
#5104=DIRECTION('',(-1.,0.,0.));
#5105=DIRECTION('center_axis',(1.,0.,0.));
#5106=DIRECTION('ref_axis',(0.,0.,-1.));
#5107=DIRECTION('center_axis',(0.,0.,1.));
#5108=DIRECTION('ref_axis',(1.,0.,0.));
#5109=DIRECTION('',(-1.,0.,0.));
#5110=DIRECTION('',(0.,1.,0.));
#5111=DIRECTION('',(1.,0.,0.));
#5112=DIRECTION('',(0.,-1.,0.));
#5113=DIRECTION('center_axis',(1.,0.,0.));
#5114=DIRECTION('ref_axis',(0.,0.,-1.));
#5115=DIRECTION('',(0.,0.,-1.));
#5116=DIRECTION('',(0.,0.,-1.));
#5117=DIRECTION('',(0.,1.,0.));
#5118=DIRECTION('center_axis',(0.,0.,1.));
#5119=DIRECTION('ref_axis',(1.,0.,0.));
#5120=DIRECTION('',(1.,0.,0.));
#5121=DIRECTION('',(-1.,0.,0.));
#5122=DIRECTION('',(0.,-1.,0.));
#5123=DIRECTION('center_axis',(0.,1.,0.));
#5124=DIRECTION('ref_axis',(0.,0.,1.));
#5125=DIRECTION('',(0.,0.,-1.));
#5126=DIRECTION('center_axis',(-1.,0.,0.));
#5127=DIRECTION('ref_axis',(0.,0.,1.));
#5128=DIRECTION('',(0.,0.,1.));
#5129=DIRECTION('center_axis',(1.,0.,0.));
#5130=DIRECTION('ref_axis',(0.,0.,-1.));
#5131=DIRECTION('',(0.,-1.,0.));
#5132=DIRECTION('',(0.,0.,-1.));
#5133=DIRECTION('',(0.,1.,0.));
#5134=DIRECTION('',(0.,0.,-1.));
#5135=DIRECTION('center_axis',(1.,0.,0.));
#5136=DIRECTION('ref_axis',(0.,0.,-1.));
#5137=DIRECTION('',(0.,1.,0.));
#5138=DIRECTION('',(0.,0.,-1.));
#5139=DIRECTION('',(0.,-1.,0.));
#5140=DIRECTION('',(0.,0.,-1.));
#5141=DIRECTION('center_axis',(0.,0.,1.));
#5142=DIRECTION('ref_axis',(1.,0.,0.));
#5143=DIRECTION('',(0.,1.,0.));
#5144=DIRECTION('',(-1.,0.,0.));
#5145=DIRECTION('',(1.,0.,0.));
#5146=DIRECTION('center_axis',(0.,0.,1.));
#5147=DIRECTION('ref_axis',(1.,0.,0.));
#5148=DIRECTION('',(0.,-1.,0.));
#5149=DIRECTION('',(-1.,0.,0.));
#5150=DIRECTION('',(1.,0.,0.));
#5151=DIRECTION('center_axis',(0.,1.,0.));
#5152=DIRECTION('ref_axis',(0.,0.,1.));
#5153=DIRECTION('',(0.,0.,1.));
#5154=DIRECTION('',(0.,0.,-1.));
#5155=DIRECTION('center_axis',(-1.,0.,0.));
#5156=DIRECTION('ref_axis',(0.,0.,1.));
#5157=DIRECTION('',(0.,0.,-1.));
#5158=DIRECTION('center_axis',(1.,0.,0.));
#5159=DIRECTION('ref_axis',(0.,0.,-1.));
#5160=DIRECTION('',(0.,1.,0.));
#5161=DIRECTION('',(0.,0.,-1.));
#5162=DIRECTION('',(0.,-1.,0.));
#5163=DIRECTION('',(0.,0.,-1.));
#5164=DIRECTION('center_axis',(0.,0.,1.));
#5165=DIRECTION('ref_axis',(1.,0.,0.));
#5166=DIRECTION('',(0.,1.,0.));
#5167=DIRECTION('',(-1.,0.,0.));
#5168=DIRECTION('',(1.,0.,0.));
#5169=DIRECTION('center_axis',(0.,0.,1.));
#5170=DIRECTION('ref_axis',(1.,0.,0.));
#5171=DIRECTION('',(0.,-1.,0.));
#5172=DIRECTION('',(1.,0.,0.));
#5173=DIRECTION('',(0.,-1.,0.));
#5174=DIRECTION('',(-1.,0.,0.));
#5175=DIRECTION('center_axis',(0.,1.,0.));
#5176=DIRECTION('ref_axis',(0.,0.,1.));
#5177=DIRECTION('',(0.,0.,1.));
#5178=DIRECTION('',(0.,0.,-1.));
#5179=DIRECTION('',(-1.,0.,0.));
#5180=DIRECTION('center_axis',(-1.,0.,0.));
#5181=DIRECTION('ref_axis',(0.,0.,1.));
#5182=DIRECTION('center_axis',(-1.,0.,0.));
#5183=DIRECTION('ref_axis',(0.,0.,1.));
#5184=DIRECTION('',(0.,1.,0.));
#5185=DIRECTION('',(0.,0.,-1.));
#5186=DIRECTION('',(0.,-1.,0.));
#5187=DIRECTION('',(0.,0.,-1.));
#5188=DIRECTION('center_axis',(0.,0.,1.));
#5189=DIRECTION('ref_axis',(1.,0.,0.));
#5190=DIRECTION('',(-1.,0.,0.));
#5191=DIRECTION('',(0.,-1.,0.));
#5192=DIRECTION('',(1.,0.,0.));
#5193=DIRECTION('',(0.,1.,0.));
#5194=DIRECTION('',(1.,0.,0.));
#5195=DIRECTION('',(-1.,0.,0.));
#5196=DIRECTION('',(0.,1.,0.));
#5197=DIRECTION('center_axis',(0.,0.,1.));
#5198=DIRECTION('ref_axis',(1.,0.,0.));
#5199=DIRECTION('',(-1.,0.,0.));
#5200=DIRECTION('',(0.,-1.,0.));
#5201=DIRECTION('',(1.,0.,0.));
#5202=DIRECTION('center_axis',(0.,1.,0.));
#5203=DIRECTION('ref_axis',(0.,0.,1.));
#5204=DIRECTION('',(0.,0.,-1.));
#5205=DIRECTION('center_axis',(1.,0.,0.));
#5206=DIRECTION('ref_axis',(0.,0.,-1.));
#5207=DIRECTION('',(0.,0.,1.));
#5208=DIRECTION('',(0.,0.,-1.));
#5209=DIRECTION('',(0.,0.,-1.));
#5210=DIRECTION('center_axis',(0.,-1.,0.));
#5211=DIRECTION('ref_axis',(0.,0.,-1.));
#5212=DIRECTION('center_axis',(0.,-1.,0.));
#5213=DIRECTION('ref_axis',(0.,0.,-1.));
#5214=DIRECTION('',(0.,0.,-1.));
#5215=DIRECTION('',(1.,0.,0.));
#5216=DIRECTION('center_axis',(-1.,0.,0.));
#5217=DIRECTION('ref_axis',(0.,0.,1.));
#5218=DIRECTION('',(0.,0.,-1.));
#5219=DIRECTION('',(0.,-1.,0.));
#5220=DIRECTION('center_axis',(0.,0.,1.));
#5221=DIRECTION('ref_axis',(1.,0.,0.));
#5222=DIRECTION('',(-1.,0.,0.));
#5223=DIRECTION('center_axis',(0.,1.,0.));
#5224=DIRECTION('ref_axis',(0.,0.,1.));
#5225=CARTESIAN_POINT('',(0.,0.,0.));
#5226=CARTESIAN_POINT('Origin',(38.1,5.96524788298432,-5.4852746192299));
#5227=CARTESIAN_POINT('',(35.1,3.78356162353776,-6.70603055935145));
#5228=CARTESIAN_POINT('',(41.1,3.78356162353776,-6.70603055935145));
#5229=CARTESIAN_POINT('',(38.1,3.78356162353776,-6.70603055935145));
#5230=CARTESIAN_POINT('',(35.1,3.78019816974827,-6.7));
#5231=CARTESIAN_POINT('Origin',(35.1,5.96524788298432,-5.4852746192299));
#5232=CARTESIAN_POINT('',(41.1,3.78019816974827,-6.7));
#5233=CARTESIAN_POINT('',(38.1,3.78019816974827,-6.7));
#5234=CARTESIAN_POINT('Origin',(41.1,5.96524788298432,-5.4852746192299));
#5235=CARTESIAN_POINT('Origin',(38.1,-14.,-6.7));
#5236=CARTESIAN_POINT('',(35.1,2.07244342966192,-6.7));
#5237=CARTESIAN_POINT('',(35.1,-14.,-6.7));
#5238=CARTESIAN_POINT('',(41.1,2.07244342966192,-6.7));
#5239=CARTESIAN_POINT('',(38.1,2.07244342966192,-6.7));
#5240=CARTESIAN_POINT('',(41.1,-14.,-6.7));
#5241=CARTESIAN_POINT('Origin',(35.1,-14.,-11.35));
#5242=CARTESIAN_POINT('',(35.1,3.89146094587195,-6.93734203341844));
#5243=CARTESIAN_POINT('Origin',(35.1,6.10018796587661,-5.76622079669641));
#5244=CARTESIAN_POINT('',(35.1,3.98940849357152,-7.15877834556343));
#5245=CARTESIAN_POINT('Origin',(35.1,6.2240732221183,-6.0379422509497));
#5246=CARTESIAN_POINT('',(35.1,4.0777999585684,-7.36993123823774));
#5247=CARTESIAN_POINT('Origin',(35.1,6.33728138493095,-6.30000428562712));
#5248=CARTESIAN_POINT('',(35.1,4.1570474027575,-7.57040850701101));
#5249=CARTESIAN_POINT('Origin',(35.1,6.44020726860796,-6.55198765737677));
#5250=CARTESIAN_POINT('',(35.1,4.2275786055116,-7.75983465742425));
#5251=CARTESIAN_POINT('Origin',(35.1,6.53326213689587,-6.79348924655744));
#5252=CARTESIAN_POINT('',(35.1,4.28983638567845,-7.93785153822918));
#5253=CARTESIAN_POINT('Origin',(35.1,6.61687304506018,-7.02412270214403));
#5254=CARTESIAN_POINT('',(35.1,4.34427789915064,-8.10411895139331));
#5255=CARTESIAN_POINT('Origin',(35.1,6.69148215668795,-7.24351905980679));
#5256=CARTESIAN_POINT('',(35.1,4.39137391313723,-8.25831524005929));
#5257=CARTESIAN_POINT('Origin',(35.1,6.75754603632044,-7.45132733217551));
#5258=CARTESIAN_POINT('',(35.1,4.43160805830452,-8.40013785697635));
#5259=CARTESIAN_POINT('Origin',(35.1,6.81553491904721,-7.64721507034447));
#5260=CARTESIAN_POINT('',(35.1,4.46547605998929,-8.52930391818065));
#5261=CARTESIAN_POINT('Origin',(35.1,6.8659319582303,-7.83086889571975));
#5262=CARTESIAN_POINT('',(35.1,4.49348494972312,-8.64555075071341));
#5263=CARTESIAN_POINT('Origin',(35.1,6.9092324525619,-8.00199500135815));
#5264=CARTESIAN_POINT('',(35.1,9.,-9.58539858869337));
#5265=CARTESIAN_POINT('Origin',(35.1,6.94594305369213,-8.16031962199561));
#5266=CARTESIAN_POINT('',(35.1,9.,-16.));
#5267=CARTESIAN_POINT('',(35.1,9.,-11.35));
#5268=CARTESIAN_POINT('',(35.1,-37.,-16.));
#5269=CARTESIAN_POINT('',(35.1,-14.,-16.));
#5270=CARTESIAN_POINT('',(35.1,-37.,-6.7));
#5271=CARTESIAN_POINT('',(35.1,-37.,-11.35));
#5272=CARTESIAN_POINT('',(35.1,-29.9933439709176,-6.7));
#5273=CARTESIAN_POINT('',(35.1,-14.,-6.7));
#5274=CARTESIAN_POINT('',(35.1,-25.1843845291927,-7.13381889784053));
#5275=CARTESIAN_POINT('Origin',(35.1,-27.5305387004038,-6.27036038412449));
#5276=CARTESIAN_POINT('',(35.1,-25.0853118971487,-6.91122540921822));
#5277=CARTESIAN_POINT('Origin',(35.1,-27.4161219620459,-6.00716543257177));
#5278=CARTESIAN_POINT('',(35.1,-24.9850046152356,-6.7));
#5279=CARTESIAN_POINT('Origin',(35.1,-27.2909837923989,-5.73436029778722));
#5280=CARTESIAN_POINT('',(35.1,-23.2791819153407,-6.7));
#5281=CARTESIAN_POINT('',(35.1,-14.,-6.7));
#5282=CARTESIAN_POINT('',(35.1,-23.3104776490726,-6.81211661354138));
#5283=CARTESIAN_POINT('Origin',(35.1,-20.8875326722864,-7.4280205341871));
#5284=CARTESIAN_POINT('',(35.1,-23.3796180670723,-7.05120776196454));
#5285=CARTESIAN_POINT('Origin',(35.1,-20.9464261930191,-7.62529599912074));
#5286=CARTESIAN_POINT('',(35.1,-23.440380068908,-7.27823016290698));
#5287=CARTESIAN_POINT('Origin',(35.1,-20.9976716523247,-7.81037261709885));
#5288=CARTESIAN_POINT('',(35.1,-23.4932572109093,-7.49287666553719));
#5289=CARTESIAN_POINT('Origin',(35.1,-21.0417629916045,-7.98295430501356));
#5290=CARTESIAN_POINT('',(35.1,-23.5387545379979,-7.69485983568079));
#5291=CARTESIAN_POINT('Origin',(35.1,-21.0792055973251,-8.14276496897967));
#5292=CARTESIAN_POINT('',(35.1,-23.5773877717436,-7.88391221452387));
#5293=CARTESIAN_POINT('Origin',(35.1,-21.110515492509,-8.28954894602597));
#5294=CARTESIAN_POINT('',(35.1,-23.6096824816144,-8.05978641878404));
#5295=CARTESIAN_POINT('Origin',(35.1,-21.1362185112069,-8.42307141310141));
#5296=CARTESIAN_POINT('',(35.1,-23.6361732406654,-8.22225496434719));
#5297=CARTESIAN_POINT('Origin',(35.1,-21.1568494572762,-8.54311876274197));
#5298=CARTESIAN_POINT('',(35.1,-23.6574027668316,-8.37110955097814));
#5299=CARTESIAN_POINT('Origin',(35.1,-21.1729512488081,-8.64949894479694));
#5300=CARTESIAN_POINT('',(35.1,-23.6739210506809,-8.5061591649665));
#5301=CARTESIAN_POINT('Origin',(35.1,-21.1850740495753,-8.74204177366827));
#5302=CARTESIAN_POINT('',(35.1,-23.6862844693891,-8.62722521422884));
#5303=CARTESIAN_POINT('Origin',(35.1,-21.1937743888867,-8.82059920057117));
#5304=CARTESIAN_POINT('',(35.1,-23.6950548820152,-8.73412783044641));
#5305=CARTESIAN_POINT('Origin',(35.1,-21.1996142712593,-8.88504555038064));
#5306=CARTESIAN_POINT('',(35.1,-23.7007986746613,-8.82663870491023));
#5307=CARTESIAN_POINT('Origin',(35.1,-21.2031602773314,-8.9352777226848));
#5308=CARTESIAN_POINT('',(35.1,-23.7040854759787,-8.90424444930647));
#5309=CARTESIAN_POINT('Origin',(35.1,-21.2049826574537,-8.97121535672357));
#5310=CARTESIAN_POINT('',(35.1,-18.7071342524246,-9.07880662931408));
#5311=CARTESIAN_POINT('Origin',(35.1,-21.2056544194108,-8.9928009599488));
#5312=CARTESIAN_POINT('',(35.1,-18.7071041907569,-9.07841953672297));
#5313=CARTESIAN_POINT('Origin',(35.1,-21.1996142712593,-8.88504555038064));
#5314=CARTESIAN_POINT('',(35.1,-18.7049273877811,-9.05648180927294));
#5315=CARTESIAN_POINT('Origin',(35.1,-21.1937743888867,-8.82059920057117));
#5316=CARTESIAN_POINT('',(35.1,-18.7006225315518,-9.02043116748706));
#5317=CARTESIAN_POINT('Origin',(35.1,-21.1850740495753,-8.74204177366827));
#5318=CARTESIAN_POINT('',(35.1,-18.6936274654189,-8.97036274319171));
#5319=CARTESIAN_POINT('Origin',(35.1,-21.1729512488081,-8.64949894479694));
#5320=CARTESIAN_POINT('',(35.1,-18.6833854868687,-8.90640375705934));
#5321=CARTESIAN_POINT('Origin',(35.1,-21.1568494572762,-8.54311876274197));
#5322=CARTESIAN_POINT('',(35.1,-18.6693462319723,-8.82870814460351));
#5323=CARTESIAN_POINT('Origin',(35.1,-21.1362185112069,-8.42307141310141));
#5324=CARTESIAN_POINT('',(35.1,-18.6509665518362,-8.73745407932485));
#5325=CARTESIAN_POINT('Origin',(35.1,-21.110515492509,-8.28954894602597));
#5326=CARTESIAN_POINT('',(35.1,-18.6277113780202,-8.63284260845604));
#5327=CARTESIAN_POINT('Origin',(35.1,-21.0792055973251,-8.14276496897967));
#5328=CARTESIAN_POINT('',(35.1,-18.5990545750212,-8.51509675920543));
#5329=CARTESIAN_POINT('Origin',(35.1,-21.0417629916045,-7.98295430501356));
#5330=CARTESIAN_POINT('',(35.1,-18.5644797782715,-8.38446085425505));
#5331=CARTESIAN_POINT('Origin',(35.1,-20.9976716523247,-7.81037261709885));
#5332=CARTESIAN_POINT('',(35.1,-18.5234812162329,-8.24119991976647));
#5333=CARTESIAN_POINT('Origin',(35.1,-20.9464261930191,-7.62529599912074));
#5334=CARTESIAN_POINT('',(35.1,-18.4755645152351,-8.08559912977115));
#5335=CARTESIAN_POINT('Origin',(35.1,-20.8875326722864,-7.4280205341871));
#5336=CARTESIAN_POINT('',(35.1,-18.4202474857496,-7.91796325840733));
#5337=CARTESIAN_POINT('Origin',(35.1,-20.8205093839926,-7.21886182095863));
#5338=CARTESIAN_POINT('',(35.1,-18.3570608888321,-7.73861612489254));
#5339=CARTESIAN_POINT('Origin',(35.1,-20.7448876278973,-6.99815446875835));
#5340=CARTESIAN_POINT('',(35.1,-18.2855491814956,-7.54790002303474));
#5341=CARTESIAN_POINT('Origin',(35.1,-20.6602124594744,-6.76625156226805));
#5342=CARTESIAN_POINT('',(35.1,-18.2052712398173,-7.34617513083268));
#5343=CARTESIAN_POINT('Origin',(35.1,-20.5660434177261,-6.52352409666815));
#5344=CARTESIAN_POINT('',(35.1,-18.1158010586157,-7.13381889784053));
#5345=CARTESIAN_POINT('Origin',(35.1,-20.4619552298268,-6.27036038412449));
#5346=CARTESIAN_POINT('',(35.1,-18.0167284265716,-6.91122540921819));
#5347=CARTESIAN_POINT('Origin',(35.1,-20.3475384914688,-6.00716543257177));
#5348=CARTESIAN_POINT('',(35.1,-17.9164211446586,-6.7));
#5349=CARTESIAN_POINT('Origin',(35.1,-20.2224003218218,-5.73436029778722));
#5350=CARTESIAN_POINT('',(35.1,-17.2706374074121,-6.7));
#5351=CARTESIAN_POINT('',(35.1,-14.,-6.7));
#5352=CARTESIAN_POINT('',(35.1,-17.0573681713896,-7.54790002303471));
#5353=CARTESIAN_POINT('Origin',(35.1,-14.7768739351591,-6.52352409666815));
#5354=CARTESIAN_POINT('',(35.1,-16.9858564640531,-7.73861612489254));
#5355=CARTESIAN_POINT('Origin',(35.1,-14.6827048934108,-6.76625156226806));
#5356=CARTESIAN_POINT('',(35.1,-16.9226698671356,-7.91796325840732));
#5357=CARTESIAN_POINT('Origin',(35.1,-14.5980297249879,-6.99815446875835));
#5358=CARTESIAN_POINT('',(35.1,-16.8673528376501,-8.08559912977115));
#5359=CARTESIAN_POINT('Origin',(35.1,-14.5224079688925,-7.21886182095863));
#5360=CARTESIAN_POINT('',(35.1,-16.8194361366523,-8.2411999197665));
#5361=CARTESIAN_POINT('Origin',(35.1,-14.4553846805988,-7.42802053418711));
#5362=CARTESIAN_POINT('',(35.1,-16.7784375746137,-8.38446085425503));
#5363=CARTESIAN_POINT('Origin',(35.1,-14.3964911598661,-7.62529599912075));
#5364=CARTESIAN_POINT('',(35.1,-16.743862777864,-8.51509675920543));
#5365=CARTESIAN_POINT('Origin',(35.1,-14.3452457005604,-7.81037261709885));
#5366=CARTESIAN_POINT('',(35.1,-16.715205974865,-8.63284260845605));
#5367=CARTESIAN_POINT('Origin',(35.1,-14.3011543612807,-7.98295430501356));
#5368=CARTESIAN_POINT('',(35.1,-16.691950801049,-8.73745407932489));
#5369=CARTESIAN_POINT('Origin',(35.1,-14.2637117555601,-8.14276496897967));
#5370=CARTESIAN_POINT('',(35.1,-16.6735711209129,-8.8287081446035));
#5371=CARTESIAN_POINT('Origin',(35.1,-14.2324018603762,-8.28954894602597));
#5372=CARTESIAN_POINT('',(35.1,-16.6595318660165,-8.90640375705938));
#5373=CARTESIAN_POINT('Origin',(35.1,-14.2066988416783,-8.42307141310141));
#5374=CARTESIAN_POINT('',(35.1,-16.6492898874663,-8.97036274319166));
#5375=CARTESIAN_POINT('Origin',(35.1,-14.186067895609,-8.54311876274197));
#5376=CARTESIAN_POINT('',(35.1,-16.6422948213333,-9.02043116748706));
#5377=CARTESIAN_POINT('Origin',(35.1,-14.169966104077,-8.64949894479694));
#5378=CARTESIAN_POINT('',(35.1,-16.6379899651041,-9.056481809273));
#5379=CARTESIAN_POINT('Origin',(35.1,-14.1578433033099,-8.74204177366827));
#5380=CARTESIAN_POINT('',(35.1,-16.6359897641493,-9.07671049001336));
#5381=CARTESIAN_POINT('Origin',(35.1,-14.1491429639985,-8.82059920057118));
#5382=CARTESIAN_POINT('',(35.1,-11.6383441181588,-9.07671049001339));
#5383=CARTESIAN_POINT('Origin',(35.1,-14.1371669411541,-9.));
#5384=CARTESIAN_POINT('',(35.1,-11.6363439172041,-9.05648180927308));
#5385=CARTESIAN_POINT('Origin',(35.1,-14.1251909183096,-8.82059920057117));
#5386=CARTESIAN_POINT('',(35.1,-11.6320390609748,-9.02043116748694));
#5387=CARTESIAN_POINT('Origin',(35.1,-14.1164905789983,-8.74204177366827));
#5388=CARTESIAN_POINT('',(35.1,-11.6250439948418,-8.97036274319176));
#5389=CARTESIAN_POINT('Origin',(35.1,-14.1043677782311,-8.64949894479694));
#5390=CARTESIAN_POINT('',(35.1,-11.6148020162917,-8.90640375705938));
#5391=CARTESIAN_POINT('Origin',(35.1,-14.0882659866991,-8.54311876274197));
#5392=CARTESIAN_POINT('',(35.1,-11.6007627613952,-8.82870814460355));
#5393=CARTESIAN_POINT('Origin',(35.1,-14.0676350406299,-8.42307141310141));
#5394=CARTESIAN_POINT('',(35.1,-11.5823830812592,-8.73745407932481));
#5395=CARTESIAN_POINT('Origin',(35.1,-14.0419320219319,-8.28954894602597));
#5396=CARTESIAN_POINT('',(35.1,-11.5591279074432,-8.63284260845607));
#5397=CARTESIAN_POINT('Origin',(35.1,-14.0106221267481,-8.14276496897967));
#5398=CARTESIAN_POINT('',(35.1,-11.5304711044442,-8.51509675920537));
#5399=CARTESIAN_POINT('Origin',(35.1,-13.9731795210274,-7.98295430501356));
#5400=CARTESIAN_POINT('',(35.1,-11.4958963076944,-8.38446085425508));
#5401=CARTESIAN_POINT('Origin',(35.1,-13.9290881817477,-7.81037261709885));
#5402=CARTESIAN_POINT('',(35.1,-11.4548977456559,-8.24119991976649));
#5403=CARTESIAN_POINT('Origin',(35.1,-13.877842722442,-7.62529599912074));
#5404=CARTESIAN_POINT('',(35.1,-11.406981044658,-8.08559912977113));
#5405=CARTESIAN_POINT('Origin',(35.1,-13.8189492017094,-7.4280205341871));
#5406=CARTESIAN_POINT('',(35.1,-11.3516640151726,-7.91796325840733));
#5407=CARTESIAN_POINT('Origin',(35.1,-13.7519259134156,-7.21886182095863));
#5408=CARTESIAN_POINT('',(35.1,-11.288477418255,-7.73861612489256));
#5409=CARTESIAN_POINT('Origin',(35.1,-13.6763041573203,-6.99815446875835));
#5410=CARTESIAN_POINT('',(35.1,-11.2169657109185,-7.54790002303468));
#5411=CARTESIAN_POINT('Origin',(35.1,-13.5916289888973,-6.76625156226805));
#5412=CARTESIAN_POINT('',(35.1,-11.1366877692403,-7.34617513083273));
#5413=CARTESIAN_POINT('Origin',(35.1,-13.497459947149,-6.52352409666815));
#5414=CARTESIAN_POINT('',(35.1,-11.0472175880387,-7.13381889784051));
#5415=CARTESIAN_POINT('Origin',(35.1,-13.3933717592498,-6.27036038412449));
#5416=CARTESIAN_POINT('',(35.1,-10.9481449559946,-6.91122540921822));
#5417=CARTESIAN_POINT('Origin',(35.1,-13.2789550208918,-6.00716543257177));
#5418=CARTESIAN_POINT('',(35.1,-10.8478376740816,-6.7));
#5419=CARTESIAN_POINT('Origin',(35.1,-13.1538168512448,-5.73436029778722));
#5420=CARTESIAN_POINT('',(35.1,-10.3579127376495,-6.7));
#5421=CARTESIAN_POINT('',(35.1,-14.,-6.7));
#5422=CARTESIAN_POINT('',(35.1,-10.2576054557365,-6.91122540921821));
#5423=CARTESIAN_POINT('Origin',(35.1,-8.05193356048631,-5.73436029778722));
#5424=CARTESIAN_POINT('',(35.1,-10.1585328236925,-7.13381889784051));
#5425=CARTESIAN_POINT('Origin',(35.1,-7.9267953908393,-6.00716543257177));
#5426=CARTESIAN_POINT('',(35.1,-10.0690626424908,-7.34617513083271));
#5427=CARTESIAN_POINT('Origin',(35.1,-7.81237865248133,-6.27036038412449));
#5428=CARTESIAN_POINT('',(35.1,-9.98878470081259,-7.54790002303474));
#5429=CARTESIAN_POINT('Origin',(35.1,-7.70829046458208,-6.52352409666815));
#5430=CARTESIAN_POINT('',(35.1,-9.91727299347608,-7.73861612489254));
#5431=CARTESIAN_POINT('Origin',(35.1,-7.61412142283378,-6.76625156226806));
#5432=CARTESIAN_POINT('',(35.1,-9.85408639655853,-7.91796325840732));
#5433=CARTESIAN_POINT('Origin',(35.1,-7.52944625441082,-6.99815446875835));
#5434=CARTESIAN_POINT('',(35.1,-9.79876936707308,-8.08559912977114));
#5435=CARTESIAN_POINT('Origin',(35.1,-7.45382449831551,-7.21886182095863));
#5436=CARTESIAN_POINT('',(35.1,-9.75085266607521,-8.24119991976653));
#5437=CARTESIAN_POINT('Origin',(35.1,-7.38680121002172,-7.42802053418711));
#5438=CARTESIAN_POINT('',(35.1,-9.70985410403669,-8.384460854255));
#5439=CARTESIAN_POINT('Origin',(35.1,-7.32790768928908,-7.62529599912075));
#5440=CARTESIAN_POINT('',(35.1,-9.67527930728694,-8.51509675920543));
#5441=CARTESIAN_POINT('Origin',(35.1,-7.27666222998341,-7.81037261709885));
#5442=CARTESIAN_POINT('',(35.1,-9.64662250428792,-8.63284260845605));
#5443=CARTESIAN_POINT('Origin',(35.1,-7.23257089070369,-7.98295430501356));
#5444=CARTESIAN_POINT('',(35.1,-9.62336733047194,-8.73745407932486));
#5445=CARTESIAN_POINT('Origin',(35.1,-7.19512828498304,-8.14276496897967));
#5446=CARTESIAN_POINT('',(35.1,-9.60498765033586,-8.82870814460354));
#5447=CARTESIAN_POINT('Origin',(35.1,-7.16381838979918,-8.28954894602597));
#5448=CARTESIAN_POINT('',(35.1,-9.59094839543942,-8.9064037570594));
#5449=CARTESIAN_POINT('Origin',(35.1,-7.13811537110122,-8.42307141310141));
#5450=CARTESIAN_POINT('',(35.1,-9.58070641688929,-8.97036274319166));
#5451=CARTESIAN_POINT('Origin',(35.1,-7.11748442503197,-8.54311876274197));
#5452=CARTESIAN_POINT('',(35.1,-9.57371135075631,-9.02043116748703));
#5453=CARTESIAN_POINT('Origin',(35.1,-7.10138263350001,-8.64949894479694));
#5454=CARTESIAN_POINT('',(35.1,-9.56940649452702,-9.05648180927296));
#5455=CARTESIAN_POINT('Origin',(35.1,-7.08925983273282,-8.74204177366827));
#5456=CARTESIAN_POINT('',(35.1,-9.56740629357228,-9.07671049001339));
#5457=CARTESIAN_POINT('Origin',(35.1,-7.08055949342148,-8.82059920057118));
#5458=CARTESIAN_POINT('',(35.1,-4.5697606475818,-9.0767104900134));
#5459=CARTESIAN_POINT('Origin',(35.1,-7.06858347057704,-9.));
#5460=CARTESIAN_POINT('',(35.1,-4.56776044662705,-9.05648180927297));
#5461=CARTESIAN_POINT('Origin',(35.1,-7.05660744773259,-8.82059920057117));
#5462=CARTESIAN_POINT('',(35.1,-4.56345559039776,-9.02043116748703));
#5463=CARTESIAN_POINT('Origin',(35.1,-7.04790710842125,-8.74204177366827));
#5464=CARTESIAN_POINT('',(35.1,-4.55646052426479,-8.97036274319171));
#5465=CARTESIAN_POINT('Origin',(35.1,-7.03578430765406,-8.64949894479694));
#5466=CARTESIAN_POINT('',(35.1,-4.54621854571465,-8.9064037570594));
#5467=CARTESIAN_POINT('Origin',(35.1,-7.01968251612209,-8.54311876274197));
#5468=CARTESIAN_POINT('',(35.1,-4.53217929081821,-8.82870814460355));
#5469=CARTESIAN_POINT('Origin',(35.1,-6.99905157005284,-8.42307141310141));
#5470=CARTESIAN_POINT('',(35.1,-4.51379961068212,-8.7374540793248));
#5471=CARTESIAN_POINT('Origin',(35.1,-6.97334855135489,-8.28954894602597));
#5472=CARTESIAN_POINT('',(35.1,-4.49054443686615,-8.63284260845606));
#5473=CARTESIAN_POINT('Origin',(35.1,-6.94203865617103,-8.14276496897967));
#5474=CARTESIAN_POINT('',(35.1,-4.46188763386712,-8.5150967592054));
#5475=CARTESIAN_POINT('Origin',(35.1,-6.90459605045038,-7.98295430501356));
#5476=CARTESIAN_POINT('',(35.1,-4.42731283711739,-8.38446085425504));
#5477=CARTESIAN_POINT('Origin',(35.1,-6.86050471117067,-7.81037261709885));
#5478=CARTESIAN_POINT('',(35.1,-4.38631427507885,-8.24119991976652));
#5479=CARTESIAN_POINT('Origin',(35.1,-6.80925925186498,-7.62529599912074));
#5480=CARTESIAN_POINT('',(35.1,-4.33839757408099,-8.08559912977114));
#5481=CARTESIAN_POINT('Origin',(35.1,-6.75036573113235,-7.4280205341871));
#5482=CARTESIAN_POINT('',(35.1,-4.28308054459554,-7.91796325840729));
#5483=CARTESIAN_POINT('Origin',(35.1,-6.68334244283856,-7.21886182095863));
#5484=CARTESIAN_POINT('',(35.1,-4.21989394767801,-7.73861612489258));
#5485=CARTESIAN_POINT('Origin',(35.1,-6.60772068674325,-6.99815446875835));
#5486=CARTESIAN_POINT('',(35.1,-4.14838224034147,-7.54790002303471));
#5487=CARTESIAN_POINT('Origin',(35.1,-6.52304551832029,-6.76625156226805));
#5488=CARTESIAN_POINT('',(35.1,-4.06810429866326,-7.34617513083272));
#5489=CARTESIAN_POINT('Origin',(35.1,-6.428876476572,-6.52352409666815));
#5490=CARTESIAN_POINT('',(35.1,-3.97863411746163,-7.13381889784051));
#5491=CARTESIAN_POINT('Origin',(35.1,-6.32478828867274,-6.27036038412449));
#5492=CARTESIAN_POINT('',(35.1,-3.87956148541758,-6.91122540921822));
#5493=CARTESIAN_POINT('Origin',(35.1,-6.21037155031477,-6.00716543257177));
#5494=CARTESIAN_POINT('',(35.1,-3.77925420350453,-6.7));
#5495=CARTESIAN_POINT('Origin',(35.1,-6.08523338066776,-5.73436029778722));
#5496=CARTESIAN_POINT('',(35.1,-3.29191375729597,-6.7));
#5497=CARTESIAN_POINT('',(35.1,-14.,-6.7));
#5498=CARTESIAN_POINT('',(35.1,-3.21533704111173,-6.8540251785394));
#5499=CARTESIAN_POINT('Origin',(35.1,-1.01635427225859,-5.66470823916328));
#5500=CARTESIAN_POINT('',(35.1,-3.11380161389894,-7.07911451824208));
#5501=CARTESIAN_POINT('Origin',(35.1,-0.888476353737365,-5.93984831296484));
#5502=CARTESIAN_POINT('',(35.1,-3.02196864587767,-7.29406764614297));
#5503=CARTESIAN_POINT('Origin',(35.1,-0.771415430668717,-6.20548589656572));
#5504=CARTESIAN_POINT('',(35.1,-2.93943197670092,-7.49848642031637));
#5505=CARTESIAN_POINT('Origin',(35.1,-0.664782852353792,-6.46119602649849));
#5506=CARTESIAN_POINT('',(35.1,-2.86576948734333,-7.69198917176466));
#5507=CARTESIAN_POINT('Origin',(35.1,-0.568173284966721,-6.70656962110384));
#5508=CARTESIAN_POINT('',(35.1,-2.80054376891301,-7.87421134626604));
#5509=CARTESIAN_POINT('Origin',(35.1,-0.48116536000229,-6.94121413497396));
#5510=CARTESIAN_POINT('',(35.1,-2.74330281629348,-8.04480612277429));
#5511=CARTESIAN_POINT('Origin',(35.1,-0.403322348375646,-7.1647541869415));
#5512=CARTESIAN_POINT('',(35.1,-2.69358074550045,-8.20344500921887));
#5513=CARTESIAN_POINT('Origin',(35.1,-0.334192859095671,-7.37683216060932));
#5514=CARTESIAN_POINT('',(35.1,-2.65089853359985,-8.34981841765712));
#5515=CARTESIAN_POINT('Origin',(35.1,-0.273311561394276,-7.57710877646042));
#5516=CARTESIAN_POINT('',(35.1,-2.61476477999675,-8.48363622258415));
#5517=CARTESIAN_POINT('Origin',(35.1,-0.220199929156377,-7.76526363463285));
#5518=CARTESIAN_POINT('',(35.1,-2.58467648786948,-8.60462830944101));
#5519=CARTESIAN_POINT('Origin',(35.1,-0.174367006459577,-7.94099572749109));
#5520=CARTESIAN_POINT('',(35.1,-2.56011986448781,-8.71254512627213));
#5521=CARTESIAN_POINT('Origin',(35.1,-0.135310192998928,-8.10402392117409));
#5522=CARTESIAN_POINT('',(35.1,-2.54057113911776,-8.80715826279756));
#5523=CARTESIAN_POINT('Origin',(35.1,-0.102516048140195,-8.25408740534945));
#5524=CARTESIAN_POINT('',(35.1,-2.52549739717371,-8.88826110407247));
#5525=CARTESIAN_POINT('Origin',(35.1,-0.0754611123153421,-8.39094611045431));
#5526=CARTESIAN_POINT('',(35.1,-2.51435742921938,-8.95566965535131));
#5527=CARTESIAN_POINT('Origin',(35.1,-0.0536127444461858,-8.51438109175548));
#5528=CARTESIAN_POINT('',(35.1,-2.50660259331003,-9.00922375007737));
#5529=CARTESIAN_POINT('Origin',(35.1,-0.0364299740564817,-8.62419487961427));
#5530=CARTESIAN_POINT('',(35.1,-2.50167768890088,-9.04878914861374));
#5531=CARTESIAN_POINT('Origin',(35.1,-0.0233643667092949,-8.7202117953958));
#5532=CARTESIAN_POINT('',(35.1,-2.49902183971844,-9.0742618911849));
#5533=CARTESIAN_POINT('Origin',(35.1,-0.0138609013851059,-8.80227823251733));
#5534=CARTESIAN_POINT('',(35.1,-2.498804706956,-9.07689683864934));
#5535=CARTESIAN_POINT('Origin',(35.1,-0.00735885839703787,-8.87026290218605));
#5536=CARTESIAN_POINT('',(35.1,2.49878672384722,-9.077379383806));
#5537=CARTESIAN_POINT('Origin',(35.1,-1.4999925031095E-6,-8.99955000374999));
#5538=CARTESIAN_POINT('',(35.1,2.5001013846272,-9.06329220213844));
#5539=CARTESIAN_POINT('Origin',(35.1,0.0102699452114938,-8.83803811605543));
#5540=CARTESIAN_POINT('',(35.1,2.5038213318007,-9.0307623212267));
#5541=CARTESIAN_POINT('Origin',(35.1,0.0182022881833035,-8.76299755504837));
#5542=CARTESIAN_POINT('',(35.1,2.51009142638676,-8.98418754203139));
#5543=CARTESIAN_POINT('Origin',(35.1,0.0294170698005183,-8.67393806729301));
#5544=CARTESIAN_POINT('',(35.1,2.51946981755954,-8.92368775317352));
#5545=CARTESIAN_POINT('Origin',(35.1,0.0444722720090072,-8.57100212897142));
#5546=CARTESIAN_POINT('',(35.1,2.20728490071028,-7.16750331413035));
#5547=CARTESIAN_POINT('Origin',(35.1,0.0639197329009358,-8.45435441562641));
#5548=CARTESIAN_POINT('',(35.1,2.1573870430492,-6.99255399343615));
#5549=CARTESIAN_POINT('Origin',(35.1,-0.220199929156377,-7.76526363463285));
#5550=CARTESIAN_POINT('',(35.1,2.0860763250105,-6.75049592785086));
#5551=CARTESIAN_POINT('Origin',(35.1,-0.273311561394276,-7.57710877646042));
#5552=CARTESIAN_POINT('Origin',(35.1,-0.334192859095671,-7.37683216060932));
#5553=CARTESIAN_POINT('Origin',(38.1,6.10018796587661,-5.76622079669641));
#5554=CARTESIAN_POINT('',(41.1,3.89146094587195,-6.93734203341844));
#5555=CARTESIAN_POINT('Origin',(41.1,6.10018796587661,-5.76622079669641));
#5556=CARTESIAN_POINT('',(38.1,3.89146094587195,-6.93734203341844));
#5557=CARTESIAN_POINT('Origin',(38.1,6.2240732221183,-6.0379422509497));
#5558=CARTESIAN_POINT('',(41.1,3.98940849357152,-7.15877834556343));
#5559=CARTESIAN_POINT('Origin',(41.1,6.2240732221183,-6.0379422509497));
#5560=CARTESIAN_POINT('',(38.1,3.98940849357152,-7.15877834556343));
#5561=CARTESIAN_POINT('Origin',(41.1,-14.,-11.35));
#5562=CARTESIAN_POINT('',(41.1,2.0860763250105,-6.75049592785086));
#5563=CARTESIAN_POINT('Origin',(41.1,-0.334192859095671,-7.37683216060932));
#5564=CARTESIAN_POINT('',(41.1,2.1573870430492,-6.99255399343615));
#5565=CARTESIAN_POINT('Origin',(41.1,-0.273311561394276,-7.57710877646042));
#5566=CARTESIAN_POINT('',(41.1,2.20728490071028,-7.16750331413035));
#5567=CARTESIAN_POINT('Origin',(41.1,-0.220199929156377,-7.76526363463285));
#5568=CARTESIAN_POINT('',(41.1,2.51946981755954,-8.92368775317352));
#5569=CARTESIAN_POINT('Origin',(41.1,0.0639197329009358,-8.45435441562641));
#5570=CARTESIAN_POINT('',(41.1,2.51009142638676,-8.98418754203139));
#5571=CARTESIAN_POINT('Origin',(41.1,0.0444722720090072,-8.57100212897142));
#5572=CARTESIAN_POINT('',(41.1,2.5038213318007,-9.0307623212267));
#5573=CARTESIAN_POINT('Origin',(41.1,0.0294170698005183,-8.67393806729301));
#5574=CARTESIAN_POINT('',(41.1,2.5001013846272,-9.06329220213844));
#5575=CARTESIAN_POINT('Origin',(41.1,0.0182022881833035,-8.76299755504837));
#5576=CARTESIAN_POINT('',(41.1,2.49878672384722,-9.077379383806));
#5577=CARTESIAN_POINT('Origin',(41.1,0.0102699452114938,-8.83803811605543));
#5578=CARTESIAN_POINT('',(41.1,-2.498804706956,-9.07689683864934));
#5579=CARTESIAN_POINT('Origin',(41.1,-1.4999925031095E-6,-8.99955000374999));
#5580=CARTESIAN_POINT('',(41.1,-2.49902183971844,-9.0742618911849));
#5581=CARTESIAN_POINT('Origin',(41.1,-0.00735885839703787,-8.87026290218605));
#5582=CARTESIAN_POINT('',(41.1,-2.50167768890088,-9.04878914861374));
#5583=CARTESIAN_POINT('Origin',(41.1,-0.0138609013851059,-8.80227823251733));
#5584=CARTESIAN_POINT('',(41.1,-2.50660259331003,-9.00922375007737));
#5585=CARTESIAN_POINT('Origin',(41.1,-0.0233643667092949,-8.7202117953958));
#5586=CARTESIAN_POINT('',(41.1,-2.51435742921938,-8.95566965535131));
#5587=CARTESIAN_POINT('Origin',(41.1,-0.0364299740564817,-8.62419487961427));
#5588=CARTESIAN_POINT('',(41.1,-2.52549739717371,-8.88826110407247));
#5589=CARTESIAN_POINT('Origin',(41.1,-0.0536127444461858,-8.51438109175548));
#5590=CARTESIAN_POINT('',(41.1,-2.54057113911776,-8.80715826279756));
#5591=CARTESIAN_POINT('Origin',(41.1,-0.0754611123153421,-8.39094611045431));
#5592=CARTESIAN_POINT('',(41.1,-2.56011986448781,-8.71254512627213));
#5593=CARTESIAN_POINT('Origin',(41.1,-0.102516048140195,-8.25408740534945));
#5594=CARTESIAN_POINT('',(41.1,-2.58467648786948,-8.60462830944101));
#5595=CARTESIAN_POINT('Origin',(41.1,-0.135310192998928,-8.10402392117409));
#5596=CARTESIAN_POINT('',(41.1,-2.61476477999675,-8.48363622258415));
#5597=CARTESIAN_POINT('Origin',(41.1,-0.174367006459577,-7.94099572749109));
#5598=CARTESIAN_POINT('',(41.1,-2.65089853359985,-8.34981841765712));
#5599=CARTESIAN_POINT('Origin',(41.1,-0.220199929156377,-7.76526363463285));
#5600=CARTESIAN_POINT('',(41.1,-2.69358074550045,-8.20344500921887));
#5601=CARTESIAN_POINT('Origin',(41.1,-0.273311561394276,-7.57710877646042));
#5602=CARTESIAN_POINT('',(41.1,-2.74330281629348,-8.04480612277429));
#5603=CARTESIAN_POINT('Origin',(41.1,-0.334192859095671,-7.37683216060932));
#5604=CARTESIAN_POINT('',(41.1,-2.80054376891301,-7.87421134626604));
#5605=CARTESIAN_POINT('Origin',(41.1,-0.403322348375646,-7.1647541869415));
#5606=CARTESIAN_POINT('',(41.1,-2.86576948734333,-7.69198917176466));
#5607=CARTESIAN_POINT('Origin',(41.1,-0.48116536000229,-6.94121413497396));
#5608=CARTESIAN_POINT('',(41.1,-2.93943197670092,-7.49848642031637));
#5609=CARTESIAN_POINT('Origin',(41.1,-0.568173284966721,-6.70656962110384));
#5610=CARTESIAN_POINT('',(41.1,-3.02196864587767,-7.29406764614297));
#5611=CARTESIAN_POINT('Origin',(41.1,-0.664782852353792,-6.46119602649849));
#5612=CARTESIAN_POINT('',(41.1,-3.11380161389894,-7.07911451824208));
#5613=CARTESIAN_POINT('Origin',(41.1,-0.771415430668717,-6.20548589656572));
#5614=CARTESIAN_POINT('',(41.1,-3.21533704111173,-6.8540251785394));
#5615=CARTESIAN_POINT('Origin',(41.1,-0.888476353737365,-5.93984831296484));
#5616=CARTESIAN_POINT('',(41.1,-3.29191375729597,-6.7));
#5617=CARTESIAN_POINT('Origin',(41.1,-1.01635427225859,-5.66470823916328));
#5618=CARTESIAN_POINT('',(41.1,-3.77925420350453,-6.7));
#5619=CARTESIAN_POINT('',(41.1,-14.,-6.7));
#5620=CARTESIAN_POINT('',(41.1,-3.87956148541758,-6.91122540921822));
#5621=CARTESIAN_POINT('Origin',(41.1,-6.08523338066776,-5.73436029778722));
#5622=CARTESIAN_POINT('',(41.1,-3.97863411746163,-7.13381889784051));
#5623=CARTESIAN_POINT('Origin',(41.1,-6.21037155031477,-6.00716543257177));
#5624=CARTESIAN_POINT('',(41.1,-4.06810429866326,-7.34617513083272));
#5625=CARTESIAN_POINT('Origin',(41.1,-6.32478828867274,-6.27036038412449));
#5626=CARTESIAN_POINT('',(41.1,-4.14838224034147,-7.54790002303471));
#5627=CARTESIAN_POINT('Origin',(41.1,-6.428876476572,-6.52352409666815));
#5628=CARTESIAN_POINT('',(41.1,-4.21989394767801,-7.73861612489258));
#5629=CARTESIAN_POINT('Origin',(41.1,-6.52304551832029,-6.76625156226805));
#5630=CARTESIAN_POINT('',(41.1,-4.28308054459554,-7.91796325840729));
#5631=CARTESIAN_POINT('Origin',(41.1,-6.60772068674325,-6.99815446875835));
#5632=CARTESIAN_POINT('',(41.1,-4.33839757408099,-8.08559912977114));
#5633=CARTESIAN_POINT('Origin',(41.1,-6.68334244283856,-7.21886182095863));
#5634=CARTESIAN_POINT('',(41.1,-4.38631427507885,-8.24119991976652));
#5635=CARTESIAN_POINT('Origin',(41.1,-6.75036573113235,-7.4280205341871));
#5636=CARTESIAN_POINT('',(41.1,-4.42731283711739,-8.38446085425504));
#5637=CARTESIAN_POINT('Origin',(41.1,-6.80925925186498,-7.62529599912074));
#5638=CARTESIAN_POINT('',(41.1,-4.46188763386712,-8.5150967592054));
#5639=CARTESIAN_POINT('Origin',(41.1,-6.86050471117067,-7.81037261709885));
#5640=CARTESIAN_POINT('',(41.1,-4.49054443686615,-8.63284260845606));
#5641=CARTESIAN_POINT('Origin',(41.1,-6.90459605045038,-7.98295430501356));
#5642=CARTESIAN_POINT('',(41.1,-4.51379961068212,-8.7374540793248));
#5643=CARTESIAN_POINT('Origin',(41.1,-6.94203865617103,-8.14276496897967));
#5644=CARTESIAN_POINT('',(41.1,-4.53217929081821,-8.82870814460355));
#5645=CARTESIAN_POINT('Origin',(41.1,-6.97334855135489,-8.28954894602597));
#5646=CARTESIAN_POINT('',(41.1,-4.54621854571465,-8.9064037570594));
#5647=CARTESIAN_POINT('Origin',(41.1,-6.99905157005284,-8.42307141310141));
#5648=CARTESIAN_POINT('',(41.1,-4.55646052426479,-8.97036274319171));
#5649=CARTESIAN_POINT('Origin',(41.1,-7.01968251612209,-8.54311876274197));
#5650=CARTESIAN_POINT('',(41.1,-4.56345559039776,-9.02043116748703));
#5651=CARTESIAN_POINT('Origin',(41.1,-7.03578430765406,-8.64949894479694));
#5652=CARTESIAN_POINT('',(41.1,-4.56776044662705,-9.05648180927297));
#5653=CARTESIAN_POINT('Origin',(41.1,-7.04790710842125,-8.74204177366827));
#5654=CARTESIAN_POINT('',(41.1,-4.5697606475818,-9.0767104900134));
#5655=CARTESIAN_POINT('Origin',(41.1,-7.05660744773259,-8.82059920057117));
#5656=CARTESIAN_POINT('',(41.1,-9.56740629357228,-9.07671049001339));
#5657=CARTESIAN_POINT('Origin',(41.1,-7.06858347057704,-9.));
#5658=CARTESIAN_POINT('',(41.1,-9.56940649452702,-9.05648180927296));
#5659=CARTESIAN_POINT('Origin',(41.1,-7.08055949342148,-8.82059920057118));
#5660=CARTESIAN_POINT('',(41.1,-9.57371135075631,-9.02043116748703));
#5661=CARTESIAN_POINT('Origin',(41.1,-7.08925983273282,-8.74204177366827));
#5662=CARTESIAN_POINT('',(41.1,-9.58070641688929,-8.97036274319166));
#5663=CARTESIAN_POINT('Origin',(41.1,-7.10138263350001,-8.64949894479694));
#5664=CARTESIAN_POINT('',(41.1,-9.59094839543942,-8.9064037570594));
#5665=CARTESIAN_POINT('Origin',(41.1,-7.11748442503197,-8.54311876274197));
#5666=CARTESIAN_POINT('',(41.1,-9.60498765033586,-8.82870814460354));
#5667=CARTESIAN_POINT('Origin',(41.1,-7.13811537110122,-8.42307141310141));
#5668=CARTESIAN_POINT('',(41.1,-9.62336733047194,-8.73745407932486));
#5669=CARTESIAN_POINT('Origin',(41.1,-7.16381838979918,-8.28954894602597));
#5670=CARTESIAN_POINT('',(41.1,-9.64662250428792,-8.63284260845605));
#5671=CARTESIAN_POINT('Origin',(41.1,-7.19512828498304,-8.14276496897967));
#5672=CARTESIAN_POINT('',(41.1,-9.67527930728694,-8.51509675920543));
#5673=CARTESIAN_POINT('Origin',(41.1,-7.23257089070369,-7.98295430501356));
#5674=CARTESIAN_POINT('',(41.1,-9.70985410403669,-8.384460854255));
#5675=CARTESIAN_POINT('Origin',(41.1,-7.27666222998341,-7.81037261709885));
#5676=CARTESIAN_POINT('',(41.1,-9.75085266607521,-8.24119991976653));
#5677=CARTESIAN_POINT('Origin',(41.1,-7.32790768928908,-7.62529599912075));
#5678=CARTESIAN_POINT('',(41.1,-9.79876936707308,-8.08559912977114));
#5679=CARTESIAN_POINT('Origin',(41.1,-7.38680121002172,-7.42802053418711));
#5680=CARTESIAN_POINT('',(41.1,-9.85408639655853,-7.91796325840732));
#5681=CARTESIAN_POINT('Origin',(41.1,-7.45382449831551,-7.21886182095863));
#5682=CARTESIAN_POINT('',(41.1,-9.91727299347608,-7.73861612489254));
#5683=CARTESIAN_POINT('Origin',(41.1,-7.52944625441082,-6.99815446875835));
#5684=CARTESIAN_POINT('',(41.1,-9.98878470081259,-7.54790002303474));
#5685=CARTESIAN_POINT('Origin',(41.1,-7.61412142283378,-6.76625156226806));
#5686=CARTESIAN_POINT('',(41.1,-10.0690626424908,-7.34617513083271));
#5687=CARTESIAN_POINT('Origin',(41.1,-7.70829046458208,-6.52352409666815));
#5688=CARTESIAN_POINT('',(41.1,-10.1585328236925,-7.13381889784051));
#5689=CARTESIAN_POINT('Origin',(41.1,-7.81237865248133,-6.27036038412449));
#5690=CARTESIAN_POINT('',(41.1,-10.2576054557365,-6.91122540921821));
#5691=CARTESIAN_POINT('Origin',(41.1,-7.9267953908393,-6.00716543257177));
#5692=CARTESIAN_POINT('',(41.1,-10.3579127376495,-6.7));
#5693=CARTESIAN_POINT('Origin',(41.1,-8.05193356048631,-5.73436029778722));
#5694=CARTESIAN_POINT('',(41.1,-10.8478376740816,-6.7));
#5695=CARTESIAN_POINT('',(41.1,-14.,-6.7));
#5696=CARTESIAN_POINT('',(41.1,-10.9481449559946,-6.91122540921822));
#5697=CARTESIAN_POINT('Origin',(41.1,-13.1538168512448,-5.73436029778722));
#5698=CARTESIAN_POINT('',(41.1,-11.0472175880387,-7.13381889784051));
#5699=CARTESIAN_POINT('Origin',(41.1,-13.2789550208918,-6.00716543257177));
#5700=CARTESIAN_POINT('',(41.1,-11.1366877692403,-7.34617513083273));
#5701=CARTESIAN_POINT('Origin',(41.1,-13.3933717592498,-6.27036038412449));
#5702=CARTESIAN_POINT('',(41.1,-11.2169657109185,-7.54790002303468));
#5703=CARTESIAN_POINT('Origin',(41.1,-13.497459947149,-6.52352409666815));
#5704=CARTESIAN_POINT('',(41.1,-11.288477418255,-7.73861612489256));
#5705=CARTESIAN_POINT('Origin',(41.1,-13.5916289888973,-6.76625156226805));
#5706=CARTESIAN_POINT('',(41.1,-11.3516640151726,-7.91796325840733));
#5707=CARTESIAN_POINT('Origin',(41.1,-13.6763041573203,-6.99815446875835));
#5708=CARTESIAN_POINT('',(41.1,-11.406981044658,-8.08559912977113));
#5709=CARTESIAN_POINT('Origin',(41.1,-13.7519259134156,-7.21886182095863));
#5710=CARTESIAN_POINT('',(41.1,-11.4548977456559,-8.24119991976649));
#5711=CARTESIAN_POINT('Origin',(41.1,-13.8189492017094,-7.4280205341871));
#5712=CARTESIAN_POINT('',(41.1,-11.4958963076944,-8.38446085425508));
#5713=CARTESIAN_POINT('Origin',(41.1,-13.877842722442,-7.62529599912074));
#5714=CARTESIAN_POINT('',(41.1,-11.5304711044442,-8.51509675920537));
#5715=CARTESIAN_POINT('Origin',(41.1,-13.9290881817477,-7.81037261709885));
#5716=CARTESIAN_POINT('',(41.1,-11.5591279074432,-8.63284260845607));
#5717=CARTESIAN_POINT('Origin',(41.1,-13.9731795210274,-7.98295430501356));
#5718=CARTESIAN_POINT('',(41.1,-11.5823830812592,-8.73745407932481));
#5719=CARTESIAN_POINT('Origin',(41.1,-14.0106221267481,-8.14276496897967));
#5720=CARTESIAN_POINT('',(41.1,-11.6007627613952,-8.82870814460355));
#5721=CARTESIAN_POINT('Origin',(41.1,-14.0419320219319,-8.28954894602597));
#5722=CARTESIAN_POINT('',(41.1,-11.6148020162917,-8.90640375705938));
#5723=CARTESIAN_POINT('Origin',(41.1,-14.0676350406299,-8.42307141310141));
#5724=CARTESIAN_POINT('',(41.1,-11.6250439948418,-8.97036274319176));
#5725=CARTESIAN_POINT('Origin',(41.1,-14.0882659866991,-8.54311876274197));
#5726=CARTESIAN_POINT('',(41.1,-11.6320390609748,-9.02043116748694));
#5727=CARTESIAN_POINT('Origin',(41.1,-14.1043677782311,-8.64949894479694));
#5728=CARTESIAN_POINT('',(41.1,-11.6363439172041,-9.05648180927308));
#5729=CARTESIAN_POINT('Origin',(41.1,-14.1164905789983,-8.74204177366827));
#5730=CARTESIAN_POINT('',(41.1,-11.6383441181588,-9.07671049001339));
#5731=CARTESIAN_POINT('Origin',(41.1,-14.1251909183096,-8.82059920057117));
#5732=CARTESIAN_POINT('',(41.1,-16.6359897641493,-9.07671049001336));
#5733=CARTESIAN_POINT('Origin',(41.1,-14.1371669411541,-9.));
#5734=CARTESIAN_POINT('',(41.1,-16.6379899651041,-9.056481809273));
#5735=CARTESIAN_POINT('Origin',(41.1,-14.1491429639985,-8.82059920057118));
#5736=CARTESIAN_POINT('',(41.1,-16.6422948213333,-9.02043116748706));
#5737=CARTESIAN_POINT('Origin',(41.1,-14.1578433033099,-8.74204177366827));
#5738=CARTESIAN_POINT('',(41.1,-16.6492898874663,-8.97036274319166));
#5739=CARTESIAN_POINT('Origin',(41.1,-14.169966104077,-8.64949894479694));
#5740=CARTESIAN_POINT('',(41.1,-16.6595318660165,-8.90640375705938));
#5741=CARTESIAN_POINT('Origin',(41.1,-14.186067895609,-8.54311876274197));
#5742=CARTESIAN_POINT('',(41.1,-16.6735711209129,-8.8287081446035));
#5743=CARTESIAN_POINT('Origin',(41.1,-14.2066988416783,-8.42307141310141));
#5744=CARTESIAN_POINT('',(41.1,-16.691950801049,-8.73745407932489));
#5745=CARTESIAN_POINT('Origin',(41.1,-14.2324018603762,-8.28954894602597));
#5746=CARTESIAN_POINT('',(41.1,-16.715205974865,-8.63284260845605));
#5747=CARTESIAN_POINT('Origin',(41.1,-14.2637117555601,-8.14276496897967));
#5748=CARTESIAN_POINT('',(41.1,-16.743862777864,-8.51509675920543));
#5749=CARTESIAN_POINT('Origin',(41.1,-14.3011543612807,-7.98295430501356));
#5750=CARTESIAN_POINT('',(41.1,-16.7784375746137,-8.38446085425503));
#5751=CARTESIAN_POINT('Origin',(41.1,-14.3452457005604,-7.81037261709885));
#5752=CARTESIAN_POINT('',(41.1,-16.8194361366523,-8.2411999197665));
#5753=CARTESIAN_POINT('Origin',(41.1,-14.3964911598661,-7.62529599912075));
#5754=CARTESIAN_POINT('',(41.1,-16.8673528376501,-8.08559912977115));
#5755=CARTESIAN_POINT('Origin',(41.1,-14.4553846805988,-7.42802053418711));
#5756=CARTESIAN_POINT('',(41.1,-16.9226698671356,-7.91796325840732));
#5757=CARTESIAN_POINT('Origin',(41.1,-14.5224079688925,-7.21886182095863));
#5758=CARTESIAN_POINT('',(41.1,-16.9858564640531,-7.73861612489254));
#5759=CARTESIAN_POINT('Origin',(41.1,-14.5980297249879,-6.99815446875835));
#5760=CARTESIAN_POINT('',(41.1,-17.0573681713896,-7.54790002303471));
#5761=CARTESIAN_POINT('Origin',(41.1,-14.6827048934108,-6.76625156226806));
#5762=CARTESIAN_POINT('',(41.1,-17.2706374074121,-6.7));
#5763=CARTESIAN_POINT('Origin',(41.1,-14.7768739351591,-6.52352409666815));
#5764=CARTESIAN_POINT('',(41.1,-17.9164211446586,-6.7));
#5765=CARTESIAN_POINT('',(41.1,-14.,-6.7));
#5766=CARTESIAN_POINT('',(41.1,-18.0167284265716,-6.91122540921819));
#5767=CARTESIAN_POINT('Origin',(41.1,-20.2224003218218,-5.73436029778722));
#5768=CARTESIAN_POINT('',(41.1,-18.1158010586157,-7.13381889784053));
#5769=CARTESIAN_POINT('Origin',(41.1,-20.3475384914688,-6.00716543257177));
#5770=CARTESIAN_POINT('',(41.1,-18.2052712398173,-7.34617513083268));
#5771=CARTESIAN_POINT('Origin',(41.1,-20.4619552298268,-6.27036038412449));
#5772=CARTESIAN_POINT('',(41.1,-18.2855491814956,-7.54790002303474));
#5773=CARTESIAN_POINT('Origin',(41.1,-20.5660434177261,-6.52352409666815));
#5774=CARTESIAN_POINT('',(41.1,-18.3570608888321,-7.73861612489254));
#5775=CARTESIAN_POINT('Origin',(41.1,-20.6602124594744,-6.76625156226805));
#5776=CARTESIAN_POINT('',(41.1,-18.4202474857496,-7.91796325840733));
#5777=CARTESIAN_POINT('Origin',(41.1,-20.7448876278973,-6.99815446875835));
#5778=CARTESIAN_POINT('',(41.1,-18.4755645152351,-8.08559912977115));
#5779=CARTESIAN_POINT('Origin',(41.1,-20.8205093839926,-7.21886182095863));
#5780=CARTESIAN_POINT('',(41.1,-18.5234812162329,-8.24119991976647));
#5781=CARTESIAN_POINT('Origin',(41.1,-20.8875326722864,-7.4280205341871));
#5782=CARTESIAN_POINT('',(41.1,-18.5644797782715,-8.38446085425505));
#5783=CARTESIAN_POINT('Origin',(41.1,-20.9464261930191,-7.62529599912074));
#5784=CARTESIAN_POINT('',(41.1,-18.5990545750212,-8.51509675920543));
#5785=CARTESIAN_POINT('Origin',(41.1,-20.9976716523247,-7.81037261709885));
#5786=CARTESIAN_POINT('',(41.1,-18.6277113780202,-8.63284260845604));
#5787=CARTESIAN_POINT('Origin',(41.1,-21.0417629916045,-7.98295430501356));
#5788=CARTESIAN_POINT('',(41.1,-18.6509665518362,-8.73745407932485));
#5789=CARTESIAN_POINT('Origin',(41.1,-21.0792055973251,-8.14276496897967));
#5790=CARTESIAN_POINT('',(41.1,-18.6693462319723,-8.82870814460351));
#5791=CARTESIAN_POINT('Origin',(41.1,-21.110515492509,-8.28954894602597));
#5792=CARTESIAN_POINT('',(41.1,-18.6833854868687,-8.90640375705934));
#5793=CARTESIAN_POINT('Origin',(41.1,-21.1362185112069,-8.42307141310141));
#5794=CARTESIAN_POINT('',(41.1,-18.6936274654189,-8.97036274319171));
#5795=CARTESIAN_POINT('Origin',(41.1,-21.1568494572762,-8.54311876274197));
#5796=CARTESIAN_POINT('',(41.1,-18.7006225315518,-9.02043116748706));
#5797=CARTESIAN_POINT('Origin',(41.1,-21.1729512488081,-8.64949894479694));
#5798=CARTESIAN_POINT('',(41.1,-18.7049273877811,-9.05648180927294));
#5799=CARTESIAN_POINT('Origin',(41.1,-21.1850740495753,-8.74204177366827));
#5800=CARTESIAN_POINT('',(41.1,-18.7071041907569,-9.07841953672297));
#5801=CARTESIAN_POINT('Origin',(41.1,-21.1937743888867,-8.82059920057117));
#5802=CARTESIAN_POINT('',(41.1,-18.7071342524246,-9.07880662931408));
#5803=CARTESIAN_POINT('Origin',(41.1,-21.1996142712593,-8.88504555038064));
#5804=CARTESIAN_POINT('',(41.1,-23.7040854759787,-8.90424444930647));
#5805=CARTESIAN_POINT('Origin',(41.1,-21.2056544194108,-8.9928009599488));
#5806=CARTESIAN_POINT('',(41.1,-23.7007986746613,-8.82663870491023));
#5807=CARTESIAN_POINT('Origin',(41.1,-21.2049826574537,-8.97121535672357));
#5808=CARTESIAN_POINT('',(41.1,-23.6950548820152,-8.73412783044641));
#5809=CARTESIAN_POINT('Origin',(41.1,-21.2031602773314,-8.9352777226848));
#5810=CARTESIAN_POINT('',(41.1,-23.6862844693891,-8.62722521422884));
#5811=CARTESIAN_POINT('Origin',(41.1,-21.1996142712593,-8.88504555038064));
#5812=CARTESIAN_POINT('',(41.1,-23.6739210506809,-8.5061591649665));
#5813=CARTESIAN_POINT('Origin',(41.1,-21.1937743888867,-8.82059920057117));
#5814=CARTESIAN_POINT('',(41.1,-23.6574027668316,-8.37110955097814));
#5815=CARTESIAN_POINT('Origin',(41.1,-21.1850740495753,-8.74204177366827));
#5816=CARTESIAN_POINT('',(41.1,-23.6361732406654,-8.22225496434719));
#5817=CARTESIAN_POINT('Origin',(41.1,-21.1729512488081,-8.64949894479694));
#5818=CARTESIAN_POINT('',(41.1,-23.6096824816144,-8.05978641878404));
#5819=CARTESIAN_POINT('Origin',(41.1,-21.1568494572762,-8.54311876274197));
#5820=CARTESIAN_POINT('',(41.1,-23.5773877717436,-7.88391221452387));
#5821=CARTESIAN_POINT('Origin',(41.1,-21.1362185112069,-8.42307141310141));
#5822=CARTESIAN_POINT('',(41.1,-23.5387545379979,-7.69485983568079));
#5823=CARTESIAN_POINT('Origin',(41.1,-21.110515492509,-8.28954894602597));
#5824=CARTESIAN_POINT('',(41.1,-23.4932572109093,-7.49287666553719));
#5825=CARTESIAN_POINT('Origin',(41.1,-21.0792055973251,-8.14276496897967));
#5826=CARTESIAN_POINT('',(41.1,-23.440380068908,-7.27823016290698));
#5827=CARTESIAN_POINT('Origin',(41.1,-21.0417629916045,-7.98295430501356));
#5828=CARTESIAN_POINT('',(41.1,-23.3796180670723,-7.05120776196454));
#5829=CARTESIAN_POINT('Origin',(41.1,-20.9976716523247,-7.81037261709885));
#5830=CARTESIAN_POINT('',(41.1,-23.3104776490726,-6.81211661354138));
#5831=CARTESIAN_POINT('Origin',(41.1,-20.9464261930191,-7.62529599912074));
#5832=CARTESIAN_POINT('',(41.1,-23.2791819153407,-6.7));
#5833=CARTESIAN_POINT('Origin',(41.1,-20.8875326722864,-7.4280205341871));
#5834=CARTESIAN_POINT('',(41.1,-24.9850046152356,-6.7));
#5835=CARTESIAN_POINT('',(41.1,-14.,-6.7));
#5836=CARTESIAN_POINT('',(41.1,-25.0853118971487,-6.91122540921822));
#5837=CARTESIAN_POINT('Origin',(41.1,-27.2909837923989,-5.73436029778722));
#5838=CARTESIAN_POINT('',(41.1,-25.1843845291927,-7.13381889784053));
#5839=CARTESIAN_POINT('Origin',(41.1,-27.4161219620459,-6.00716543257177));
#5840=CARTESIAN_POINT('',(41.1,-29.9933439709176,-6.7));
#5841=CARTESIAN_POINT('Origin',(41.1,-27.5305387004038,-6.27036038412449));
#5842=CARTESIAN_POINT('',(41.1,-31.,-6.7));
#5843=CARTESIAN_POINT('',(41.1,-14.,-6.7));
#5844=CARTESIAN_POINT('',(41.1,-31.,-16.));
#5845=CARTESIAN_POINT('',(41.1,-31.,-11.35));
#5846=CARTESIAN_POINT('',(41.1,9.,-16.));
#5847=CARTESIAN_POINT('',(41.1,-14.,-16.));
#5848=CARTESIAN_POINT('',(41.1,9.,-9.58539858869337));
#5849=CARTESIAN_POINT('',(41.1,9.,-11.35));
#5850=CARTESIAN_POINT('',(41.1,4.49348494972312,-8.64555075071341));
#5851=CARTESIAN_POINT('Origin',(41.1,6.94594305369213,-8.16031962199561));
#5852=CARTESIAN_POINT('',(41.1,4.46547605998929,-8.52930391818065));
#5853=CARTESIAN_POINT('Origin',(41.1,6.9092324525619,-8.00199500135815));
#5854=CARTESIAN_POINT('',(41.1,4.43160805830452,-8.40013785697635));
#5855=CARTESIAN_POINT('Origin',(41.1,6.8659319582303,-7.83086889571975));
#5856=CARTESIAN_POINT('',(41.1,4.39137391313723,-8.25831524005929));
#5857=CARTESIAN_POINT('Origin',(41.1,6.81553491904721,-7.64721507034447));
#5858=CARTESIAN_POINT('',(41.1,4.34427789915064,-8.10411895139331));
#5859=CARTESIAN_POINT('Origin',(41.1,6.75754603632044,-7.45132733217551));
#5860=CARTESIAN_POINT('',(41.1,4.28983638567845,-7.93785153822918));
#5861=CARTESIAN_POINT('Origin',(41.1,6.69148215668795,-7.24351905980679));
#5862=CARTESIAN_POINT('',(41.1,4.2275786055116,-7.75983465742425));
#5863=CARTESIAN_POINT('Origin',(41.1,6.61687304506018,-7.02412270214403));
#5864=CARTESIAN_POINT('',(41.1,4.1570474027575,-7.57040850701101));
#5865=CARTESIAN_POINT('Origin',(41.1,6.53326213689587,-6.79348924655744));
#5866=CARTESIAN_POINT('',(41.1,4.0777999585684,-7.36993123823774));
#5867=CARTESIAN_POINT('Origin',(41.1,6.44020726860796,-6.55198765737677));
#5868=CARTESIAN_POINT('Origin',(41.1,6.33728138493095,-6.30000428562712));
#5869=CARTESIAN_POINT('Origin',(38.1,6.33728138493095,-6.30000428562712));
#5870=CARTESIAN_POINT('',(38.1,4.0777999585684,-7.36993123823774));
#5871=CARTESIAN_POINT('Origin',(38.1,6.44020726860796,-6.55198765737677));
#5872=CARTESIAN_POINT('',(38.1,4.1570474027575,-7.57040850701101));
#5873=CARTESIAN_POINT('Origin',(38.1,6.53326213689587,-6.79348924655744));
#5874=CARTESIAN_POINT('',(38.1,4.2275786055116,-7.75983465742425));
#5875=CARTESIAN_POINT('Origin',(38.1,6.61687304506018,-7.02412270214403));
#5876=CARTESIAN_POINT('',(38.1,4.28983638567845,-7.93785153822918));
#5877=CARTESIAN_POINT('Origin',(38.1,6.69148215668795,-7.24351905980679));
#5878=CARTESIAN_POINT('',(38.1,4.34427789915064,-8.10411895139331));
#5879=CARTESIAN_POINT('Origin',(38.1,6.75754603632044,-7.45132733217551));
#5880=CARTESIAN_POINT('',(38.1,4.39137391313723,-8.25831524005929));
#5881=CARTESIAN_POINT('Origin',(38.1,6.81553491904721,-7.64721507034447));
#5882=CARTESIAN_POINT('',(38.1,4.43160805830452,-8.40013785697635));
#5883=CARTESIAN_POINT('Origin',(38.1,6.8659319582303,-7.83086889571975));
#5884=CARTESIAN_POINT('',(38.1,4.46547605998929,-8.52930391818065));
#5885=CARTESIAN_POINT('Origin',(38.1,6.9092324525619,-8.00199500135815));
#5886=CARTESIAN_POINT('',(38.1,4.49348494972312,-8.64555075071341));
#5887=CARTESIAN_POINT('Origin',(38.1,6.94594305369213,-8.16031962199561));
#5888=CARTESIAN_POINT('',(38.1,9.,-9.58539858869337));
#5889=CARTESIAN_POINT('Origin',(38.1,9.,-11.35));
#5890=CARTESIAN_POINT('',(38.1,9.,-16.));
#5891=CARTESIAN_POINT('Origin',(38.1,-1.01635427225859,-5.66470823916328));
#5892=CARTESIAN_POINT('',(38.1,-3.21533704111173,-6.8540251785394));
#5893=CARTESIAN_POINT('',(38.1,-3.29191375729597,-6.7));
#5894=CARTESIAN_POINT('Origin',(38.1,-14.,-6.7));
#5895=CARTESIAN_POINT('',(38.1,-3.77925420350453,-6.7));
#5896=CARTESIAN_POINT('Origin',(38.1,-0.888476353737365,-5.93984831296484));
#5897=CARTESIAN_POINT('',(38.1,-3.11380161389894,-7.07911451824208));
#5898=CARTESIAN_POINT('Origin',(38.1,-0.771415430668717,-6.20548589656572));
#5899=CARTESIAN_POINT('',(38.1,-3.02196864587767,-7.29406764614297));
#5900=CARTESIAN_POINT('Origin',(38.1,-0.664782852353792,-6.46119602649849));
#5901=CARTESIAN_POINT('',(38.1,-2.93943197670092,-7.49848642031637));
#5902=CARTESIAN_POINT('Origin',(38.1,-0.568173284966721,-6.70656962110384));
#5903=CARTESIAN_POINT('',(38.1,-2.86576948734333,-7.69198917176466));
#5904=CARTESIAN_POINT('Origin',(38.1,-0.48116536000229,-6.94121413497396));
#5905=CARTESIAN_POINT('',(38.1,-2.80054376891301,-7.87421134626604));
#5906=CARTESIAN_POINT('Origin',(38.1,-0.403322348375646,-7.1647541869415));
#5907=CARTESIAN_POINT('',(38.1,-2.74330281629348,-8.04480612277429));
#5908=CARTESIAN_POINT('Origin',(38.1,-0.334192859095671,-7.37683216060932));
#5909=CARTESIAN_POINT('',(38.1,-2.69358074550045,-8.20344500921887));
#5910=CARTESIAN_POINT('Origin',(38.1,-0.334192859095671,-7.37683216060932));
#5911=CARTESIAN_POINT('',(38.1,2.0860763250105,-6.75049592785086));
#5912=CARTESIAN_POINT('Origin',(38.1,-0.273311561394276,-7.57710877646042));
#5913=CARTESIAN_POINT('',(38.1,-2.65089853359985,-8.34981841765712));
#5914=CARTESIAN_POINT('Origin',(38.1,-0.273311561394276,-7.57710877646042));
#5915=CARTESIAN_POINT('',(38.1,2.1573870430492,-6.99255399343615));
#5916=CARTESIAN_POINT('Origin',(38.1,-0.220199929156377,-7.76526363463285));
#5917=CARTESIAN_POINT('',(38.1,2.20728490071028,-7.16750331413035));
#5918=CARTESIAN_POINT('Origin',(38.1,-0.220199929156377,-7.76526363463285));
#5919=CARTESIAN_POINT('',(38.1,-2.61476477999675,-8.48363622258415));
#5920=CARTESIAN_POINT('Origin',(38.1,-0.174367006459577,-7.94099572749109));
#5921=CARTESIAN_POINT('',(38.1,-2.58467648786948,-8.60462830944101));
#5922=CARTESIAN_POINT('Origin',(38.1,0.0639197329009358,-8.45435441562641));
#5923=CARTESIAN_POINT('',(38.1,2.51946981755954,-8.92368775317352));
#5924=CARTESIAN_POINT('Origin',(38.1,-0.135310192998928,-8.10402392117409));
#5925=CARTESIAN_POINT('',(38.1,-2.56011986448781,-8.71254512627213));
#5926=CARTESIAN_POINT('Origin',(38.1,-0.102516048140195,-8.25408740534945));
#5927=CARTESIAN_POINT('',(38.1,-2.54057113911776,-8.80715826279756));
#5928=CARTESIAN_POINT('Origin',(38.1,-0.0754611123153421,-8.39094611045431));
#5929=CARTESIAN_POINT('',(38.1,-2.52549739717371,-8.88826110407247));
#5930=CARTESIAN_POINT('Origin',(38.1,-0.0536127444461858,-8.51438109175548));
#5931=CARTESIAN_POINT('',(38.1,-2.51435742921938,-8.95566965535131));
#5932=CARTESIAN_POINT('Origin',(38.1,-0.0364299740564817,-8.62419487961427));
#5933=CARTESIAN_POINT('',(38.1,-2.50660259331003,-9.00922375007737));
#5934=CARTESIAN_POINT('Origin',(38.1,-0.0233643667092949,-8.7202117953958));
#5935=CARTESIAN_POINT('',(38.1,-2.50167768890088,-9.04878914861374));
#5936=CARTESIAN_POINT('Origin',(38.1,-0.0138609013851059,-8.80227823251733));
#5937=CARTESIAN_POINT('',(38.1,-2.49902183971844,-9.0742618911849));
#5938=CARTESIAN_POINT('Origin',(38.1,-0.00735885839703787,-8.87026290218605));
#5939=CARTESIAN_POINT('',(38.1,-2.498804706956,-9.07689683864934));
#5940=CARTESIAN_POINT('Origin',(38.1,-1.4999925031095E-6,-8.99955000374999));
#5941=CARTESIAN_POINT('',(38.1,2.49878672384722,-9.077379383806));
#5942=CARTESIAN_POINT('Origin',(38.1,0.0102699452114938,-8.83803811605543));
#5943=CARTESIAN_POINT('',(38.1,2.5001013846272,-9.06329220213844));
#5944=CARTESIAN_POINT('Origin',(38.1,0.0182022881833035,-8.76299755504837));
#5945=CARTESIAN_POINT('',(38.1,2.5038213318007,-9.0307623212267));
#5946=CARTESIAN_POINT('Origin',(38.1,0.0294170698005183,-8.67393806729301));
#5947=CARTESIAN_POINT('',(38.1,2.51009142638676,-8.98418754203139));
#5948=CARTESIAN_POINT('Origin',(38.1,0.0444722720090072,-8.57100212897142));
#5949=CARTESIAN_POINT('Origin',(38.1,-8.05193356048631,-5.73436029778722));
#5950=CARTESIAN_POINT('',(38.1,-10.3579127376495,-6.7));
#5951=CARTESIAN_POINT('',(38.1,-10.2576054557365,-6.91122540921821));
#5952=CARTESIAN_POINT('Origin',(38.1,-7.9267953908393,-6.00716543257177));
#5953=CARTESIAN_POINT('',(38.1,-10.1585328236925,-7.13381889784051));
#5954=CARTESIAN_POINT('Origin',(38.1,-14.,-6.7));
#5955=CARTESIAN_POINT('',(38.1,-10.8478376740816,-6.7));
#5956=CARTESIAN_POINT('Origin',(38.1,-7.81237865248133,-6.27036038412449));
#5957=CARTESIAN_POINT('',(38.1,-10.0690626424908,-7.34617513083271));
#5958=CARTESIAN_POINT('Origin',(38.1,-7.70829046458208,-6.52352409666815));
#5959=CARTESIAN_POINT('',(38.1,-9.98878470081259,-7.54790002303474));
#5960=CARTESIAN_POINT('Origin',(38.1,-7.61412142283378,-6.76625156226806));
#5961=CARTESIAN_POINT('',(38.1,-9.91727299347608,-7.73861612489254));
#5962=CARTESIAN_POINT('Origin',(38.1,-7.52944625441082,-6.99815446875835));
#5963=CARTESIAN_POINT('',(38.1,-9.85408639655853,-7.91796325840732));
#5964=CARTESIAN_POINT('Origin',(38.1,-7.45382449831551,-7.21886182095863));
#5965=CARTESIAN_POINT('',(38.1,-9.79876936707308,-8.08559912977114));
#5966=CARTESIAN_POINT('Origin',(38.1,-7.38680121002172,-7.42802053418711));
#5967=CARTESIAN_POINT('',(38.1,-9.75085266607521,-8.24119991976653));
#5968=CARTESIAN_POINT('Origin',(38.1,-7.32790768928908,-7.62529599912075));
#5969=CARTESIAN_POINT('',(38.1,-9.70985410403669,-8.384460854255));
#5970=CARTESIAN_POINT('Origin',(38.1,-7.27666222998341,-7.81037261709885));
#5971=CARTESIAN_POINT('',(38.1,-9.67527930728694,-8.51509675920543));
#5972=CARTESIAN_POINT('Origin',(38.1,-7.23257089070369,-7.98295430501356));
#5973=CARTESIAN_POINT('',(38.1,-9.64662250428792,-8.63284260845605));
#5974=CARTESIAN_POINT('Origin',(38.1,-7.19512828498304,-8.14276496897967));
#5975=CARTESIAN_POINT('',(38.1,-9.62336733047194,-8.73745407932486));
#5976=CARTESIAN_POINT('Origin',(38.1,-7.16381838979918,-8.28954894602597));
#5977=CARTESIAN_POINT('',(38.1,-9.60498765033586,-8.82870814460354));
#5978=CARTESIAN_POINT('Origin',(38.1,-7.13811537110122,-8.42307141310141));
#5979=CARTESIAN_POINT('',(38.1,-9.59094839543942,-8.9064037570594));
#5980=CARTESIAN_POINT('Origin',(38.1,-7.11748442503197,-8.54311876274197));
#5981=CARTESIAN_POINT('',(38.1,-9.58070641688929,-8.97036274319166));
#5982=CARTESIAN_POINT('Origin',(38.1,-7.10138263350001,-8.64949894479694));
#5983=CARTESIAN_POINT('',(38.1,-9.57371135075631,-9.02043116748703));
#5984=CARTESIAN_POINT('Origin',(38.1,-7.08925983273282,-8.74204177366827));
#5985=CARTESIAN_POINT('',(38.1,-9.56940649452702,-9.05648180927296));
#5986=CARTESIAN_POINT('Origin',(38.1,-7.08055949342148,-8.82059920057118));
#5987=CARTESIAN_POINT('',(38.1,-9.56740629357228,-9.07671049001339));
#5988=CARTESIAN_POINT('Origin',(38.1,-7.06858347057704,-9.));
#5989=CARTESIAN_POINT('',(38.1,-4.5697606475818,-9.0767104900134));
#5990=CARTESIAN_POINT('Origin',(38.1,-7.05660744773259,-8.82059920057117));
#5991=CARTESIAN_POINT('',(38.1,-4.56776044662705,-9.05648180927297));
#5992=CARTESIAN_POINT('Origin',(38.1,-7.04790710842125,-8.74204177366827));
#5993=CARTESIAN_POINT('',(38.1,-4.56345559039776,-9.02043116748703));
#5994=CARTESIAN_POINT('Origin',(38.1,-7.03578430765406,-8.64949894479694));
#5995=CARTESIAN_POINT('',(38.1,-4.55646052426479,-8.97036274319171));
#5996=CARTESIAN_POINT('Origin',(38.1,-7.01968251612209,-8.54311876274197));
#5997=CARTESIAN_POINT('',(38.1,-4.54621854571465,-8.9064037570594));
#5998=CARTESIAN_POINT('Origin',(38.1,-6.99905157005284,-8.42307141310141));
#5999=CARTESIAN_POINT('',(38.1,-4.53217929081821,-8.82870814460355));
#6000=CARTESIAN_POINT('Origin',(38.1,-6.97334855135489,-8.28954894602597));
#6001=CARTESIAN_POINT('',(38.1,-4.51379961068212,-8.7374540793248));
#6002=CARTESIAN_POINT('Origin',(38.1,-6.94203865617103,-8.14276496897967));
#6003=CARTESIAN_POINT('',(38.1,-4.49054443686615,-8.63284260845606));
#6004=CARTESIAN_POINT('Origin',(38.1,-6.90459605045038,-7.98295430501356));
#6005=CARTESIAN_POINT('',(38.1,-4.46188763386712,-8.5150967592054));
#6006=CARTESIAN_POINT('Origin',(38.1,-6.86050471117067,-7.81037261709885));
#6007=CARTESIAN_POINT('',(38.1,-4.42731283711739,-8.38446085425504));
#6008=CARTESIAN_POINT('Origin',(38.1,-6.80925925186498,-7.62529599912074));
#6009=CARTESIAN_POINT('',(38.1,-4.38631427507885,-8.24119991976652));
#6010=CARTESIAN_POINT('Origin',(38.1,-6.75036573113235,-7.4280205341871));
#6011=CARTESIAN_POINT('',(38.1,-4.33839757408099,-8.08559912977114));
#6012=CARTESIAN_POINT('Origin',(38.1,-6.68334244283856,-7.21886182095863));
#6013=CARTESIAN_POINT('',(38.1,-4.28308054459554,-7.91796325840729));
#6014=CARTESIAN_POINT('Origin',(38.1,-6.60772068674325,-6.99815446875835));
#6015=CARTESIAN_POINT('',(38.1,-4.21989394767801,-7.73861612489258));
#6016=CARTESIAN_POINT('Origin',(38.1,-6.52304551832029,-6.76625156226805));
#6017=CARTESIAN_POINT('',(38.1,-4.14838224034147,-7.54790002303471));
#6018=CARTESIAN_POINT('Origin',(38.1,-6.428876476572,-6.52352409666815));
#6019=CARTESIAN_POINT('',(38.1,-4.06810429866326,-7.34617513083272));
#6020=CARTESIAN_POINT('Origin',(38.1,-6.32478828867274,-6.27036038412449));
#6021=CARTESIAN_POINT('',(38.1,-3.97863411746163,-7.13381889784051));
#6022=CARTESIAN_POINT('Origin',(38.1,-6.21037155031477,-6.00716543257177));
#6023=CARTESIAN_POINT('',(38.1,-3.87956148541758,-6.91122540921822));
#6024=CARTESIAN_POINT('Origin',(38.1,-6.08523338066776,-5.73436029778722));
#6025=CARTESIAN_POINT('Origin',(38.1,-14.7768739351591,-6.52352409666815));
#6026=CARTESIAN_POINT('',(38.1,-17.0573681713896,-7.54790002303471));
#6027=CARTESIAN_POINT('',(38.1,-17.2706374074121,-6.7));
#6028=CARTESIAN_POINT('Origin',(38.1,-14.,-6.7));
#6029=CARTESIAN_POINT('',(38.1,-17.9164211446586,-6.7));
#6030=CARTESIAN_POINT('Origin',(38.1,-14.6827048934108,-6.76625156226806));
#6031=CARTESIAN_POINT('',(38.1,-16.9858564640531,-7.73861612489254));
#6032=CARTESIAN_POINT('Origin',(38.1,-14.5980297249879,-6.99815446875835));
#6033=CARTESIAN_POINT('',(38.1,-16.9226698671356,-7.91796325840732));
#6034=CARTESIAN_POINT('Origin',(38.1,-14.5224079688925,-7.21886182095863));
#6035=CARTESIAN_POINT('',(38.1,-16.8673528376501,-8.08559912977115));
#6036=CARTESIAN_POINT('Origin',(38.1,-14.4553846805988,-7.42802053418711));
#6037=CARTESIAN_POINT('',(38.1,-16.8194361366523,-8.2411999197665));
#6038=CARTESIAN_POINT('Origin',(38.1,-14.3964911598661,-7.62529599912075));
#6039=CARTESIAN_POINT('',(38.1,-16.7784375746137,-8.38446085425503));
#6040=CARTESIAN_POINT('Origin',(38.1,-14.3452457005604,-7.81037261709885));
#6041=CARTESIAN_POINT('',(38.1,-16.743862777864,-8.51509675920543));
#6042=CARTESIAN_POINT('Origin',(38.1,-14.3011543612807,-7.98295430501356));
#6043=CARTESIAN_POINT('',(38.1,-16.715205974865,-8.63284260845605));
#6044=CARTESIAN_POINT('Origin',(38.1,-14.2637117555601,-8.14276496897967));
#6045=CARTESIAN_POINT('',(38.1,-16.691950801049,-8.73745407932489));
#6046=CARTESIAN_POINT('Origin',(38.1,-14.2324018603762,-8.28954894602597));
#6047=CARTESIAN_POINT('',(38.1,-16.6735711209129,-8.8287081446035));
#6048=CARTESIAN_POINT('Origin',(38.1,-14.2066988416783,-8.42307141310141));
#6049=CARTESIAN_POINT('',(38.1,-16.6595318660165,-8.90640375705938));
#6050=CARTESIAN_POINT('Origin',(38.1,-14.186067895609,-8.54311876274197));
#6051=CARTESIAN_POINT('',(38.1,-16.6492898874663,-8.97036274319166));
#6052=CARTESIAN_POINT('Origin',(38.1,-14.169966104077,-8.64949894479694));
#6053=CARTESIAN_POINT('',(38.1,-16.6422948213333,-9.02043116748706));
#6054=CARTESIAN_POINT('Origin',(38.1,-14.1578433033099,-8.74204177366827));
#6055=CARTESIAN_POINT('',(38.1,-16.6379899651041,-9.056481809273));
#6056=CARTESIAN_POINT('Origin',(38.1,-14.1491429639985,-8.82059920057118));
#6057=CARTESIAN_POINT('',(38.1,-16.6359897641493,-9.07671049001336));
#6058=CARTESIAN_POINT('Origin',(38.1,-14.1371669411541,-9.));
#6059=CARTESIAN_POINT('',(38.1,-11.6383441181588,-9.07671049001339));
#6060=CARTESIAN_POINT('Origin',(38.1,-14.1251909183096,-8.82059920057117));
#6061=CARTESIAN_POINT('',(38.1,-11.6363439172041,-9.05648180927308));
#6062=CARTESIAN_POINT('Origin',(38.1,-14.1164905789983,-8.74204177366827));
#6063=CARTESIAN_POINT('',(38.1,-11.6320390609748,-9.02043116748694));
#6064=CARTESIAN_POINT('Origin',(38.1,-14.1043677782311,-8.64949894479694));
#6065=CARTESIAN_POINT('',(38.1,-11.6250439948418,-8.97036274319176));
#6066=CARTESIAN_POINT('Origin',(38.1,-14.0882659866991,-8.54311876274197));
#6067=CARTESIAN_POINT('',(38.1,-11.6148020162917,-8.90640375705938));
#6068=CARTESIAN_POINT('Origin',(38.1,-14.0676350406299,-8.42307141310141));
#6069=CARTESIAN_POINT('',(38.1,-11.6007627613952,-8.82870814460355));
#6070=CARTESIAN_POINT('Origin',(38.1,-14.0419320219319,-8.28954894602597));
#6071=CARTESIAN_POINT('',(38.1,-11.5823830812592,-8.73745407932481));
#6072=CARTESIAN_POINT('Origin',(38.1,-14.0106221267481,-8.14276496897967));
#6073=CARTESIAN_POINT('',(38.1,-11.5591279074432,-8.63284260845607));
#6074=CARTESIAN_POINT('Origin',(38.1,-13.9731795210274,-7.98295430501356));
#6075=CARTESIAN_POINT('',(38.1,-11.5304711044442,-8.51509675920537));
#6076=CARTESIAN_POINT('Origin',(38.1,-13.9290881817477,-7.81037261709885));
#6077=CARTESIAN_POINT('',(38.1,-11.4958963076944,-8.38446085425508));
#6078=CARTESIAN_POINT('Origin',(38.1,-13.877842722442,-7.62529599912074));
#6079=CARTESIAN_POINT('',(38.1,-11.4548977456559,-8.24119991976649));
#6080=CARTESIAN_POINT('Origin',(38.1,-13.8189492017094,-7.4280205341871));
#6081=CARTESIAN_POINT('',(38.1,-11.406981044658,-8.08559912977113));
#6082=CARTESIAN_POINT('Origin',(38.1,-13.7519259134156,-7.21886182095863));
#6083=CARTESIAN_POINT('',(38.1,-11.3516640151726,-7.91796325840733));
#6084=CARTESIAN_POINT('Origin',(38.1,-13.6763041573203,-6.99815446875835));
#6085=CARTESIAN_POINT('',(38.1,-11.288477418255,-7.73861612489256));
#6086=CARTESIAN_POINT('Origin',(38.1,-13.5916289888973,-6.76625156226805));
#6087=CARTESIAN_POINT('',(38.1,-11.2169657109185,-7.54790002303468));
#6088=CARTESIAN_POINT('Origin',(38.1,-13.497459947149,-6.52352409666815));
#6089=CARTESIAN_POINT('',(38.1,-11.1366877692403,-7.34617513083273));
#6090=CARTESIAN_POINT('Origin',(38.1,-13.3933717592498,-6.27036038412449));
#6091=CARTESIAN_POINT('',(38.1,-11.0472175880387,-7.13381889784051));
#6092=CARTESIAN_POINT('Origin',(38.1,-13.2789550208918,-6.00716543257177));
#6093=CARTESIAN_POINT('',(38.1,-10.9481449559946,-6.91122540921822));
#6094=CARTESIAN_POINT('Origin',(38.1,-13.1538168512448,-5.73436029778722));
#6095=CARTESIAN_POINT('Origin',(38.1,-21.2056544194108,-8.9928009599488));
#6096=CARTESIAN_POINT('',(38.1,-18.7071342524246,-9.07880662931408));
#6097=CARTESIAN_POINT('',(38.1,-23.7040854759787,-8.90424444930647));
#6098=CARTESIAN_POINT('Origin',(38.1,-21.2049826574537,-8.97121535672357));
#6099=CARTESIAN_POINT('',(38.1,-23.7007986746613,-8.82663870491023));
#6100=CARTESIAN_POINT('Origin',(38.1,-21.1996142712593,-8.88504555038064));
#6101=CARTESIAN_POINT('',(38.1,-18.7071041907569,-9.07841953672297));
#6102=CARTESIAN_POINT('Origin',(38.1,-21.2031602773314,-8.9352777226848));
#6103=CARTESIAN_POINT('',(38.1,-23.6950548820152,-8.73412783044641));
#6104=CARTESIAN_POINT('Origin',(38.1,-21.1996142712593,-8.88504555038064));
#6105=CARTESIAN_POINT('',(38.1,-23.6862844693891,-8.62722521422884));
#6106=CARTESIAN_POINT('Origin',(38.1,-21.1937743888867,-8.82059920057117));
#6107=CARTESIAN_POINT('',(38.1,-23.6739210506809,-8.5061591649665));
#6108=CARTESIAN_POINT('Origin',(38.1,-21.1937743888867,-8.82059920057117));
#6109=CARTESIAN_POINT('',(38.1,-18.7049273877811,-9.05648180927294));
#6110=CARTESIAN_POINT('Origin',(38.1,-21.1850740495753,-8.74204177366827));
#6111=CARTESIAN_POINT('',(38.1,-23.6574027668316,-8.37110955097814));
#6112=CARTESIAN_POINT('Origin',(38.1,-21.1850740495753,-8.74204177366827));
#6113=CARTESIAN_POINT('',(38.1,-18.7006225315518,-9.02043116748706));
#6114=CARTESIAN_POINT('Origin',(38.1,-21.1729512488081,-8.64949894479694));
#6115=CARTESIAN_POINT('',(38.1,-23.6361732406654,-8.22225496434719));
#6116=CARTESIAN_POINT('Origin',(38.1,-21.1729512488081,-8.64949894479694));
#6117=CARTESIAN_POINT('',(38.1,-18.6936274654189,-8.97036274319171));
#6118=CARTESIAN_POINT('Origin',(38.1,-21.1568494572762,-8.54311876274197));
#6119=CARTESIAN_POINT('',(38.1,-23.6096824816144,-8.05978641878404));
#6120=CARTESIAN_POINT('Origin',(38.1,-21.1568494572762,-8.54311876274197));
#6121=CARTESIAN_POINT('',(38.1,-18.6833854868687,-8.90640375705934));
#6122=CARTESIAN_POINT('Origin',(38.1,-21.1362185112069,-8.42307141310141));
#6123=CARTESIAN_POINT('',(38.1,-23.5773877717436,-7.88391221452387));
#6124=CARTESIAN_POINT('Origin',(38.1,-21.1362185112069,-8.42307141310141));
#6125=CARTESIAN_POINT('',(38.1,-18.6693462319723,-8.82870814460351));
#6126=CARTESIAN_POINT('Origin',(38.1,-21.110515492509,-8.28954894602597));
#6127=CARTESIAN_POINT('',(38.1,-23.5387545379979,-7.69485983568079));
#6128=CARTESIAN_POINT('Origin',(38.1,-21.110515492509,-8.28954894602597));
#6129=CARTESIAN_POINT('',(38.1,-18.6509665518362,-8.73745407932485));
#6130=CARTESIAN_POINT('Origin',(38.1,-21.0792055973251,-8.14276496897967));
#6131=CARTESIAN_POINT('',(38.1,-23.4932572109093,-7.49287666553719));
#6132=CARTESIAN_POINT('Origin',(38.1,-21.0792055973251,-8.14276496897967));
#6133=CARTESIAN_POINT('',(38.1,-18.6277113780202,-8.63284260845604));
#6134=CARTESIAN_POINT('Origin',(38.1,-21.0417629916045,-7.98295430501356));
#6135=CARTESIAN_POINT('',(38.1,-23.440380068908,-7.27823016290698));
#6136=CARTESIAN_POINT('Origin',(38.1,-21.0417629916045,-7.98295430501356));
#6137=CARTESIAN_POINT('',(38.1,-18.5990545750212,-8.51509675920543));
#6138=CARTESIAN_POINT('Origin',(38.1,-20.9976716523247,-7.81037261709885));
#6139=CARTESIAN_POINT('',(38.1,-23.3796180670723,-7.05120776196454));
#6140=CARTESIAN_POINT('Origin',(38.1,-20.9976716523247,-7.81037261709885));
#6141=CARTESIAN_POINT('',(38.1,-18.5644797782715,-8.38446085425505));
#6142=CARTESIAN_POINT('Origin',(38.1,-20.9464261930191,-7.62529599912074));
#6143=CARTESIAN_POINT('',(38.1,-23.3104776490726,-6.81211661354138));
#6144=CARTESIAN_POINT('Origin',(38.1,-20.9464261930191,-7.62529599912074));
#6145=CARTESIAN_POINT('',(38.1,-18.5234812162329,-8.24119991976647));
#6146=CARTESIAN_POINT('Origin',(38.1,-20.8875326722864,-7.4280205341871));
#6147=CARTESIAN_POINT('',(38.1,-23.2791819153407,-6.7));
#6148=CARTESIAN_POINT('Origin',(38.1,-20.8875326722864,-7.4280205341871));
#6149=CARTESIAN_POINT('',(38.1,-18.4755645152351,-8.08559912977115));
#6150=CARTESIAN_POINT('Origin',(38.1,-14.,-6.7));
#6151=CARTESIAN_POINT('',(38.1,-24.9850046152356,-6.7));
#6152=CARTESIAN_POINT('Origin',(38.1,-20.8205093839926,-7.21886182095863));
#6153=CARTESIAN_POINT('',(38.1,-18.4202474857496,-7.91796325840733));
#6154=CARTESIAN_POINT('Origin',(38.1,-20.7448876278973,-6.99815446875835));
#6155=CARTESIAN_POINT('',(38.1,-18.3570608888321,-7.73861612489254));
#6156=CARTESIAN_POINT('Origin',(38.1,-20.6602124594744,-6.76625156226805));
#6157=CARTESIAN_POINT('',(38.1,-18.2855491814956,-7.54790002303474));
#6158=CARTESIAN_POINT('Origin',(38.1,-20.5660434177261,-6.52352409666815));
#6159=CARTESIAN_POINT('',(38.1,-18.2052712398173,-7.34617513083268));
#6160=CARTESIAN_POINT('Origin',(38.1,-20.4619552298268,-6.27036038412449));
#6161=CARTESIAN_POINT('',(38.1,-18.1158010586157,-7.13381889784053));
#6162=CARTESIAN_POINT('Origin',(38.1,-20.3475384914688,-6.00716543257177));
#6163=CARTESIAN_POINT('',(38.1,-18.0167284265716,-6.91122540921819));
#6164=CARTESIAN_POINT('Origin',(38.1,-20.2224003218218,-5.73436029778722));
#6165=CARTESIAN_POINT('Origin',(38.1,-27.5305387004038,-6.27036038412449));
#6166=CARTESIAN_POINT('',(38.1,-29.9933439709176,-6.7));
#6167=CARTESIAN_POINT('',(38.1,-25.1843845291927,-7.13381889784053));
#6168=CARTESIAN_POINT('Origin',(38.1,-27.4161219620459,-6.00716543257177));
#6169=CARTESIAN_POINT('',(38.1,-25.0853118971487,-6.91122540921822));
#6170=CARTESIAN_POINT('Origin',(38.1,-14.,-6.7));
#6171=CARTESIAN_POINT('',(43.5,-37.,-6.7));
#6172=CARTESIAN_POINT('',(43.3,-37.,-6.7));
#6173=CARTESIAN_POINT('',(43.5,-31.,-6.7));
#6174=CARTESIAN_POINT('',(43.5,-23.5,-6.7));
#6175=CARTESIAN_POINT('',(43.3,-31.,-6.7));
#6176=CARTESIAN_POINT('Origin',(38.1,-27.2909837923989,-5.73436029778722));
#6177=CARTESIAN_POINT('Origin',(64.,-20.45,3.65));
#6178=CARTESIAN_POINT('',(70.,-20.,3.65));
#6179=CARTESIAN_POINT('',(58.,-20.,3.65));
#6180=CARTESIAN_POINT('',(55.75,-20.,3.65));
#6181=CARTESIAN_POINT('',(70.,-21.,3.65));
#6182=CARTESIAN_POINT('',(70.,-20.45,3.65));
#6183=CARTESIAN_POINT('',(58.,-21.,3.65));
#6184=CARTESIAN_POINT('',(64.,-21.,3.65));
#6185=CARTESIAN_POINT('',(58.,-20.45,3.65));
#6186=CARTESIAN_POINT('Origin',(58.,-20.45,-2.85));
#6187=CARTESIAN_POINT('',(58.,-20.,-9.35));
#6188=CARTESIAN_POINT('',(58.,-20.,-3.425));
#6189=CARTESIAN_POINT('',(58.,-21.,-9.35));
#6190=CARTESIAN_POINT('',(58.,-21.,-2.85));
#6191=CARTESIAN_POINT('',(58.,-20.45,-9.35));
#6192=CARTESIAN_POINT('Origin',(64.,-20.45,-9.35));
#6193=CARTESIAN_POINT('',(70.,-20.,-9.35));
#6194=CARTESIAN_POINT('',(55.75,-20.,-9.35));
#6195=CARTESIAN_POINT('',(70.,-21.,-9.35));
#6196=CARTESIAN_POINT('',(64.,-21.,-9.35));
#6197=CARTESIAN_POINT('',(70.,-20.45,-9.35));
#6198=CARTESIAN_POINT('Origin',(64.,-21.,-2.85));
#6199=CARTESIAN_POINT('',(70.,-21.,-2.85));
#6200=CARTESIAN_POINT('Origin',(70.,-20.45,-2.85));
#6201=CARTESIAN_POINT('',(70.,-20.,-3.425));
#6202=CARTESIAN_POINT('Origin',(55.,-22.5,-3.));
#6203=CARTESIAN_POINT('',(55.,-20.,-3.65));
#6204=CARTESIAN_POINT('',(55.,-25.,-3.65));
#6205=CARTESIAN_POINT('',(55.,-24.,-3.65));
#6206=CARTESIAN_POINT('',(55.,-20.,-11.));
#6207=CARTESIAN_POINT('',(55.,-20.,-3.));
#6208=CARTESIAN_POINT('',(55.,-25.,-11.));
#6209=CARTESIAN_POINT('',(55.,-22.5,-11.));
#6210=CARTESIAN_POINT('',(55.,-25.,-3.));
#6211=CARTESIAN_POINT('Origin',(55.,-22.5,-3.));
#6212=CARTESIAN_POINT('',(55.,-25.,3.65));
#6213=CARTESIAN_POINT('',(55.,-20.,3.65));
#6214=CARTESIAN_POINT('',(55.,-24.,3.65));
#6215=CARTESIAN_POINT('',(55.,-25.,5.));
#6216=CARTESIAN_POINT('',(55.,-25.,-3.));
#6217=CARTESIAN_POINT('',(55.,-20.,5.));
#6218=CARTESIAN_POINT('',(55.,-22.5,5.));
#6219=CARTESIAN_POINT('',(55.,-20.,-3.));
#6220=CARTESIAN_POINT('Origin',(63.,-22.5,5.));
#6221=CARTESIAN_POINT('',(71.,-25.,5.));
#6222=CARTESIAN_POINT('',(71.,-20.,5.));
#6223=CARTESIAN_POINT('',(71.,-22.5,5.));
#6224=CARTESIAN_POINT('',(63.,-20.,5.));
#6225=CARTESIAN_POINT('',(63.,-25.,5.));
#6226=CARTESIAN_POINT('Origin',(63.,-22.5,-11.));
#6227=CARTESIAN_POINT('',(71.,-20.,-11.));
#6228=CARTESIAN_POINT('',(71.,-25.,-11.));
#6229=CARTESIAN_POINT('',(71.,-22.5,-11.));
#6230=CARTESIAN_POINT('',(63.,-25.,-11.));
#6231=CARTESIAN_POINT('',(63.,-20.,-11.));
#6232=CARTESIAN_POINT('Origin',(63.,-25.,-3.));
#6233=CARTESIAN_POINT('',(55.,-25.,-1.5));
#6234=CARTESIAN_POINT('',(71.,-25.,-3.));
#6235=CARTESIAN_POINT('Origin',(71.,-22.5,-3.));
#6236=CARTESIAN_POINT('',(71.,-20.,-3.));
#6237=CARTESIAN_POINT('Origin',(51.4,-24.,0.));
#6238=CARTESIAN_POINT('',(51.4,-28.,3.));
#6239=CARTESIAN_POINT('',(51.4,-20.,3.));
#6240=CARTESIAN_POINT('',(51.4,-28.5,3.));
#6241=CARTESIAN_POINT('',(51.4,-28.,3.65));
#6242=CARTESIAN_POINT('',(51.4,-28.,0.));
#6243=CARTESIAN_POINT('',(51.4,-20.,3.65));
#6244=CARTESIAN_POINT('',(51.4,-24.,3.65));
#6245=CARTESIAN_POINT('',(51.4,-20.,0.));
#6246=CARTESIAN_POINT('Origin',(53.2,-24.,3.65));
#6247=CARTESIAN_POINT('',(55.,-28.,3.65));
#6248=CARTESIAN_POINT('',(55.,-24.,3.65));
#6249=CARTESIAN_POINT('',(53.2,-20.,3.65));
#6250=CARTESIAN_POINT('',(53.2,-28.,3.65));
#6251=CARTESIAN_POINT('Origin',(53.2,-24.,-3.65));
#6252=CARTESIAN_POINT('',(51.5,-20.,-3.65));
#6253=CARTESIAN_POINT('',(51.5,-28.,-3.65));
#6254=CARTESIAN_POINT('',(51.5,-28.5,-3.65));
#6255=CARTESIAN_POINT('',(53.2,-20.,-3.65));
#6256=CARTESIAN_POINT('',(55.,-28.,-3.65));
#6257=CARTESIAN_POINT('',(55.,-24.,-3.65));
#6258=CARTESIAN_POINT('',(53.2,-28.,-3.65));
#6259=CARTESIAN_POINT('Origin',(53.2,-28.,0.));
#6260=CARTESIAN_POINT('',(51.5,-28.,3.));
#6261=CARTESIAN_POINT('',(51.5,-28.,-2.));
#6262=CARTESIAN_POINT('',(55.,-28.,0.));
#6263=CARTESIAN_POINT('',(50.35,-28.,3.));
#6264=CARTESIAN_POINT('Origin',(55.,-24.,0.));
#6265=CARTESIAN_POINT('Origin',(51.5,-33.,-4.));
#6266=CARTESIAN_POINT('',(51.5,-46.,3.));
#6267=CARTESIAN_POINT('',(51.5,-33.,3.));
#6268=CARTESIAN_POINT('',(51.5,-46.,-11.));
#6269=CARTESIAN_POINT('',(51.5,-46.,-4.));
#6270=CARTESIAN_POINT('',(51.5,-20.,-11.));
#6271=CARTESIAN_POINT('',(51.5,-33.,-11.));
#6272=CARTESIAN_POINT('',(51.5,-20.,-4.));
#6273=CARTESIAN_POINT('Origin',(47.5,-33.,-11.));
#6274=CARTESIAN_POINT('',(46.,-37.,-11.));
#6275=CARTESIAN_POINT('',(43.5,-37.,-11.));
#6276=CARTESIAN_POINT('',(42.8,-37.,-11.));
#6277=CARTESIAN_POINT('',(46.,-31.,-11.));
#6278=CARTESIAN_POINT('',(46.,-33.5,-11.));
#6279=CARTESIAN_POINT('',(43.5,-31.,-11.));
#6280=CARTESIAN_POINT('',(45.4,-31.,-11.));
#6281=CARTESIAN_POINT('',(43.5,-20.,-11.));
#6282=CARTESIAN_POINT('',(43.5,-33.,-11.));
#6283=CARTESIAN_POINT('',(47.5,-20.,-11.));
#6284=CARTESIAN_POINT('',(43.5,-46.,-11.));
#6285=CARTESIAN_POINT('',(47.5,-46.,-11.));
#6286=CARTESIAN_POINT('',(43.5,-33.,-11.));
#6287=CARTESIAN_POINT('Origin',(47.5,-33.,3.));
#6288=CARTESIAN_POINT('',(43.5,-20.,3.));
#6289=CARTESIAN_POINT('',(47.5,-20.,3.));
#6290=CARTESIAN_POINT('',(43.5,-46.,3.));
#6291=CARTESIAN_POINT('',(43.5,-33.,3.));
#6292=CARTESIAN_POINT('',(47.5,-46.,3.));
#6293=CARTESIAN_POINT('Origin',(47.5,-46.,-4.));
#6294=CARTESIAN_POINT('',(43.5,-46.,-4.));
#6295=CARTESIAN_POINT('Origin',(43.5,-33.,-4.));
#6296=CARTESIAN_POINT('',(43.5,-37.,-7.675));
#6297=CARTESIAN_POINT('',(43.5,-20.,-4.));
#6298=CARTESIAN_POINT('',(43.5,-31.,-7.675));
#6299=CARTESIAN_POINT('Origin',(47.5,-20.,-4.));
#6300=CARTESIAN_POINT('Origin',(43.3,-31.,-11.35));
#6301=CARTESIAN_POINT('',(46.,-31.,-16.));
#6302=CARTESIAN_POINT('',(46.,-31.,-11.35));
#6303=CARTESIAN_POINT('',(43.3,-31.,-16.));
#6304=CARTESIAN_POINT('Origin',(46.,-34.,-11.35));
#6305=CARTESIAN_POINT('',(46.,-37.,-16.));
#6306=CARTESIAN_POINT('',(46.,-37.,-11.35));
#6307=CARTESIAN_POINT('',(46.,-34.,-16.));
#6308=CARTESIAN_POINT('Origin',(38.1,-14.,-16.));
#6309=CARTESIAN_POINT('',(43.3,-37.,-16.));
#6310=CARTESIAN_POINT('Origin',(38.1,-37.,-11.35));
#6311=UNCERTAINTY_MEASURE_WITH_UNIT(LENGTH_MEASURE(0.01),#6315,
'DISTANCE_ACCURACY_VALUE',
'Maximum model space distance between geometric entities at asserted c
onnectivities');
#6312=UNCERTAINTY_MEASURE_WITH_UNIT(LENGTH_MEASURE(0.01),#6315,
'DISTANCE_ACCURACY_VALUE',
'Maximum model space distance between geometric entities at asserted c
onnectivities');
#6313=(
GEOMETRIC_REPRESENTATION_CONTEXT(3)
GLOBAL_UNCERTAINTY_ASSIGNED_CONTEXT((#6311))
GLOBAL_UNIT_ASSIGNED_CONTEXT((#6315,#6317,#6318))
REPRESENTATION_CONTEXT('','3D')
);
#6314=(
GEOMETRIC_REPRESENTATION_CONTEXT(3)
GLOBAL_UNCERTAINTY_ASSIGNED_CONTEXT((#6312))
GLOBAL_UNIT_ASSIGNED_CONTEXT((#6315,#6317,#6318))
REPRESENTATION_CONTEXT('','3D')
);
#6315=(
LENGTH_UNIT()
NAMED_UNIT(*)
SI_UNIT(.MILLI.,.METRE.)
);
#6316=(
LENGTH_UNIT()
NAMED_UNIT(*)
SI_UNIT($,.METRE.)
);
#6317=(
NAMED_UNIT(*)
PLANE_ANGLE_UNIT()
SI_UNIT($,.RADIAN.)
);
#6318=(
NAMED_UNIT(*)
SI_UNIT($,.STERADIAN.)
SOLID_ANGLE_UNIT()
);
#6319=SHAPE_DEFINITION_REPRESENTATION(#6320,#6321);
#6320=PRODUCT_DEFINITION_SHAPE('',$,#6323);
#6321=SHAPE_REPRESENTATION('',(#3533),#6313);
#6322=PRODUCT_DEFINITION_CONTEXT('part definition',#6327,'design');
#6323=PRODUCT_DEFINITION('rt_grip_jaw_n','rt_grip_jaw_n',#6324,#6322);
#6324=PRODUCT_DEFINITION_FORMATION('',$,#6329);
#6325=PRODUCT_RELATED_PRODUCT_CATEGORY('rt_grip_jaw_n','rt_grip_jaw_n',
(#6329));
#6326=APPLICATION_PROTOCOL_DEFINITION('international standard',
'automotive_design',2009,#6327);
#6327=APPLICATION_CONTEXT(
'Core Data for Automotive Mechanical Design Process');
#6328=PRODUCT_CONTEXT('part definition',#6327,'mechanical');
#6329=PRODUCT('rt_grip_jaw_n','rt_grip_jaw_n',$,(#6328));
#6330=PRESENTATION_STYLE_ASSIGNMENT((#6331));
#6331=SURFACE_STYLE_USAGE(.BOTH.,#6332);
#6332=SURFACE_SIDE_STYLE('',(#6333));
#6333=SURFACE_STYLE_FILL_AREA(#6334);
#6334=FILL_AREA_STYLE('Steel - Satin',(#6335));
#6335=FILL_AREA_STYLE_COLOUR('Steel - Satin',#6336);
#6336=COLOUR_RGB('Steel - Satin',0.627450980392157,0.627450980392157,0.627450980392157);
ENDSEC;
END-ISO-10303-21;
