ISO-10303-21;
HEADER;
/* Generated by software containing ST-Developer
 * from STEP Tools, Inc. (www.steptools.com) 
 */

FILE_DESCRIPTION(
/* description */ (''),
/* implementation_level */ '2;1');

FILE_NAME(
/* name */ 'rt_cyc15_cup.step',
/* time_stamp */ '2026-07-20T19:47:13-04:00',
/* author */ (''),
/* organization */ (''),
/* preprocessor_version */ 'ST-DEVELOPER v20.1',
/* originating_system */ 'Autodesk Translation Framework v15.8.0.0',
/* authorisation */ '');

FILE_SCHEMA (('AUTOMOTIVE_DESIGN { 1 0 10303 214 3 1 1 }'));
ENDSEC;

DATA;
#10=MECHANICAL_DESIGN_GEOMETRIC_PRESENTATION_REPRESENTATION('',(#13),#2239);
#11=SHAPE_REPRESENTATION_RELATIONSHIP('SRR','None',#2246,#12);
#12=ADVANCED_BREP_SHAPE_REPRESENTATION('',(#14),#2238);
#13=STYLED_ITEM('',(#2255),#14);
#14=MANIFOLD_SOLID_BREP('Body1',#1255);
#15=CONICAL_SURFACE('',#1275,3.35,0.777133888737797);
#16=CONICAL_SURFACE('',#1285,3.35,0.777133888737797);
#17=CONICAL_SURFACE('',#1300,3.35,0.777133888737797);
#18=CONICAL_SURFACE('',#1310,3.35,0.777133888737797);
#19=CONICAL_SURFACE('',#1366,3.35,0.777133888737797);
#20=CONICAL_SURFACE('',#1371,3.35,0.777133888737797);
#21=CONICAL_SURFACE('',#1378,3.35,0.777133888737797);
#22=CONICAL_SURFACE('',#1383,3.35,0.777133888737797);
#23=CONICAL_SURFACE('',#1390,3.35,0.777133888737797);
#24=CONICAL_SURFACE('',#1395,3.35,0.777133888737797);
#25=CONICAL_SURFACE('',#1400,3.35,0.777133888737797);
#26=CONICAL_SURFACE('',#1405,3.35,0.777133888737797);
#27=CONICAL_SURFACE('',#1412,3.35,0.777133888737797);
#28=CONICAL_SURFACE('',#1417,3.35,0.777133888737797);
#29=CONICAL_SURFACE('',#1424,3.35,0.777133888737797);
#30=CONICAL_SURFACE('',#1429,3.35,0.777133888737797);
#31=FACE_BOUND('',#179,.T.);
#32=FACE_BOUND('',#183,.T.);
#33=FACE_BOUND('',#187,.T.);
#34=FACE_BOUND('',#190,.T.);
#35=FACE_BOUND('',#194,.T.);
#36=FACE_BOUND('',#198,.T.);
#37=FACE_BOUND('',#207,.T.);
#38=FACE_BOUND('',#211,.T.);
#39=FACE_BOUND('',#215,.T.);
#40=FACE_BOUND('',#219,.T.);
#41=FACE_BOUND('',#224,.T.);
#42=FACE_BOUND('',#255,.T.);
#43=FACE_BOUND('',#256,.T.);
#44=FACE_BOUND('',#257,.T.);
#45=FACE_BOUND('',#258,.T.);
#46=FACE_BOUND('',#259,.T.);
#47=FACE_BOUND('',#260,.T.);
#48=FACE_BOUND('',#261,.T.);
#49=FACE_BOUND('',#262,.T.);
#50=FACE_BOUND('',#263,.T.);
#51=FACE_BOUND('',#264,.T.);
#52=FACE_BOUND('',#265,.T.);
#53=FACE_BOUND('',#266,.T.);
#54=FACE_BOUND('',#267,.T.);
#55=FACE_BOUND('',#268,.T.);
#56=FACE_BOUND('',#269,.T.);
#57=FACE_BOUND('',#270,.T.);
#58=FACE_BOUND('',#271,.T.);
#59=FACE_BOUND('',#272,.T.);
#60=FACE_BOUND('',#273,.T.);
#61=FACE_BOUND('',#274,.T.);
#62=FACE_BOUND('',#275,.T.);
#63=FACE_BOUND('',#278,.T.);
#64=FACE_BOUND('',#279,.T.);
#65=FACE_BOUND('',#280,.T.);
#66=FACE_BOUND('',#281,.T.);
#67=FACE_BOUND('',#282,.T.);
#68=FACE_BOUND('',#283,.T.);
#69=FACE_BOUND('',#284,.T.);
#70=FACE_BOUND('',#285,.T.);
#71=FACE_BOUND('',#286,.T.);
#72=FACE_BOUND('',#287,.T.);
#73=FACE_BOUND('',#288,.T.);
#74=FACE_BOUND('',#289,.T.);
#75=FACE_BOUND('',#290,.T.);
#76=FACE_BOUND('',#291,.T.);
#77=FACE_BOUND('',#292,.T.);
#78=FACE_BOUND('',#293,.T.);
#79=FACE_BOUND('',#294,.T.);
#80=FACE_BOUND('',#295,.T.);
#81=FACE_BOUND('',#296,.T.);
#82=FACE_BOUND('',#297,.T.);
#83=FACE_BOUND('',#298,.T.);
#84=FACE_BOUND('',#299,.T.);
#85=FACE_BOUND('',#300,.T.);
#86=FACE_BOUND('',#302,.T.);
#87=FACE_BOUND('',#303,.T.);
#88=FACE_BOUND('',#304,.T.);
#89=FACE_BOUND('',#305,.T.);
#90=FACE_BOUND('',#306,.T.);
#91=FACE_BOUND('',#307,.T.);
#92=FACE_BOUND('',#308,.T.);
#93=PLANE('',#1272);
#94=PLANE('',#1282);
#95=PLANE('',#1292);
#96=PLANE('',#1297);
#97=PLANE('',#1307);
#98=PLANE('',#1317);
#99=PLANE('',#1334);
#100=PLANE('',#1341);
#101=PLANE('',#1348);
#102=PLANE('',#1355);
#103=PLANE('',#1365);
#104=PLANE('',#1437);
#105=PLANE('',#1441);
#106=PLANE('',#1442);
#107=FACE_OUTER_BOUND('',#177,.T.);
#108=FACE_OUTER_BOUND('',#178,.T.);
#109=FACE_OUTER_BOUND('',#180,.T.);
#110=FACE_OUTER_BOUND('',#181,.T.);
#111=FACE_OUTER_BOUND('',#182,.T.);
#112=FACE_OUTER_BOUND('',#184,.T.);
#113=FACE_OUTER_BOUND('',#185,.T.);
#114=FACE_OUTER_BOUND('',#186,.T.);
#115=FACE_OUTER_BOUND('',#188,.T.);
#116=FACE_OUTER_BOUND('',#189,.T.);
#117=FACE_OUTER_BOUND('',#191,.T.);
#118=FACE_OUTER_BOUND('',#192,.T.);
#119=FACE_OUTER_BOUND('',#193,.T.);
#120=FACE_OUTER_BOUND('',#195,.T.);
#121=FACE_OUTER_BOUND('',#196,.T.);
#122=FACE_OUTER_BOUND('',#197,.T.);
#123=FACE_OUTER_BOUND('',#199,.T.);
#124=FACE_OUTER_BOUND('',#200,.T.);
#125=FACE_OUTER_BOUND('',#201,.T.);
#126=FACE_OUTER_BOUND('',#202,.T.);
#127=FACE_OUTER_BOUND('',#203,.T.);
#128=FACE_OUTER_BOUND('',#204,.T.);
#129=FACE_OUTER_BOUND('',#205,.T.);
#130=FACE_OUTER_BOUND('',#206,.T.);
#131=FACE_OUTER_BOUND('',#208,.T.);
#132=FACE_OUTER_BOUND('',#209,.T.);
#133=FACE_OUTER_BOUND('',#210,.T.);
#134=FACE_OUTER_BOUND('',#212,.T.);
#135=FACE_OUTER_BOUND('',#213,.T.);
#136=FACE_OUTER_BOUND('',#214,.T.);
#137=FACE_OUTER_BOUND('',#216,.T.);
#138=FACE_OUTER_BOUND('',#217,.T.);
#139=FACE_OUTER_BOUND('',#218,.T.);
#140=FACE_OUTER_BOUND('',#220,.T.);
#141=FACE_OUTER_BOUND('',#221,.T.);
#142=FACE_OUTER_BOUND('',#222,.T.);
#143=FACE_OUTER_BOUND('',#223,.T.);
#144=FACE_OUTER_BOUND('',#225,.T.);
#145=FACE_OUTER_BOUND('',#226,.T.);
#146=FACE_OUTER_BOUND('',#227,.T.);
#147=FACE_OUTER_BOUND('',#228,.T.);
#148=FACE_OUTER_BOUND('',#229,.T.);
#149=FACE_OUTER_BOUND('',#230,.T.);
#150=FACE_OUTER_BOUND('',#231,.T.);
#151=FACE_OUTER_BOUND('',#232,.T.);
#152=FACE_OUTER_BOUND('',#233,.T.);
#153=FACE_OUTER_BOUND('',#234,.T.);
#154=FACE_OUTER_BOUND('',#235,.T.);
#155=FACE_OUTER_BOUND('',#236,.T.);
#156=FACE_OUTER_BOUND('',#237,.T.);
#157=FACE_OUTER_BOUND('',#238,.T.);
#158=FACE_OUTER_BOUND('',#239,.T.);
#159=FACE_OUTER_BOUND('',#240,.T.);
#160=FACE_OUTER_BOUND('',#241,.T.);
#161=FACE_OUTER_BOUND('',#242,.T.);
#162=FACE_OUTER_BOUND('',#243,.T.);
#163=FACE_OUTER_BOUND('',#244,.T.);
#164=FACE_OUTER_BOUND('',#245,.T.);
#165=FACE_OUTER_BOUND('',#246,.T.);
#166=FACE_OUTER_BOUND('',#247,.T.);
#167=FACE_OUTER_BOUND('',#248,.T.);
#168=FACE_OUTER_BOUND('',#249,.T.);
#169=FACE_OUTER_BOUND('',#250,.T.);
#170=FACE_OUTER_BOUND('',#251,.T.);
#171=FACE_OUTER_BOUND('',#252,.T.);
#172=FACE_OUTER_BOUND('',#253,.T.);
#173=FACE_OUTER_BOUND('',#254,.T.);
#174=FACE_OUTER_BOUND('',#276,.T.);
#175=FACE_OUTER_BOUND('',#277,.T.);
#176=FACE_OUTER_BOUND('',#301,.T.);
#177=EDGE_LOOP('',(#809,#810,#811,#812,#813,#814));
#178=EDGE_LOOP('',(#815,#816));
#179=EDGE_LOOP('',(#817));
#180=EDGE_LOOP('',(#818,#819,#820,#821,#822));
#181=EDGE_LOOP('',(#823,#824,#825,#826,#827,#828));
#182=EDGE_LOOP('',(#829,#830));
#183=EDGE_LOOP('',(#831));
#184=EDGE_LOOP('',(#832,#833,#834,#835,#836));
#185=EDGE_LOOP('',(#837,#838,#839,#840));
#186=EDGE_LOOP('',(#841));
#187=EDGE_LOOP('',(#842));
#188=EDGE_LOOP('',(#843,#844,#845,#846,#847,#848));
#189=EDGE_LOOP('',(#849,#850));
#190=EDGE_LOOP('',(#851));
#191=EDGE_LOOP('',(#852,#853,#854,#855,#856));
#192=EDGE_LOOP('',(#857,#858,#859,#860,#861,#862));
#193=EDGE_LOOP('',(#863,#864));
#194=EDGE_LOOP('',(#865));
#195=EDGE_LOOP('',(#866,#867,#868,#869,#870));
#196=EDGE_LOOP('',(#871,#872,#873,#874));
#197=EDGE_LOOP('',(#875));
#198=EDGE_LOOP('',(#876));
#199=EDGE_LOOP('',(#877,#878,#879,#880));
#200=EDGE_LOOP('',(#881,#882,#883,#884));
#201=EDGE_LOOP('',(#885,#886,#887,#888));
#202=EDGE_LOOP('',(#889,#890,#891,#892));
#203=EDGE_LOOP('',(#893,#894,#895,#896));
#204=EDGE_LOOP('',(#897,#898,#899,#900));
#205=EDGE_LOOP('',(#901,#902,#903,#904));
#206=EDGE_LOOP('',(#905));
#207=EDGE_LOOP('',(#906));
#208=EDGE_LOOP('',(#907,#908,#909,#910));
#209=EDGE_LOOP('',(#911,#912,#913,#914));
#210=EDGE_LOOP('',(#915));
#211=EDGE_LOOP('',(#916));
#212=EDGE_LOOP('',(#917,#918,#919,#920));
#213=EDGE_LOOP('',(#921,#922,#923,#924));
#214=EDGE_LOOP('',(#925));
#215=EDGE_LOOP('',(#926));
#216=EDGE_LOOP('',(#927,#928,#929,#930));
#217=EDGE_LOOP('',(#931,#932,#933,#934));
#218=EDGE_LOOP('',(#935));
#219=EDGE_LOOP('',(#936));
#220=EDGE_LOOP('',(#937,#938,#939,#940));
#221=EDGE_LOOP('',(#941,#942,#943,#944));
#222=EDGE_LOOP('',(#945,#946,#947,#948));
#223=EDGE_LOOP('',(#949));
#224=EDGE_LOOP('',(#950));
#225=EDGE_LOOP('',(#951,#952,#953,#954));
#226=EDGE_LOOP('',(#955,#956,#957,#958));
#227=EDGE_LOOP('',(#959,#960,#961,#962));
#228=EDGE_LOOP('',(#963,#964,#965,#966));
#229=EDGE_LOOP('',(#967,#968,#969,#970,#971,#972,#973,#974));
#230=EDGE_LOOP('',(#975,#976,#977,#978));
#231=EDGE_LOOP('',(#979,#980,#981,#982));
#232=EDGE_LOOP('',(#983,#984,#985,#986));
#233=EDGE_LOOP('',(#987,#988,#989,#990));
#234=EDGE_LOOP('',(#991,#992,#993,#994,#995,#996,#997,#998));
#235=EDGE_LOOP('',(#999,#1000,#1001,#1002));
#236=EDGE_LOOP('',(#1003,#1004,#1005,#1006));
#237=EDGE_LOOP('',(#1007,#1008,#1009,#1010));
#238=EDGE_LOOP('',(#1011,#1012,#1013,#1014));
#239=EDGE_LOOP('',(#1015,#1016,#1017,#1018));
#240=EDGE_LOOP('',(#1019,#1020,#1021,#1022));
#241=EDGE_LOOP('',(#1023,#1024,#1025,#1026));
#242=EDGE_LOOP('',(#1027,#1028,#1029,#1030));
#243=EDGE_LOOP('',(#1031,#1032,#1033,#1034,#1035,#1036,#1037,#1038));
#244=EDGE_LOOP('',(#1039,#1040,#1041,#1042));
#245=EDGE_LOOP('',(#1043,#1044,#1045,#1046));
#246=EDGE_LOOP('',(#1047,#1048,#1049,#1050));
#247=EDGE_LOOP('',(#1051,#1052,#1053,#1054));
#248=EDGE_LOOP('',(#1055,#1056,#1057,#1058,#1059,#1060,#1061,#1062));
#249=EDGE_LOOP('',(#1063,#1064,#1065,#1066));
#250=EDGE_LOOP('',(#1067,#1068,#1069,#1070));
#251=EDGE_LOOP('',(#1071,#1072,#1073,#1074));
#252=EDGE_LOOP('',(#1075,#1076,#1077,#1078));
#253=EDGE_LOOP('',(#1079,#1080,#1081,#1082));
#254=EDGE_LOOP('',(#1083));
#255=EDGE_LOOP('',(#1084));
#256=EDGE_LOOP('',(#1085));
#257=EDGE_LOOP('',(#1086));
#258=EDGE_LOOP('',(#1087));
#259=EDGE_LOOP('',(#1088));
#260=EDGE_LOOP('',(#1089));
#261=EDGE_LOOP('',(#1090));
#262=EDGE_LOOP('',(#1091));
#263=EDGE_LOOP('',(#1092));
#264=EDGE_LOOP('',(#1093));
#265=EDGE_LOOP('',(#1094));
#266=EDGE_LOOP('',(#1095));
#267=EDGE_LOOP('',(#1096));
#268=EDGE_LOOP('',(#1097));
#269=EDGE_LOOP('',(#1098));
#270=EDGE_LOOP('',(#1099));
#271=EDGE_LOOP('',(#1100));
#272=EDGE_LOOP('',(#1101));
#273=EDGE_LOOP('',(#1102));
#274=EDGE_LOOP('',(#1103));
#275=EDGE_LOOP('',(#1104));
#276=EDGE_LOOP('',(#1105,#1106,#1107,#1108));
#277=EDGE_LOOP('',(#1109));
#278=EDGE_LOOP('',(#1110));
#279=EDGE_LOOP('',(#1111));
#280=EDGE_LOOP('',(#1112));
#281=EDGE_LOOP('',(#1113));
#282=EDGE_LOOP('',(#1114));
#283=EDGE_LOOP('',(#1115,#1116));
#284=EDGE_LOOP('',(#1117));
#285=EDGE_LOOP('',(#1118));
#286=EDGE_LOOP('',(#1119,#1120));
#287=EDGE_LOOP('',(#1121));
#288=EDGE_LOOP('',(#1122));
#289=EDGE_LOOP('',(#1123));
#290=EDGE_LOOP('',(#1124));
#291=EDGE_LOOP('',(#1125,#1126));
#292=EDGE_LOOP('',(#1127));
#293=EDGE_LOOP('',(#1128));
#294=EDGE_LOOP('',(#1129,#1130));
#295=EDGE_LOOP('',(#1131));
#296=EDGE_LOOP('',(#1132));
#297=EDGE_LOOP('',(#1133));
#298=EDGE_LOOP('',(#1134));
#299=EDGE_LOOP('',(#1135));
#300=EDGE_LOOP('',(#1136));
#301=EDGE_LOOP('',(#1137));
#302=EDGE_LOOP('',(#1138));
#303=EDGE_LOOP('',(#1139));
#304=EDGE_LOOP('',(#1140));
#305=EDGE_LOOP('',(#1141));
#306=EDGE_LOOP('',(#1142));
#307=EDGE_LOOP('',(#1143));
#308=EDGE_LOOP('',(#1144));
#309=B_SPLINE_CURVE_WITH_KNOTS('',3,(#1859,#1860,#1861,#1862,#1863,#1864),
 .UNSPECIFIED.,.F.,.F.,(4,2,4),(1.75365744495866,1.77872563921389,1.83391927066198),
 .UNSPECIFIED.);
#310=B_SPLINE_CURVE_WITH_KNOTS('',3,(#1867,#1868,#1869,#1870,#1871,#1872),
 .UNSPECIFIED.,.F.,.F.,(4,2,4),(2.21841692563952,2.27361055708761,2.29867875134285),
 .UNSPECIFIED.);
#311=B_SPLINE_CURVE_WITH_KNOTS('',3,(#1891,#1892,#1893,#1894,#1895,#1896),
 .UNSPECIFIED.,.F.,.F.,(4,2,4),(1.75365744495865,1.77872563921389,1.83391927066198),
 .UNSPECIFIED.);
#312=B_SPLINE_CURVE_WITH_KNOTS('',3,(#1899,#1900,#1901,#1902,#1903,#1904),
 .UNSPECIFIED.,.F.,.F.,(4,2,4),(2.21841692563952,2.27361055708761,2.29867875134285),
 .UNSPECIFIED.);
#313=B_SPLINE_CURVE_WITH_KNOTS('',3,(#1932,#1933,#1934,#1935,#1936,#1937),
 .UNSPECIFIED.,.F.,.F.,(4,2,4),(1.75365744495866,1.77872563921389,1.83391927066198),
 .UNSPECIFIED.);
#314=B_SPLINE_CURVE_WITH_KNOTS('',3,(#1940,#1941,#1942,#1943,#1944,#1945),
 .UNSPECIFIED.,.F.,.F.,(4,2,4),(2.21841692563952,2.27361055708761,2.29867875134285),
 .UNSPECIFIED.);
#315=B_SPLINE_CURVE_WITH_KNOTS('',3,(#1964,#1965,#1966,#1967,#1968,#1969),
 .UNSPECIFIED.,.F.,.F.,(4,2,4),(1.75365744495866,1.77872563921389,1.83391927066198),
 .UNSPECIFIED.);
#316=B_SPLINE_CURVE_WITH_KNOTS('',3,(#1972,#1973,#1974,#1975,#1976,#1977),
 .UNSPECIFIED.,.F.,.F.,(4,2,4),(2.21841692563952,2.27361055708761,2.29867875134285),
 .UNSPECIFIED.);
#317=CIRCLE('',#1270,3.25);
#318=CIRCLE('',#1271,3.25);
#319=CIRCLE('',#1273,3.05);
#320=CIRCLE('',#1274,1.6);
#321=CIRCLE('',#1276,3.64016393442623);
#322=CIRCLE('',#1277,3.05);
#323=CIRCLE('',#1278,3.05);
#324=CIRCLE('',#1280,3.25);
#325=CIRCLE('',#1281,3.25);
#326=CIRCLE('',#1283,3.05);
#327=CIRCLE('',#1284,1.6);
#328=CIRCLE('',#1286,3.64016393442623);
#329=CIRCLE('',#1287,3.05);
#330=CIRCLE('',#1288,3.05);
#331=CIRCLE('',#1290,3.25);
#332=CIRCLE('',#1291,3.25);
#333=CIRCLE('',#1293,1.6);
#334=CIRCLE('',#1295,3.25);
#335=CIRCLE('',#1296,3.25);
#336=CIRCLE('',#1298,3.05);
#337=CIRCLE('',#1299,1.6);
#338=CIRCLE('',#1301,3.64016393442623);
#339=CIRCLE('',#1302,3.05);
#340=CIRCLE('',#1303,3.05);
#341=CIRCLE('',#1305,3.25);
#342=CIRCLE('',#1306,3.25);
#343=CIRCLE('',#1308,3.05);
#344=CIRCLE('',#1309,1.6);
#345=CIRCLE('',#1311,3.64016393442623);
#346=CIRCLE('',#1312,3.05);
#347=CIRCLE('',#1313,3.05);
#348=CIRCLE('',#1315,3.25);
#349=CIRCLE('',#1316,3.25);
#350=CIRCLE('',#1318,1.6);
#351=CIRCLE('',#1320,1.6);
#352=CIRCLE('',#1322,1.6);
#353=CIRCLE('',#1324,1.6);
#354=CIRCLE('',#1326,1.6);
#355=CIRCLE('',#1328,1.6);
#356=CIRCLE('',#1330,1.6);
#357=CIRCLE('',#1332,3.);
#358=CIRCLE('',#1333,3.);
#359=CIRCLE('',#1335,1.7);
#360=CIRCLE('',#1337,1.7);
#361=CIRCLE('',#1339,3.);
#362=CIRCLE('',#1340,3.);
#363=CIRCLE('',#1342,1.7);
#364=CIRCLE('',#1344,1.7);
#365=CIRCLE('',#1346,3.);
#366=CIRCLE('',#1347,3.);
#367=CIRCLE('',#1349,1.7);
#368=CIRCLE('',#1351,1.7);
#369=CIRCLE('',#1353,3.);
#370=CIRCLE('',#1354,3.);
#371=CIRCLE('',#1356,1.7);
#372=CIRCLE('',#1358,1.7);
#373=CIRCLE('',#1360,7.);
#374=CIRCLE('',#1361,7.);
#375=CIRCLE('',#1363,11.25);
#376=CIRCLE('',#1364,11.25);
#377=CIRCLE('',#1367,3.64016393442623);
#378=CIRCLE('',#1368,3.05);
#379=CIRCLE('',#1370,3.05);
#380=CIRCLE('',#1372,3.64016393442623);
#381=CIRCLE('',#1373,3.05);
#382=CIRCLE('',#1375,3.05);
#383=CIRCLE('',#1377,3.05);
#384=CIRCLE('',#1379,3.64016393442623);
#385=CIRCLE('',#1380,3.05);
#386=CIRCLE('',#1382,3.05);
#387=CIRCLE('',#1384,3.64016393442623);
#388=CIRCLE('',#1385,3.05);
#389=CIRCLE('',#1387,3.05);
#390=CIRCLE('',#1389,3.05);
#391=CIRCLE('',#1391,3.64016393442623);
#392=CIRCLE('',#1392,3.05);
#393=CIRCLE('',#1394,3.05);
#394=CIRCLE('',#1396,3.64016393442623);
#395=CIRCLE('',#1397,3.05);
#396=CIRCLE('',#1399,3.05);
#397=CIRCLE('',#1401,3.64016393442623);
#398=CIRCLE('',#1402,3.05);
#399=CIRCLE('',#1404,3.05);
#400=CIRCLE('',#1406,3.64016393442623);
#401=CIRCLE('',#1407,3.05);
#402=CIRCLE('',#1409,3.05);
#403=CIRCLE('',#1411,3.05);
#404=CIRCLE('',#1413,3.64016393442623);
#405=CIRCLE('',#1414,3.05);
#406=CIRCLE('',#1416,3.05);
#407=CIRCLE('',#1418,3.64016393442623);
#408=CIRCLE('',#1419,3.05);
#409=CIRCLE('',#1421,3.05);
#410=CIRCLE('',#1423,3.05);
#411=CIRCLE('',#1425,3.64016393442623);
#412=CIRCLE('',#1426,3.05);
#413=CIRCLE('',#1428,3.05);
#414=CIRCLE('',#1430,3.64016393442623);
#415=CIRCLE('',#1431,3.05);
#416=CIRCLE('',#1433,3.05);
#417=CIRCLE('',#1435,31.25);
#418=CIRCLE('',#1436,31.25);
#419=CIRCLE('',#1439,38.);
#420=CIRCLE('',#1440,38.);
#421=LINE('',#1853,#477);
#422=LINE('',#1857,#478);
#423=LINE('',#1885,#479);
#424=LINE('',#1889,#480);
#425=LINE('',#1918,#481);
#426=LINE('',#1926,#482);
#427=LINE('',#1930,#483);
#428=LINE('',#1958,#484);
#429=LINE('',#1962,#485);
#430=LINE('',#1991,#486);
#431=LINE('',#1998,#487);
#432=LINE('',#2002,#488);
#433=LINE('',#2006,#489);
#434=LINE('',#2010,#490);
#435=LINE('',#2014,#491);
#436=LINE('',#2018,#492);
#437=LINE('',#2024,#493);
#438=LINE('',#2032,#494);
#439=LINE('',#2037,#495);
#440=LINE('',#2045,#496);
#441=LINE('',#2050,#497);
#442=LINE('',#2058,#498);
#443=LINE('',#2063,#499);
#444=LINE('',#2071,#500);
#445=LINE('',#2076,#501);
#446=LINE('',#2082,#502);
#447=LINE('',#2089,#503);
#448=LINE('',#2093,#504);
#449=LINE('',#2099,#505);
#450=LINE('',#2103,#506);
#451=LINE('',#2107,#507);
#452=LINE('',#2113,#508);
#453=LINE('',#2117,#509);
#454=LINE('',#2123,#510);
#455=LINE('',#2127,#511);
#456=LINE('',#2131,#512);
#457=LINE('',#2137,#513);
#458=LINE('',#2141,#514);
#459=LINE('',#2147,#515);
#460=LINE('',#2151,#516);
#461=LINE('',#2157,#517);
#462=LINE('',#2161,#518);
#463=LINE('',#2167,#519);
#464=LINE('',#2171,#520);
#465=LINE('',#2175,#521);
#466=LINE('',#2181,#522);
#467=LINE('',#2185,#523);
#468=LINE('',#2191,#524);
#469=LINE('',#2195,#525);
#470=LINE('',#2199,#526);
#471=LINE('',#2205,#527);
#472=LINE('',#2209,#528);
#473=LINE('',#2215,#529);
#474=LINE('',#2219,#530);
#475=LINE('',#2225,#531);
#476=LINE('',#2232,#532);
#477=VECTOR('',#1447,10.);
#478=VECTOR('',#1450,10.);
#479=VECTOR('',#1469,10.);
#480=VECTOR('',#1472,10.);
#481=VECTOR('',#1493,3.25);
#482=VECTOR('',#1502,10.);
#483=VECTOR('',#1505,10.);
#484=VECTOR('',#1524,10.);
#485=VECTOR('',#1527,10.);
#486=VECTOR('',#1548,3.25);
#487=VECTOR('',#1557,1.6);
#488=VECTOR('',#1562,1.6);
#489=VECTOR('',#1567,1.6);
#490=VECTOR('',#1572,1.6);
#491=VECTOR('',#1577,1.6);
#492=VECTOR('',#1582,1.6);
#493=VECTOR('',#1589,3.);
#494=VECTOR('',#1600,1.7);
#495=VECTOR('',#1605,3.);
#496=VECTOR('',#1616,1.7);
#497=VECTOR('',#1621,3.);
#498=VECTOR('',#1632,1.7);
#499=VECTOR('',#1637,3.);
#500=VECTOR('',#1648,1.7);
#501=VECTOR('',#1653,7.);
#502=VECTOR('',#1660,11.25);
#503=VECTOR('',#1669,3.35);
#504=VECTOR('',#1674,3.05);
#505=VECTOR('',#1681,3.35);
#506=VECTOR('',#1686,3.05);
#507=VECTOR('',#1691,3.05);
#508=VECTOR('',#1698,3.35);
#509=VECTOR('',#1703,3.05);
#510=VECTOR('',#1710,3.35);
#511=VECTOR('',#1715,3.05);
#512=VECTOR('',#1720,3.05);
#513=VECTOR('',#1727,3.35);
#514=VECTOR('',#1732,3.05);
#515=VECTOR('',#1739,3.35);
#516=VECTOR('',#1744,3.05);
#517=VECTOR('',#1751,3.35);
#518=VECTOR('',#1756,3.05);
#519=VECTOR('',#1763,3.35);
#520=VECTOR('',#1768,3.05);
#521=VECTOR('',#1773,3.05);
#522=VECTOR('',#1780,3.35);
#523=VECTOR('',#1785,3.05);
#524=VECTOR('',#1792,3.35);
#525=VECTOR('',#1797,3.05);
#526=VECTOR('',#1802,3.05);
#527=VECTOR('',#1809,3.35);
#528=VECTOR('',#1814,3.05);
#529=VECTOR('',#1821,3.35);
#530=VECTOR('',#1826,3.05);
#531=VECTOR('',#1833,31.25);
#532=VECTOR('',#1842,38.);
#533=VERTEX_POINT('',#1851);
#534=VERTEX_POINT('',#1852);
#535=VERTEX_POINT('',#1854);
#536=VERTEX_POINT('',#1856);
#537=VERTEX_POINT('',#1858);
#538=VERTEX_POINT('',#1865);
#539=VERTEX_POINT('',#1875);
#540=VERTEX_POINT('',#1879);
#541=VERTEX_POINT('',#1883);
#542=VERTEX_POINT('',#1884);
#543=VERTEX_POINT('',#1886);
#544=VERTEX_POINT('',#1888);
#545=VERTEX_POINT('',#1890);
#546=VERTEX_POINT('',#1897);
#547=VERTEX_POINT('',#1907);
#548=VERTEX_POINT('',#1911);
#549=VERTEX_POINT('',#1915);
#550=VERTEX_POINT('',#1917);
#551=VERTEX_POINT('',#1921);
#552=VERTEX_POINT('',#1924);
#553=VERTEX_POINT('',#1925);
#554=VERTEX_POINT('',#1927);
#555=VERTEX_POINT('',#1929);
#556=VERTEX_POINT('',#1931);
#557=VERTEX_POINT('',#1938);
#558=VERTEX_POINT('',#1948);
#559=VERTEX_POINT('',#1952);
#560=VERTEX_POINT('',#1956);
#561=VERTEX_POINT('',#1957);
#562=VERTEX_POINT('',#1959);
#563=VERTEX_POINT('',#1961);
#564=VERTEX_POINT('',#1963);
#565=VERTEX_POINT('',#1970);
#566=VERTEX_POINT('',#1980);
#567=VERTEX_POINT('',#1984);
#568=VERTEX_POINT('',#1988);
#569=VERTEX_POINT('',#1990);
#570=VERTEX_POINT('',#1994);
#571=VERTEX_POINT('',#1997);
#572=VERTEX_POINT('',#2001);
#573=VERTEX_POINT('',#2005);
#574=VERTEX_POINT('',#2009);
#575=VERTEX_POINT('',#2013);
#576=VERTEX_POINT('',#2017);
#577=VERTEX_POINT('',#2021);
#578=VERTEX_POINT('',#2023);
#579=VERTEX_POINT('',#2027);
#580=VERTEX_POINT('',#2030);
#581=VERTEX_POINT('',#2034);
#582=VERTEX_POINT('',#2036);
#583=VERTEX_POINT('',#2040);
#584=VERTEX_POINT('',#2043);
#585=VERTEX_POINT('',#2047);
#586=VERTEX_POINT('',#2049);
#587=VERTEX_POINT('',#2053);
#588=VERTEX_POINT('',#2056);
#589=VERTEX_POINT('',#2060);
#590=VERTEX_POINT('',#2062);
#591=VERTEX_POINT('',#2066);
#592=VERTEX_POINT('',#2069);
#593=VERTEX_POINT('',#2073);
#594=VERTEX_POINT('',#2075);
#595=VERTEX_POINT('',#2079);
#596=VERTEX_POINT('',#2081);
#597=VERTEX_POINT('',#2086);
#598=VERTEX_POINT('',#2088);
#599=VERTEX_POINT('',#2092);
#600=VERTEX_POINT('',#2096);
#601=VERTEX_POINT('',#2098);
#602=VERTEX_POINT('',#2102);
#603=VERTEX_POINT('',#2106);
#604=VERTEX_POINT('',#2110);
#605=VERTEX_POINT('',#2112);
#606=VERTEX_POINT('',#2116);
#607=VERTEX_POINT('',#2120);
#608=VERTEX_POINT('',#2122);
#609=VERTEX_POINT('',#2126);
#610=VERTEX_POINT('',#2130);
#611=VERTEX_POINT('',#2134);
#612=VERTEX_POINT('',#2136);
#613=VERTEX_POINT('',#2140);
#614=VERTEX_POINT('',#2144);
#615=VERTEX_POINT('',#2146);
#616=VERTEX_POINT('',#2150);
#617=VERTEX_POINT('',#2154);
#618=VERTEX_POINT('',#2156);
#619=VERTEX_POINT('',#2160);
#620=VERTEX_POINT('',#2164);
#621=VERTEX_POINT('',#2166);
#622=VERTEX_POINT('',#2170);
#623=VERTEX_POINT('',#2174);
#624=VERTEX_POINT('',#2178);
#625=VERTEX_POINT('',#2180);
#626=VERTEX_POINT('',#2184);
#627=VERTEX_POINT('',#2188);
#628=VERTEX_POINT('',#2190);
#629=VERTEX_POINT('',#2194);
#630=VERTEX_POINT('',#2198);
#631=VERTEX_POINT('',#2202);
#632=VERTEX_POINT('',#2204);
#633=VERTEX_POINT('',#2208);
#634=VERTEX_POINT('',#2212);
#635=VERTEX_POINT('',#2214);
#636=VERTEX_POINT('',#2218);
#637=VERTEX_POINT('',#2222);
#638=VERTEX_POINT('',#2224);
#639=VERTEX_POINT('',#2229);
#640=VERTEX_POINT('',#2231);
#641=EDGE_CURVE('',#533,#534,#421,.T.);
#642=EDGE_CURVE('',#533,#535,#317,.T.);
#643=EDGE_CURVE('',#536,#535,#422,.T.);
#644=EDGE_CURVE('',#537,#536,#309,.T.);
#645=EDGE_CURVE('',#538,#537,#318,.T.);
#646=EDGE_CURVE('',#534,#538,#310,.T.);
#647=EDGE_CURVE('',#535,#533,#319,.T.);
#648=EDGE_CURVE('',#539,#539,#320,.T.);
#649=EDGE_CURVE('',#537,#538,#321,.T.);
#650=EDGE_CURVE('',#540,#536,#322,.T.);
#651=EDGE_CURVE('',#534,#540,#323,.T.);
#652=EDGE_CURVE('',#541,#542,#423,.T.);
#653=EDGE_CURVE('',#541,#543,#324,.T.);
#654=EDGE_CURVE('',#544,#543,#424,.T.);
#655=EDGE_CURVE('',#545,#544,#311,.T.);
#656=EDGE_CURVE('',#546,#545,#325,.T.);
#657=EDGE_CURVE('',#542,#546,#312,.T.);
#658=EDGE_CURVE('',#543,#541,#326,.T.);
#659=EDGE_CURVE('',#547,#547,#327,.T.);
#660=EDGE_CURVE('',#545,#546,#328,.T.);
#661=EDGE_CURVE('',#548,#544,#329,.T.);
#662=EDGE_CURVE('',#542,#548,#330,.T.);
#663=EDGE_CURVE('',#549,#549,#331,.T.);
#664=EDGE_CURVE('',#549,#550,#425,.T.);
#665=EDGE_CURVE('',#550,#550,#332,.T.);
#666=EDGE_CURVE('',#551,#551,#333,.T.);
#667=EDGE_CURVE('',#552,#553,#426,.T.);
#668=EDGE_CURVE('',#552,#554,#334,.T.);
#669=EDGE_CURVE('',#555,#554,#427,.T.);
#670=EDGE_CURVE('',#556,#555,#313,.T.);
#671=EDGE_CURVE('',#557,#556,#335,.T.);
#672=EDGE_CURVE('',#553,#557,#314,.T.);
#673=EDGE_CURVE('',#554,#552,#336,.T.);
#674=EDGE_CURVE('',#558,#558,#337,.T.);
#675=EDGE_CURVE('',#556,#557,#338,.T.);
#676=EDGE_CURVE('',#559,#555,#339,.T.);
#677=EDGE_CURVE('',#553,#559,#340,.T.);
#678=EDGE_CURVE('',#560,#561,#428,.T.);
#679=EDGE_CURVE('',#560,#562,#341,.T.);
#680=EDGE_CURVE('',#563,#562,#429,.T.);
#681=EDGE_CURVE('',#564,#563,#315,.T.);
#682=EDGE_CURVE('',#565,#564,#342,.T.);
#683=EDGE_CURVE('',#561,#565,#316,.T.);
#684=EDGE_CURVE('',#562,#560,#343,.T.);
#685=EDGE_CURVE('',#566,#566,#344,.T.);
#686=EDGE_CURVE('',#564,#565,#345,.T.);
#687=EDGE_CURVE('',#567,#563,#346,.T.);
#688=EDGE_CURVE('',#561,#567,#347,.T.);
#689=EDGE_CURVE('',#568,#568,#348,.T.);
#690=EDGE_CURVE('',#568,#569,#430,.T.);
#691=EDGE_CURVE('',#569,#569,#349,.T.);
#692=EDGE_CURVE('',#570,#570,#350,.T.);
#693=EDGE_CURVE('',#539,#571,#431,.T.);
#694=EDGE_CURVE('',#571,#571,#351,.T.);
#695=EDGE_CURVE('',#547,#572,#432,.T.);
#696=EDGE_CURVE('',#572,#572,#352,.T.);
#697=EDGE_CURVE('',#551,#573,#433,.T.);
#698=EDGE_CURVE('',#573,#573,#353,.T.);
#699=EDGE_CURVE('',#558,#574,#434,.T.);
#700=EDGE_CURVE('',#574,#574,#354,.T.);
#701=EDGE_CURVE('',#566,#575,#435,.T.);
#702=EDGE_CURVE('',#575,#575,#355,.T.);
#703=EDGE_CURVE('',#570,#576,#436,.T.);
#704=EDGE_CURVE('',#576,#576,#356,.T.);
#705=EDGE_CURVE('',#577,#577,#357,.T.);
#706=EDGE_CURVE('',#577,#578,#437,.T.);
#707=EDGE_CURVE('',#578,#578,#358,.T.);
#708=EDGE_CURVE('',#579,#579,#359,.T.);
#709=EDGE_CURVE('',#580,#580,#360,.T.);
#710=EDGE_CURVE('',#580,#579,#438,.T.);
#711=EDGE_CURVE('',#581,#581,#361,.T.);
#712=EDGE_CURVE('',#581,#582,#439,.T.);
#713=EDGE_CURVE('',#582,#582,#362,.T.);
#714=EDGE_CURVE('',#583,#583,#363,.T.);
#715=EDGE_CURVE('',#584,#584,#364,.T.);
#716=EDGE_CURVE('',#584,#583,#440,.T.);
#717=EDGE_CURVE('',#585,#585,#365,.T.);
#718=EDGE_CURVE('',#585,#586,#441,.T.);
#719=EDGE_CURVE('',#586,#586,#366,.T.);
#720=EDGE_CURVE('',#587,#587,#367,.T.);
#721=EDGE_CURVE('',#588,#588,#368,.T.);
#722=EDGE_CURVE('',#588,#587,#442,.T.);
#723=EDGE_CURVE('',#589,#589,#369,.T.);
#724=EDGE_CURVE('',#589,#590,#443,.T.);
#725=EDGE_CURVE('',#590,#590,#370,.T.);
#726=EDGE_CURVE('',#591,#591,#371,.T.);
#727=EDGE_CURVE('',#592,#592,#372,.T.);
#728=EDGE_CURVE('',#592,#591,#444,.T.);
#729=EDGE_CURVE('',#593,#593,#373,.T.);
#730=EDGE_CURVE('',#593,#594,#445,.T.);
#731=EDGE_CURVE('',#594,#594,#374,.T.);
#732=EDGE_CURVE('',#595,#595,#375,.T.);
#733=EDGE_CURVE('',#595,#596,#446,.T.);
#734=EDGE_CURVE('',#596,#596,#376,.T.);
#735=EDGE_CURVE('',#597,#597,#377,.T.);
#736=EDGE_CURVE('',#597,#598,#447,.T.);
#737=EDGE_CURVE('',#598,#598,#378,.T.);
#738=EDGE_CURVE('',#598,#599,#448,.T.);
#739=EDGE_CURVE('',#599,#599,#379,.T.);
#740=EDGE_CURVE('',#600,#600,#380,.T.);
#741=EDGE_CURVE('',#600,#601,#449,.T.);
#742=EDGE_CURVE('',#601,#601,#381,.T.);
#743=EDGE_CURVE('',#601,#602,#450,.T.);
#744=EDGE_CURVE('',#602,#602,#382,.T.);
#745=EDGE_CURVE('',#540,#603,#451,.T.);
#746=EDGE_CURVE('',#603,#603,#383,.T.);
#747=EDGE_CURVE('',#604,#604,#384,.T.);
#748=EDGE_CURVE('',#604,#605,#452,.T.);
#749=EDGE_CURVE('',#605,#605,#385,.T.);
#750=EDGE_CURVE('',#605,#606,#453,.T.);
#751=EDGE_CURVE('',#606,#606,#386,.T.);
#752=EDGE_CURVE('',#607,#607,#387,.T.);
#753=EDGE_CURVE('',#607,#608,#454,.T.);
#754=EDGE_CURVE('',#608,#608,#388,.T.);
#755=EDGE_CURVE('',#608,#609,#455,.T.);
#756=EDGE_CURVE('',#609,#609,#389,.T.);
#757=EDGE_CURVE('',#548,#610,#456,.T.);
#758=EDGE_CURVE('',#610,#610,#390,.T.);
#759=EDGE_CURVE('',#611,#611,#391,.T.);
#760=EDGE_CURVE('',#611,#612,#457,.T.);
#761=EDGE_CURVE('',#612,#612,#392,.T.);
#762=EDGE_CURVE('',#612,#613,#458,.T.);
#763=EDGE_CURVE('',#613,#613,#393,.T.);
#764=EDGE_CURVE('',#614,#614,#394,.T.);
#765=EDGE_CURVE('',#614,#615,#459,.T.);
#766=EDGE_CURVE('',#615,#615,#395,.T.);
#767=EDGE_CURVE('',#615,#616,#460,.T.);
#768=EDGE_CURVE('',#616,#616,#396,.T.);
#769=EDGE_CURVE('',#617,#617,#397,.T.);
#770=EDGE_CURVE('',#617,#618,#461,.T.);
#771=EDGE_CURVE('',#618,#618,#398,.T.);
#772=EDGE_CURVE('',#618,#619,#462,.T.);
#773=EDGE_CURVE('',#619,#619,#399,.T.);
#774=EDGE_CURVE('',#620,#620,#400,.T.);
#775=EDGE_CURVE('',#620,#621,#463,.T.);
#776=EDGE_CURVE('',#621,#621,#401,.T.);
#777=EDGE_CURVE('',#621,#622,#464,.T.);
#778=EDGE_CURVE('',#622,#622,#402,.T.);
#779=EDGE_CURVE('',#559,#623,#465,.T.);
#780=EDGE_CURVE('',#623,#623,#403,.T.);
#781=EDGE_CURVE('',#624,#624,#404,.T.);
#782=EDGE_CURVE('',#624,#625,#466,.T.);
#783=EDGE_CURVE('',#625,#625,#405,.T.);
#784=EDGE_CURVE('',#625,#626,#467,.T.);
#785=EDGE_CURVE('',#626,#626,#406,.T.);
#786=EDGE_CURVE('',#627,#627,#407,.T.);
#787=EDGE_CURVE('',#627,#628,#468,.T.);
#788=EDGE_CURVE('',#628,#628,#408,.T.);
#789=EDGE_CURVE('',#628,#629,#469,.T.);
#790=EDGE_CURVE('',#629,#629,#409,.T.);
#791=EDGE_CURVE('',#567,#630,#470,.T.);
#792=EDGE_CURVE('',#630,#630,#410,.T.);
#793=EDGE_CURVE('',#631,#631,#411,.T.);
#794=EDGE_CURVE('',#631,#632,#471,.T.);
#795=EDGE_CURVE('',#632,#632,#412,.T.);
#796=EDGE_CURVE('',#632,#633,#472,.T.);
#797=EDGE_CURVE('',#633,#633,#413,.T.);
#798=EDGE_CURVE('',#634,#634,#414,.T.);
#799=EDGE_CURVE('',#634,#635,#473,.T.);
#800=EDGE_CURVE('',#635,#635,#415,.T.);
#801=EDGE_CURVE('',#635,#636,#474,.T.);
#802=EDGE_CURVE('',#636,#636,#416,.T.);
#803=EDGE_CURVE('',#637,#637,#417,.T.);
#804=EDGE_CURVE('',#637,#638,#475,.T.);
#805=EDGE_CURVE('',#638,#638,#418,.T.);
#806=EDGE_CURVE('',#639,#639,#419,.T.);
#807=EDGE_CURVE('',#639,#640,#476,.T.);
#808=EDGE_CURVE('',#640,#640,#420,.T.);
#809=ORIENTED_EDGE('',*,*,#641,.F.);
#810=ORIENTED_EDGE('',*,*,#642,.T.);
#811=ORIENTED_EDGE('',*,*,#643,.F.);
#812=ORIENTED_EDGE('',*,*,#644,.F.);
#813=ORIENTED_EDGE('',*,*,#645,.F.);
#814=ORIENTED_EDGE('',*,*,#646,.F.);
#815=ORIENTED_EDGE('',*,*,#647,.F.);
#816=ORIENTED_EDGE('',*,*,#642,.F.);
#817=ORIENTED_EDGE('',*,*,#648,.F.);
#818=ORIENTED_EDGE('',*,*,#646,.T.);
#819=ORIENTED_EDGE('',*,*,#649,.F.);
#820=ORIENTED_EDGE('',*,*,#644,.T.);
#821=ORIENTED_EDGE('',*,*,#650,.F.);
#822=ORIENTED_EDGE('',*,*,#651,.F.);
#823=ORIENTED_EDGE('',*,*,#652,.F.);
#824=ORIENTED_EDGE('',*,*,#653,.T.);
#825=ORIENTED_EDGE('',*,*,#654,.F.);
#826=ORIENTED_EDGE('',*,*,#655,.F.);
#827=ORIENTED_EDGE('',*,*,#656,.F.);
#828=ORIENTED_EDGE('',*,*,#657,.F.);
#829=ORIENTED_EDGE('',*,*,#658,.F.);
#830=ORIENTED_EDGE('',*,*,#653,.F.);
#831=ORIENTED_EDGE('',*,*,#659,.F.);
#832=ORIENTED_EDGE('',*,*,#657,.T.);
#833=ORIENTED_EDGE('',*,*,#660,.F.);
#834=ORIENTED_EDGE('',*,*,#655,.T.);
#835=ORIENTED_EDGE('',*,*,#661,.F.);
#836=ORIENTED_EDGE('',*,*,#662,.F.);
#837=ORIENTED_EDGE('',*,*,#663,.F.);
#838=ORIENTED_EDGE('',*,*,#664,.T.);
#839=ORIENTED_EDGE('',*,*,#665,.T.);
#840=ORIENTED_EDGE('',*,*,#664,.F.);
#841=ORIENTED_EDGE('',*,*,#665,.F.);
#842=ORIENTED_EDGE('',*,*,#666,.F.);
#843=ORIENTED_EDGE('',*,*,#667,.F.);
#844=ORIENTED_EDGE('',*,*,#668,.T.);
#845=ORIENTED_EDGE('',*,*,#669,.F.);
#846=ORIENTED_EDGE('',*,*,#670,.F.);
#847=ORIENTED_EDGE('',*,*,#671,.F.);
#848=ORIENTED_EDGE('',*,*,#672,.F.);
#849=ORIENTED_EDGE('',*,*,#673,.F.);
#850=ORIENTED_EDGE('',*,*,#668,.F.);
#851=ORIENTED_EDGE('',*,*,#674,.F.);
#852=ORIENTED_EDGE('',*,*,#672,.T.);
#853=ORIENTED_EDGE('',*,*,#675,.F.);
#854=ORIENTED_EDGE('',*,*,#670,.T.);
#855=ORIENTED_EDGE('',*,*,#676,.F.);
#856=ORIENTED_EDGE('',*,*,#677,.F.);
#857=ORIENTED_EDGE('',*,*,#678,.F.);
#858=ORIENTED_EDGE('',*,*,#679,.T.);
#859=ORIENTED_EDGE('',*,*,#680,.F.);
#860=ORIENTED_EDGE('',*,*,#681,.F.);
#861=ORIENTED_EDGE('',*,*,#682,.F.);
#862=ORIENTED_EDGE('',*,*,#683,.F.);
#863=ORIENTED_EDGE('',*,*,#684,.F.);
#864=ORIENTED_EDGE('',*,*,#679,.F.);
#865=ORIENTED_EDGE('',*,*,#685,.F.);
#866=ORIENTED_EDGE('',*,*,#683,.T.);
#867=ORIENTED_EDGE('',*,*,#686,.F.);
#868=ORIENTED_EDGE('',*,*,#681,.T.);
#869=ORIENTED_EDGE('',*,*,#687,.F.);
#870=ORIENTED_EDGE('',*,*,#688,.F.);
#871=ORIENTED_EDGE('',*,*,#689,.F.);
#872=ORIENTED_EDGE('',*,*,#690,.T.);
#873=ORIENTED_EDGE('',*,*,#691,.T.);
#874=ORIENTED_EDGE('',*,*,#690,.F.);
#875=ORIENTED_EDGE('',*,*,#691,.F.);
#876=ORIENTED_EDGE('',*,*,#692,.F.);
#877=ORIENTED_EDGE('',*,*,#648,.T.);
#878=ORIENTED_EDGE('',*,*,#693,.T.);
#879=ORIENTED_EDGE('',*,*,#694,.F.);
#880=ORIENTED_EDGE('',*,*,#693,.F.);
#881=ORIENTED_EDGE('',*,*,#659,.T.);
#882=ORIENTED_EDGE('',*,*,#695,.T.);
#883=ORIENTED_EDGE('',*,*,#696,.F.);
#884=ORIENTED_EDGE('',*,*,#695,.F.);
#885=ORIENTED_EDGE('',*,*,#666,.T.);
#886=ORIENTED_EDGE('',*,*,#697,.T.);
#887=ORIENTED_EDGE('',*,*,#698,.F.);
#888=ORIENTED_EDGE('',*,*,#697,.F.);
#889=ORIENTED_EDGE('',*,*,#674,.T.);
#890=ORIENTED_EDGE('',*,*,#699,.T.);
#891=ORIENTED_EDGE('',*,*,#700,.F.);
#892=ORIENTED_EDGE('',*,*,#699,.F.);
#893=ORIENTED_EDGE('',*,*,#685,.T.);
#894=ORIENTED_EDGE('',*,*,#701,.T.);
#895=ORIENTED_EDGE('',*,*,#702,.F.);
#896=ORIENTED_EDGE('',*,*,#701,.F.);
#897=ORIENTED_EDGE('',*,*,#692,.T.);
#898=ORIENTED_EDGE('',*,*,#703,.T.);
#899=ORIENTED_EDGE('',*,*,#704,.F.);
#900=ORIENTED_EDGE('',*,*,#703,.F.);
#901=ORIENTED_EDGE('',*,*,#705,.T.);
#902=ORIENTED_EDGE('',*,*,#706,.T.);
#903=ORIENTED_EDGE('',*,*,#707,.F.);
#904=ORIENTED_EDGE('',*,*,#706,.F.);
#905=ORIENTED_EDGE('',*,*,#705,.F.);
#906=ORIENTED_EDGE('',*,*,#708,.F.);
#907=ORIENTED_EDGE('',*,*,#709,.F.);
#908=ORIENTED_EDGE('',*,*,#710,.T.);
#909=ORIENTED_EDGE('',*,*,#708,.T.);
#910=ORIENTED_EDGE('',*,*,#710,.F.);
#911=ORIENTED_EDGE('',*,*,#711,.T.);
#912=ORIENTED_EDGE('',*,*,#712,.T.);
#913=ORIENTED_EDGE('',*,*,#713,.F.);
#914=ORIENTED_EDGE('',*,*,#712,.F.);
#915=ORIENTED_EDGE('',*,*,#711,.F.);
#916=ORIENTED_EDGE('',*,*,#714,.F.);
#917=ORIENTED_EDGE('',*,*,#715,.F.);
#918=ORIENTED_EDGE('',*,*,#716,.T.);
#919=ORIENTED_EDGE('',*,*,#714,.T.);
#920=ORIENTED_EDGE('',*,*,#716,.F.);
#921=ORIENTED_EDGE('',*,*,#717,.T.);
#922=ORIENTED_EDGE('',*,*,#718,.T.);
#923=ORIENTED_EDGE('',*,*,#719,.F.);
#924=ORIENTED_EDGE('',*,*,#718,.F.);
#925=ORIENTED_EDGE('',*,*,#717,.F.);
#926=ORIENTED_EDGE('',*,*,#720,.F.);
#927=ORIENTED_EDGE('',*,*,#721,.F.);
#928=ORIENTED_EDGE('',*,*,#722,.T.);
#929=ORIENTED_EDGE('',*,*,#720,.T.);
#930=ORIENTED_EDGE('',*,*,#722,.F.);
#931=ORIENTED_EDGE('',*,*,#723,.T.);
#932=ORIENTED_EDGE('',*,*,#724,.T.);
#933=ORIENTED_EDGE('',*,*,#725,.F.);
#934=ORIENTED_EDGE('',*,*,#724,.F.);
#935=ORIENTED_EDGE('',*,*,#723,.F.);
#936=ORIENTED_EDGE('',*,*,#726,.F.);
#937=ORIENTED_EDGE('',*,*,#727,.F.);
#938=ORIENTED_EDGE('',*,*,#728,.T.);
#939=ORIENTED_EDGE('',*,*,#726,.T.);
#940=ORIENTED_EDGE('',*,*,#728,.F.);
#941=ORIENTED_EDGE('',*,*,#729,.F.);
#942=ORIENTED_EDGE('',*,*,#730,.T.);
#943=ORIENTED_EDGE('',*,*,#731,.F.);
#944=ORIENTED_EDGE('',*,*,#730,.F.);
#945=ORIENTED_EDGE('',*,*,#732,.F.);
#946=ORIENTED_EDGE('',*,*,#733,.T.);
#947=ORIENTED_EDGE('',*,*,#734,.T.);
#948=ORIENTED_EDGE('',*,*,#733,.F.);
#949=ORIENTED_EDGE('',*,*,#734,.F.);
#950=ORIENTED_EDGE('',*,*,#729,.T.);
#951=ORIENTED_EDGE('',*,*,#735,.F.);
#952=ORIENTED_EDGE('',*,*,#736,.T.);
#953=ORIENTED_EDGE('',*,*,#737,.F.);
#954=ORIENTED_EDGE('',*,*,#736,.F.);
#955=ORIENTED_EDGE('',*,*,#737,.T.);
#956=ORIENTED_EDGE('',*,*,#738,.T.);
#957=ORIENTED_EDGE('',*,*,#739,.F.);
#958=ORIENTED_EDGE('',*,*,#738,.F.);
#959=ORIENTED_EDGE('',*,*,#740,.F.);
#960=ORIENTED_EDGE('',*,*,#741,.T.);
#961=ORIENTED_EDGE('',*,*,#742,.F.);
#962=ORIENTED_EDGE('',*,*,#741,.F.);
#963=ORIENTED_EDGE('',*,*,#742,.T.);
#964=ORIENTED_EDGE('',*,*,#743,.T.);
#965=ORIENTED_EDGE('',*,*,#744,.F.);
#966=ORIENTED_EDGE('',*,*,#743,.F.);
#967=ORIENTED_EDGE('',*,*,#641,.T.);
#968=ORIENTED_EDGE('',*,*,#651,.T.);
#969=ORIENTED_EDGE('',*,*,#745,.T.);
#970=ORIENTED_EDGE('',*,*,#746,.F.);
#971=ORIENTED_EDGE('',*,*,#745,.F.);
#972=ORIENTED_EDGE('',*,*,#650,.T.);
#973=ORIENTED_EDGE('',*,*,#643,.T.);
#974=ORIENTED_EDGE('',*,*,#647,.T.);
#975=ORIENTED_EDGE('',*,*,#747,.F.);
#976=ORIENTED_EDGE('',*,*,#748,.T.);
#977=ORIENTED_EDGE('',*,*,#749,.F.);
#978=ORIENTED_EDGE('',*,*,#748,.F.);
#979=ORIENTED_EDGE('',*,*,#749,.T.);
#980=ORIENTED_EDGE('',*,*,#750,.T.);
#981=ORIENTED_EDGE('',*,*,#751,.F.);
#982=ORIENTED_EDGE('',*,*,#750,.F.);
#983=ORIENTED_EDGE('',*,*,#752,.F.);
#984=ORIENTED_EDGE('',*,*,#753,.T.);
#985=ORIENTED_EDGE('',*,*,#754,.F.);
#986=ORIENTED_EDGE('',*,*,#753,.F.);
#987=ORIENTED_EDGE('',*,*,#754,.T.);
#988=ORIENTED_EDGE('',*,*,#755,.T.);
#989=ORIENTED_EDGE('',*,*,#756,.F.);
#990=ORIENTED_EDGE('',*,*,#755,.F.);
#991=ORIENTED_EDGE('',*,*,#652,.T.);
#992=ORIENTED_EDGE('',*,*,#662,.T.);
#993=ORIENTED_EDGE('',*,*,#757,.T.);
#994=ORIENTED_EDGE('',*,*,#758,.F.);
#995=ORIENTED_EDGE('',*,*,#757,.F.);
#996=ORIENTED_EDGE('',*,*,#661,.T.);
#997=ORIENTED_EDGE('',*,*,#654,.T.);
#998=ORIENTED_EDGE('',*,*,#658,.T.);
#999=ORIENTED_EDGE('',*,*,#759,.F.);
#1000=ORIENTED_EDGE('',*,*,#760,.T.);
#1001=ORIENTED_EDGE('',*,*,#761,.F.);
#1002=ORIENTED_EDGE('',*,*,#760,.F.);
#1003=ORIENTED_EDGE('',*,*,#761,.T.);
#1004=ORIENTED_EDGE('',*,*,#762,.T.);
#1005=ORIENTED_EDGE('',*,*,#763,.F.);
#1006=ORIENTED_EDGE('',*,*,#762,.F.);
#1007=ORIENTED_EDGE('',*,*,#764,.F.);
#1008=ORIENTED_EDGE('',*,*,#765,.T.);
#1009=ORIENTED_EDGE('',*,*,#766,.F.);
#1010=ORIENTED_EDGE('',*,*,#765,.F.);
#1011=ORIENTED_EDGE('',*,*,#766,.T.);
#1012=ORIENTED_EDGE('',*,*,#767,.T.);
#1013=ORIENTED_EDGE('',*,*,#768,.F.);
#1014=ORIENTED_EDGE('',*,*,#767,.F.);
#1015=ORIENTED_EDGE('',*,*,#769,.F.);
#1016=ORIENTED_EDGE('',*,*,#770,.T.);
#1017=ORIENTED_EDGE('',*,*,#771,.F.);
#1018=ORIENTED_EDGE('',*,*,#770,.F.);
#1019=ORIENTED_EDGE('',*,*,#771,.T.);
#1020=ORIENTED_EDGE('',*,*,#772,.T.);
#1021=ORIENTED_EDGE('',*,*,#773,.F.);
#1022=ORIENTED_EDGE('',*,*,#772,.F.);
#1023=ORIENTED_EDGE('',*,*,#774,.F.);
#1024=ORIENTED_EDGE('',*,*,#775,.T.);
#1025=ORIENTED_EDGE('',*,*,#776,.F.);
#1026=ORIENTED_EDGE('',*,*,#775,.F.);
#1027=ORIENTED_EDGE('',*,*,#776,.T.);
#1028=ORIENTED_EDGE('',*,*,#777,.T.);
#1029=ORIENTED_EDGE('',*,*,#778,.F.);
#1030=ORIENTED_EDGE('',*,*,#777,.F.);
#1031=ORIENTED_EDGE('',*,*,#667,.T.);
#1032=ORIENTED_EDGE('',*,*,#677,.T.);
#1033=ORIENTED_EDGE('',*,*,#779,.T.);
#1034=ORIENTED_EDGE('',*,*,#780,.F.);
#1035=ORIENTED_EDGE('',*,*,#779,.F.);
#1036=ORIENTED_EDGE('',*,*,#676,.T.);
#1037=ORIENTED_EDGE('',*,*,#669,.T.);
#1038=ORIENTED_EDGE('',*,*,#673,.T.);
#1039=ORIENTED_EDGE('',*,*,#781,.F.);
#1040=ORIENTED_EDGE('',*,*,#782,.T.);
#1041=ORIENTED_EDGE('',*,*,#783,.F.);
#1042=ORIENTED_EDGE('',*,*,#782,.F.);
#1043=ORIENTED_EDGE('',*,*,#783,.T.);
#1044=ORIENTED_EDGE('',*,*,#784,.T.);
#1045=ORIENTED_EDGE('',*,*,#785,.F.);
#1046=ORIENTED_EDGE('',*,*,#784,.F.);
#1047=ORIENTED_EDGE('',*,*,#786,.F.);
#1048=ORIENTED_EDGE('',*,*,#787,.T.);
#1049=ORIENTED_EDGE('',*,*,#788,.F.);
#1050=ORIENTED_EDGE('',*,*,#787,.F.);
#1051=ORIENTED_EDGE('',*,*,#788,.T.);
#1052=ORIENTED_EDGE('',*,*,#789,.T.);
#1053=ORIENTED_EDGE('',*,*,#790,.F.);
#1054=ORIENTED_EDGE('',*,*,#789,.F.);
#1055=ORIENTED_EDGE('',*,*,#678,.T.);
#1056=ORIENTED_EDGE('',*,*,#688,.T.);
#1057=ORIENTED_EDGE('',*,*,#791,.T.);
#1058=ORIENTED_EDGE('',*,*,#792,.F.);
#1059=ORIENTED_EDGE('',*,*,#791,.F.);
#1060=ORIENTED_EDGE('',*,*,#687,.T.);
#1061=ORIENTED_EDGE('',*,*,#680,.T.);
#1062=ORIENTED_EDGE('',*,*,#684,.T.);
#1063=ORIENTED_EDGE('',*,*,#793,.F.);
#1064=ORIENTED_EDGE('',*,*,#794,.T.);
#1065=ORIENTED_EDGE('',*,*,#795,.F.);
#1066=ORIENTED_EDGE('',*,*,#794,.F.);
#1067=ORIENTED_EDGE('',*,*,#795,.T.);
#1068=ORIENTED_EDGE('',*,*,#796,.T.);
#1069=ORIENTED_EDGE('',*,*,#797,.F.);
#1070=ORIENTED_EDGE('',*,*,#796,.F.);
#1071=ORIENTED_EDGE('',*,*,#798,.F.);
#1072=ORIENTED_EDGE('',*,*,#799,.T.);
#1073=ORIENTED_EDGE('',*,*,#800,.F.);
#1074=ORIENTED_EDGE('',*,*,#799,.F.);
#1075=ORIENTED_EDGE('',*,*,#800,.T.);
#1076=ORIENTED_EDGE('',*,*,#801,.T.);
#1077=ORIENTED_EDGE('',*,*,#802,.F.);
#1078=ORIENTED_EDGE('',*,*,#801,.F.);
#1079=ORIENTED_EDGE('',*,*,#803,.T.);
#1080=ORIENTED_EDGE('',*,*,#804,.T.);
#1081=ORIENTED_EDGE('',*,*,#805,.F.);
#1082=ORIENTED_EDGE('',*,*,#804,.F.);
#1083=ORIENTED_EDGE('',*,*,#803,.F.);
#1084=ORIENTED_EDGE('',*,*,#739,.T.);
#1085=ORIENTED_EDGE('',*,*,#746,.T.);
#1086=ORIENTED_EDGE('',*,*,#756,.T.);
#1087=ORIENTED_EDGE('',*,*,#763,.T.);
#1088=ORIENTED_EDGE('',*,*,#773,.T.);
#1089=ORIENTED_EDGE('',*,*,#778,.T.);
#1090=ORIENTED_EDGE('',*,*,#780,.T.);
#1091=ORIENTED_EDGE('',*,*,#785,.T.);
#1092=ORIENTED_EDGE('',*,*,#790,.T.);
#1093=ORIENTED_EDGE('',*,*,#792,.T.);
#1094=ORIENTED_EDGE('',*,*,#797,.T.);
#1095=ORIENTED_EDGE('',*,*,#802,.T.);
#1096=ORIENTED_EDGE('',*,*,#768,.T.);
#1097=ORIENTED_EDGE('',*,*,#758,.T.);
#1098=ORIENTED_EDGE('',*,*,#751,.T.);
#1099=ORIENTED_EDGE('',*,*,#744,.T.);
#1100=ORIENTED_EDGE('',*,*,#731,.T.);
#1101=ORIENTED_EDGE('',*,*,#725,.T.);
#1102=ORIENTED_EDGE('',*,*,#719,.T.);
#1103=ORIENTED_EDGE('',*,*,#713,.T.);
#1104=ORIENTED_EDGE('',*,*,#707,.T.);
#1105=ORIENTED_EDGE('',*,*,#806,.F.);
#1106=ORIENTED_EDGE('',*,*,#807,.T.);
#1107=ORIENTED_EDGE('',*,*,#808,.F.);
#1108=ORIENTED_EDGE('',*,*,#807,.F.);
#1109=ORIENTED_EDGE('',*,*,#808,.T.);
#1110=ORIENTED_EDGE('',*,*,#689,.T.);
#1111=ORIENTED_EDGE('',*,*,#715,.T.);
#1112=ORIENTED_EDGE('',*,*,#727,.T.);
#1113=ORIENTED_EDGE('',*,*,#735,.T.);
#1114=ORIENTED_EDGE('',*,*,#740,.T.);
#1115=ORIENTED_EDGE('',*,*,#645,.T.);
#1116=ORIENTED_EDGE('',*,*,#649,.T.);
#1117=ORIENTED_EDGE('',*,*,#747,.T.);
#1118=ORIENTED_EDGE('',*,*,#752,.T.);
#1119=ORIENTED_EDGE('',*,*,#656,.T.);
#1120=ORIENTED_EDGE('',*,*,#660,.T.);
#1121=ORIENTED_EDGE('',*,*,#759,.T.);
#1122=ORIENTED_EDGE('',*,*,#764,.T.);
#1123=ORIENTED_EDGE('',*,*,#769,.T.);
#1124=ORIENTED_EDGE('',*,*,#774,.T.);
#1125=ORIENTED_EDGE('',*,*,#671,.T.);
#1126=ORIENTED_EDGE('',*,*,#675,.T.);
#1127=ORIENTED_EDGE('',*,*,#781,.T.);
#1128=ORIENTED_EDGE('',*,*,#786,.T.);
#1129=ORIENTED_EDGE('',*,*,#682,.T.);
#1130=ORIENTED_EDGE('',*,*,#686,.T.);
#1131=ORIENTED_EDGE('',*,*,#793,.T.);
#1132=ORIENTED_EDGE('',*,*,#798,.T.);
#1133=ORIENTED_EDGE('',*,*,#732,.T.);
#1134=ORIENTED_EDGE('',*,*,#721,.T.);
#1135=ORIENTED_EDGE('',*,*,#709,.T.);
#1136=ORIENTED_EDGE('',*,*,#663,.T.);
#1137=ORIENTED_EDGE('',*,*,#806,.T.);
#1138=ORIENTED_EDGE('',*,*,#694,.T.);
#1139=ORIENTED_EDGE('',*,*,#696,.T.);
#1140=ORIENTED_EDGE('',*,*,#698,.T.);
#1141=ORIENTED_EDGE('',*,*,#700,.T.);
#1142=ORIENTED_EDGE('',*,*,#702,.T.);
#1143=ORIENTED_EDGE('',*,*,#704,.T.);
#1144=ORIENTED_EDGE('',*,*,#805,.T.);
#1145=CYLINDRICAL_SURFACE('',#1269,3.25);
#1146=CYLINDRICAL_SURFACE('',#1279,3.25);
#1147=CYLINDRICAL_SURFACE('',#1289,3.25);
#1148=CYLINDRICAL_SURFACE('',#1294,3.25);
#1149=CYLINDRICAL_SURFACE('',#1304,3.25);
#1150=CYLINDRICAL_SURFACE('',#1314,3.25);
#1151=CYLINDRICAL_SURFACE('',#1319,1.6);
#1152=CYLINDRICAL_SURFACE('',#1321,1.6);
#1153=CYLINDRICAL_SURFACE('',#1323,1.6);
#1154=CYLINDRICAL_SURFACE('',#1325,1.6);
#1155=CYLINDRICAL_SURFACE('',#1327,1.6);
#1156=CYLINDRICAL_SURFACE('',#1329,1.6);
#1157=CYLINDRICAL_SURFACE('',#1331,3.);
#1158=CYLINDRICAL_SURFACE('',#1336,1.7);
#1159=CYLINDRICAL_SURFACE('',#1338,3.);
#1160=CYLINDRICAL_SURFACE('',#1343,1.7);
#1161=CYLINDRICAL_SURFACE('',#1345,3.);
#1162=CYLINDRICAL_SURFACE('',#1350,1.7);
#1163=CYLINDRICAL_SURFACE('',#1352,3.);
#1164=CYLINDRICAL_SURFACE('',#1357,1.7);
#1165=CYLINDRICAL_SURFACE('',#1359,7.);
#1166=CYLINDRICAL_SURFACE('',#1362,11.25);
#1167=CYLINDRICAL_SURFACE('',#1369,3.05);
#1168=CYLINDRICAL_SURFACE('',#1374,3.05);
#1169=CYLINDRICAL_SURFACE('',#1376,3.05);
#1170=CYLINDRICAL_SURFACE('',#1381,3.05);
#1171=CYLINDRICAL_SURFACE('',#1386,3.05);
#1172=CYLINDRICAL_SURFACE('',#1388,3.05);
#1173=CYLINDRICAL_SURFACE('',#1393,3.05);
#1174=CYLINDRICAL_SURFACE('',#1398,3.05);
#1175=CYLINDRICAL_SURFACE('',#1403,3.05);
#1176=CYLINDRICAL_SURFACE('',#1408,3.05);
#1177=CYLINDRICAL_SURFACE('',#1410,3.05);
#1178=CYLINDRICAL_SURFACE('',#1415,3.05);
#1179=CYLINDRICAL_SURFACE('',#1420,3.05);
#1180=CYLINDRICAL_SURFACE('',#1422,3.05);
#1181=CYLINDRICAL_SURFACE('',#1427,3.05);
#1182=CYLINDRICAL_SURFACE('',#1432,3.05);
#1183=CYLINDRICAL_SURFACE('',#1434,31.25);
#1184=CYLINDRICAL_SURFACE('',#1438,38.);
#1185=ADVANCED_FACE('',(#107),#1145,.F.);
#1186=ADVANCED_FACE('',(#108,#31),#93,.F.);
#1187=ADVANCED_FACE('',(#109),#15,.F.);
#1188=ADVANCED_FACE('',(#110),#1146,.F.);
#1189=ADVANCED_FACE('',(#111,#32),#94,.F.);
#1190=ADVANCED_FACE('',(#112),#16,.F.);
#1191=ADVANCED_FACE('',(#113),#1147,.F.);
#1192=ADVANCED_FACE('',(#114,#33),#95,.F.);
#1193=ADVANCED_FACE('',(#115),#1148,.F.);
#1194=ADVANCED_FACE('',(#116,#34),#96,.F.);
#1195=ADVANCED_FACE('',(#117),#17,.F.);
#1196=ADVANCED_FACE('',(#118),#1149,.F.);
#1197=ADVANCED_FACE('',(#119,#35),#97,.F.);
#1198=ADVANCED_FACE('',(#120),#18,.F.);
#1199=ADVANCED_FACE('',(#121),#1150,.F.);
#1200=ADVANCED_FACE('',(#122,#36),#98,.F.);
#1201=ADVANCED_FACE('',(#123),#1151,.F.);
#1202=ADVANCED_FACE('',(#124),#1152,.F.);
#1203=ADVANCED_FACE('',(#125),#1153,.F.);
#1204=ADVANCED_FACE('',(#126),#1154,.F.);
#1205=ADVANCED_FACE('',(#127),#1155,.F.);
#1206=ADVANCED_FACE('',(#128),#1156,.F.);
#1207=ADVANCED_FACE('',(#129),#1157,.F.);
#1208=ADVANCED_FACE('',(#130,#37),#99,.F.);
#1209=ADVANCED_FACE('',(#131),#1158,.F.);
#1210=ADVANCED_FACE('',(#132),#1159,.F.);
#1211=ADVANCED_FACE('',(#133,#38),#100,.F.);
#1212=ADVANCED_FACE('',(#134),#1160,.F.);
#1213=ADVANCED_FACE('',(#135),#1161,.F.);
#1214=ADVANCED_FACE('',(#136,#39),#101,.F.);
#1215=ADVANCED_FACE('',(#137),#1162,.F.);
#1216=ADVANCED_FACE('',(#138),#1163,.F.);
#1217=ADVANCED_FACE('',(#139,#40),#102,.F.);
#1218=ADVANCED_FACE('',(#140),#1164,.F.);
#1219=ADVANCED_FACE('',(#141),#1165,.F.);
#1220=ADVANCED_FACE('',(#142),#1166,.F.);
#1221=ADVANCED_FACE('',(#143,#41),#103,.F.);
#1222=ADVANCED_FACE('',(#144),#19,.F.);
#1223=ADVANCED_FACE('',(#145),#1167,.F.);
#1224=ADVANCED_FACE('',(#146),#20,.F.);
#1225=ADVANCED_FACE('',(#147),#1168,.F.);
#1226=ADVANCED_FACE('',(#148),#1169,.F.);
#1227=ADVANCED_FACE('',(#149),#21,.F.);
#1228=ADVANCED_FACE('',(#150),#1170,.F.);
#1229=ADVANCED_FACE('',(#151),#22,.F.);
#1230=ADVANCED_FACE('',(#152),#1171,.F.);
#1231=ADVANCED_FACE('',(#153),#1172,.F.);
#1232=ADVANCED_FACE('',(#154),#23,.F.);
#1233=ADVANCED_FACE('',(#155),#1173,.F.);
#1234=ADVANCED_FACE('',(#156),#24,.F.);
#1235=ADVANCED_FACE('',(#157),#1174,.F.);
#1236=ADVANCED_FACE('',(#158),#25,.F.);
#1237=ADVANCED_FACE('',(#159),#1175,.F.);
#1238=ADVANCED_FACE('',(#160),#26,.F.);
#1239=ADVANCED_FACE('',(#161),#1176,.F.);
#1240=ADVANCED_FACE('',(#162),#1177,.F.);
#1241=ADVANCED_FACE('',(#163),#27,.F.);
#1242=ADVANCED_FACE('',(#164),#1178,.F.);
#1243=ADVANCED_FACE('',(#165),#28,.F.);
#1244=ADVANCED_FACE('',(#166),#1179,.F.);
#1245=ADVANCED_FACE('',(#167),#1180,.F.);
#1246=ADVANCED_FACE('',(#168),#29,.F.);
#1247=ADVANCED_FACE('',(#169),#1181,.F.);
#1248=ADVANCED_FACE('',(#170),#30,.F.);
#1249=ADVANCED_FACE('',(#171),#1182,.F.);
#1250=ADVANCED_FACE('',(#172),#1183,.F.);
#1251=ADVANCED_FACE('',(#173,#42,#43,#44,#45,#46,#47,#48,#49,#50,#51,#52,
#53,#54,#55,#56,#57,#58,#59,#60,#61,#62),#104,.F.);
#1252=ADVANCED_FACE('',(#174),#1184,.T.);
#1253=ADVANCED_FACE('',(#175,#63,#64,#65,#66,#67,#68,#69,#70,#71,#72,#73,
#74,#75,#76,#77,#78,#79,#80,#81,#82,#83,#84,#85),#105,.T.);
#1254=ADVANCED_FACE('',(#176,#86,#87,#88,#89,#90,#91,#92),#106,.T.);
#1255=CLOSED_SHELL('',(#1185,#1186,#1187,#1188,#1189,#1190,#1191,#1192,
#1193,#1194,#1195,#1196,#1197,#1198,#1199,#1200,#1201,#1202,#1203,#1204,
#1205,#1206,#1207,#1208,#1209,#1210,#1211,#1212,#1213,#1214,#1215,#1216,
#1217,#1218,#1219,#1220,#1221,#1222,#1223,#1224,#1225,#1226,#1227,#1228,
#1229,#1230,#1231,#1232,#1233,#1234,#1235,#1236,#1237,#1238,#1239,#1240,
#1241,#1242,#1243,#1244,#1245,#1246,#1247,#1248,#1249,#1250,#1251,#1252,
#1253,#1254));
#1256=DERIVED_UNIT_ELEMENT(#1258,1.);
#1257=DERIVED_UNIT_ELEMENT(#2241,-3.);
#1258=(
MASS_UNIT()
NAMED_UNIT(*)
SI_UNIT(.KILO.,.GRAM.)
);
#1259=DERIVED_UNIT((#1256,#1257));
#1260=MEASURE_REPRESENTATION_ITEM('density measure',
POSITIVE_RATIO_MEASURE(7850.),#1259);
#1261=PROPERTY_DEFINITION_REPRESENTATION(#1266,#1263);
#1262=PROPERTY_DEFINITION_REPRESENTATION(#1267,#1264);
#1263=REPRESENTATION('material name',(#1265),#2238);
#1264=REPRESENTATION('density',(#1260),#2238);
#1265=DESCRIPTIVE_REPRESENTATION_ITEM('Steel','Steel');
#1266=PROPERTY_DEFINITION('material property','material name',#2248);
#1267=PROPERTY_DEFINITION('material property','density of part',#2248);
#1268=AXIS2_PLACEMENT_3D('',#1849,#1443,#1444);
#1269=AXIS2_PLACEMENT_3D('',#1850,#1445,#1446);
#1270=AXIS2_PLACEMENT_3D('',#1855,#1448,#1449);
#1271=AXIS2_PLACEMENT_3D('',#1866,#1451,#1452);
#1272=AXIS2_PLACEMENT_3D('',#1873,#1453,#1454);
#1273=AXIS2_PLACEMENT_3D('',#1874,#1455,#1456);
#1274=AXIS2_PLACEMENT_3D('',#1876,#1457,#1458);
#1275=AXIS2_PLACEMENT_3D('',#1877,#1459,#1460);
#1276=AXIS2_PLACEMENT_3D('',#1878,#1461,#1462);
#1277=AXIS2_PLACEMENT_3D('',#1880,#1463,#1464);
#1278=AXIS2_PLACEMENT_3D('',#1881,#1465,#1466);
#1279=AXIS2_PLACEMENT_3D('',#1882,#1467,#1468);
#1280=AXIS2_PLACEMENT_3D('',#1887,#1470,#1471);
#1281=AXIS2_PLACEMENT_3D('',#1898,#1473,#1474);
#1282=AXIS2_PLACEMENT_3D('',#1905,#1475,#1476);
#1283=AXIS2_PLACEMENT_3D('',#1906,#1477,#1478);
#1284=AXIS2_PLACEMENT_3D('',#1908,#1479,#1480);
#1285=AXIS2_PLACEMENT_3D('',#1909,#1481,#1482);
#1286=AXIS2_PLACEMENT_3D('',#1910,#1483,#1484);
#1287=AXIS2_PLACEMENT_3D('',#1912,#1485,#1486);
#1288=AXIS2_PLACEMENT_3D('',#1913,#1487,#1488);
#1289=AXIS2_PLACEMENT_3D('',#1914,#1489,#1490);
#1290=AXIS2_PLACEMENT_3D('',#1916,#1491,#1492);
#1291=AXIS2_PLACEMENT_3D('',#1919,#1494,#1495);
#1292=AXIS2_PLACEMENT_3D('',#1920,#1496,#1497);
#1293=AXIS2_PLACEMENT_3D('',#1922,#1498,#1499);
#1294=AXIS2_PLACEMENT_3D('',#1923,#1500,#1501);
#1295=AXIS2_PLACEMENT_3D('',#1928,#1503,#1504);
#1296=AXIS2_PLACEMENT_3D('',#1939,#1506,#1507);
#1297=AXIS2_PLACEMENT_3D('',#1946,#1508,#1509);
#1298=AXIS2_PLACEMENT_3D('',#1947,#1510,#1511);
#1299=AXIS2_PLACEMENT_3D('',#1949,#1512,#1513);
#1300=AXIS2_PLACEMENT_3D('',#1950,#1514,#1515);
#1301=AXIS2_PLACEMENT_3D('',#1951,#1516,#1517);
#1302=AXIS2_PLACEMENT_3D('',#1953,#1518,#1519);
#1303=AXIS2_PLACEMENT_3D('',#1954,#1520,#1521);
#1304=AXIS2_PLACEMENT_3D('',#1955,#1522,#1523);
#1305=AXIS2_PLACEMENT_3D('',#1960,#1525,#1526);
#1306=AXIS2_PLACEMENT_3D('',#1971,#1528,#1529);
#1307=AXIS2_PLACEMENT_3D('',#1978,#1530,#1531);
#1308=AXIS2_PLACEMENT_3D('',#1979,#1532,#1533);
#1309=AXIS2_PLACEMENT_3D('',#1981,#1534,#1535);
#1310=AXIS2_PLACEMENT_3D('',#1982,#1536,#1537);
#1311=AXIS2_PLACEMENT_3D('',#1983,#1538,#1539);
#1312=AXIS2_PLACEMENT_3D('',#1985,#1540,#1541);
#1313=AXIS2_PLACEMENT_3D('',#1986,#1542,#1543);
#1314=AXIS2_PLACEMENT_3D('',#1987,#1544,#1545);
#1315=AXIS2_PLACEMENT_3D('',#1989,#1546,#1547);
#1316=AXIS2_PLACEMENT_3D('',#1992,#1549,#1550);
#1317=AXIS2_PLACEMENT_3D('',#1993,#1551,#1552);
#1318=AXIS2_PLACEMENT_3D('',#1995,#1553,#1554);
#1319=AXIS2_PLACEMENT_3D('',#1996,#1555,#1556);
#1320=AXIS2_PLACEMENT_3D('',#1999,#1558,#1559);
#1321=AXIS2_PLACEMENT_3D('',#2000,#1560,#1561);
#1322=AXIS2_PLACEMENT_3D('',#2003,#1563,#1564);
#1323=AXIS2_PLACEMENT_3D('',#2004,#1565,#1566);
#1324=AXIS2_PLACEMENT_3D('',#2007,#1568,#1569);
#1325=AXIS2_PLACEMENT_3D('',#2008,#1570,#1571);
#1326=AXIS2_PLACEMENT_3D('',#2011,#1573,#1574);
#1327=AXIS2_PLACEMENT_3D('',#2012,#1575,#1576);
#1328=AXIS2_PLACEMENT_3D('',#2015,#1578,#1579);
#1329=AXIS2_PLACEMENT_3D('',#2016,#1580,#1581);
#1330=AXIS2_PLACEMENT_3D('',#2019,#1583,#1584);
#1331=AXIS2_PLACEMENT_3D('',#2020,#1585,#1586);
#1332=AXIS2_PLACEMENT_3D('',#2022,#1587,#1588);
#1333=AXIS2_PLACEMENT_3D('',#2025,#1590,#1591);
#1334=AXIS2_PLACEMENT_3D('',#2026,#1592,#1593);
#1335=AXIS2_PLACEMENT_3D('',#2028,#1594,#1595);
#1336=AXIS2_PLACEMENT_3D('',#2029,#1596,#1597);
#1337=AXIS2_PLACEMENT_3D('',#2031,#1598,#1599);
#1338=AXIS2_PLACEMENT_3D('',#2033,#1601,#1602);
#1339=AXIS2_PLACEMENT_3D('',#2035,#1603,#1604);
#1340=AXIS2_PLACEMENT_3D('',#2038,#1606,#1607);
#1341=AXIS2_PLACEMENT_3D('',#2039,#1608,#1609);
#1342=AXIS2_PLACEMENT_3D('',#2041,#1610,#1611);
#1343=AXIS2_PLACEMENT_3D('',#2042,#1612,#1613);
#1344=AXIS2_PLACEMENT_3D('',#2044,#1614,#1615);
#1345=AXIS2_PLACEMENT_3D('',#2046,#1617,#1618);
#1346=AXIS2_PLACEMENT_3D('',#2048,#1619,#1620);
#1347=AXIS2_PLACEMENT_3D('',#2051,#1622,#1623);
#1348=AXIS2_PLACEMENT_3D('',#2052,#1624,#1625);
#1349=AXIS2_PLACEMENT_3D('',#2054,#1626,#1627);
#1350=AXIS2_PLACEMENT_3D('',#2055,#1628,#1629);
#1351=AXIS2_PLACEMENT_3D('',#2057,#1630,#1631);
#1352=AXIS2_PLACEMENT_3D('',#2059,#1633,#1634);
#1353=AXIS2_PLACEMENT_3D('',#2061,#1635,#1636);
#1354=AXIS2_PLACEMENT_3D('',#2064,#1638,#1639);
#1355=AXIS2_PLACEMENT_3D('',#2065,#1640,#1641);
#1356=AXIS2_PLACEMENT_3D('',#2067,#1642,#1643);
#1357=AXIS2_PLACEMENT_3D('',#2068,#1644,#1645);
#1358=AXIS2_PLACEMENT_3D('',#2070,#1646,#1647);
#1359=AXIS2_PLACEMENT_3D('',#2072,#1649,#1650);
#1360=AXIS2_PLACEMENT_3D('',#2074,#1651,#1652);
#1361=AXIS2_PLACEMENT_3D('',#2077,#1654,#1655);
#1362=AXIS2_PLACEMENT_3D('',#2078,#1656,#1657);
#1363=AXIS2_PLACEMENT_3D('',#2080,#1658,#1659);
#1364=AXIS2_PLACEMENT_3D('',#2083,#1661,#1662);
#1365=AXIS2_PLACEMENT_3D('',#2084,#1663,#1664);
#1366=AXIS2_PLACEMENT_3D('',#2085,#1665,#1666);
#1367=AXIS2_PLACEMENT_3D('',#2087,#1667,#1668);
#1368=AXIS2_PLACEMENT_3D('',#2090,#1670,#1671);
#1369=AXIS2_PLACEMENT_3D('',#2091,#1672,#1673);
#1370=AXIS2_PLACEMENT_3D('',#2094,#1675,#1676);
#1371=AXIS2_PLACEMENT_3D('',#2095,#1677,#1678);
#1372=AXIS2_PLACEMENT_3D('',#2097,#1679,#1680);
#1373=AXIS2_PLACEMENT_3D('',#2100,#1682,#1683);
#1374=AXIS2_PLACEMENT_3D('',#2101,#1684,#1685);
#1375=AXIS2_PLACEMENT_3D('',#2104,#1687,#1688);
#1376=AXIS2_PLACEMENT_3D('',#2105,#1689,#1690);
#1377=AXIS2_PLACEMENT_3D('',#2108,#1692,#1693);
#1378=AXIS2_PLACEMENT_3D('',#2109,#1694,#1695);
#1379=AXIS2_PLACEMENT_3D('',#2111,#1696,#1697);
#1380=AXIS2_PLACEMENT_3D('',#2114,#1699,#1700);
#1381=AXIS2_PLACEMENT_3D('',#2115,#1701,#1702);
#1382=AXIS2_PLACEMENT_3D('',#2118,#1704,#1705);
#1383=AXIS2_PLACEMENT_3D('',#2119,#1706,#1707);
#1384=AXIS2_PLACEMENT_3D('',#2121,#1708,#1709);
#1385=AXIS2_PLACEMENT_3D('',#2124,#1711,#1712);
#1386=AXIS2_PLACEMENT_3D('',#2125,#1713,#1714);
#1387=AXIS2_PLACEMENT_3D('',#2128,#1716,#1717);
#1388=AXIS2_PLACEMENT_3D('',#2129,#1718,#1719);
#1389=AXIS2_PLACEMENT_3D('',#2132,#1721,#1722);
#1390=AXIS2_PLACEMENT_3D('',#2133,#1723,#1724);
#1391=AXIS2_PLACEMENT_3D('',#2135,#1725,#1726);
#1392=AXIS2_PLACEMENT_3D('',#2138,#1728,#1729);
#1393=AXIS2_PLACEMENT_3D('',#2139,#1730,#1731);
#1394=AXIS2_PLACEMENT_3D('',#2142,#1733,#1734);
#1395=AXIS2_PLACEMENT_3D('',#2143,#1735,#1736);
#1396=AXIS2_PLACEMENT_3D('',#2145,#1737,#1738);
#1397=AXIS2_PLACEMENT_3D('',#2148,#1740,#1741);
#1398=AXIS2_PLACEMENT_3D('',#2149,#1742,#1743);
#1399=AXIS2_PLACEMENT_3D('',#2152,#1745,#1746);
#1400=AXIS2_PLACEMENT_3D('',#2153,#1747,#1748);
#1401=AXIS2_PLACEMENT_3D('',#2155,#1749,#1750);
#1402=AXIS2_PLACEMENT_3D('',#2158,#1752,#1753);
#1403=AXIS2_PLACEMENT_3D('',#2159,#1754,#1755);
#1404=AXIS2_PLACEMENT_3D('',#2162,#1757,#1758);
#1405=AXIS2_PLACEMENT_3D('',#2163,#1759,#1760);
#1406=AXIS2_PLACEMENT_3D('',#2165,#1761,#1762);
#1407=AXIS2_PLACEMENT_3D('',#2168,#1764,#1765);
#1408=AXIS2_PLACEMENT_3D('',#2169,#1766,#1767);
#1409=AXIS2_PLACEMENT_3D('',#2172,#1769,#1770);
#1410=AXIS2_PLACEMENT_3D('',#2173,#1771,#1772);
#1411=AXIS2_PLACEMENT_3D('',#2176,#1774,#1775);
#1412=AXIS2_PLACEMENT_3D('',#2177,#1776,#1777);
#1413=AXIS2_PLACEMENT_3D('',#2179,#1778,#1779);
#1414=AXIS2_PLACEMENT_3D('',#2182,#1781,#1782);
#1415=AXIS2_PLACEMENT_3D('',#2183,#1783,#1784);
#1416=AXIS2_PLACEMENT_3D('',#2186,#1786,#1787);
#1417=AXIS2_PLACEMENT_3D('',#2187,#1788,#1789);
#1418=AXIS2_PLACEMENT_3D('',#2189,#1790,#1791);
#1419=AXIS2_PLACEMENT_3D('',#2192,#1793,#1794);
#1420=AXIS2_PLACEMENT_3D('',#2193,#1795,#1796);
#1421=AXIS2_PLACEMENT_3D('',#2196,#1798,#1799);
#1422=AXIS2_PLACEMENT_3D('',#2197,#1800,#1801);
#1423=AXIS2_PLACEMENT_3D('',#2200,#1803,#1804);
#1424=AXIS2_PLACEMENT_3D('',#2201,#1805,#1806);
#1425=AXIS2_PLACEMENT_3D('',#2203,#1807,#1808);
#1426=AXIS2_PLACEMENT_3D('',#2206,#1810,#1811);
#1427=AXIS2_PLACEMENT_3D('',#2207,#1812,#1813);
#1428=AXIS2_PLACEMENT_3D('',#2210,#1815,#1816);
#1429=AXIS2_PLACEMENT_3D('',#2211,#1817,#1818);
#1430=AXIS2_PLACEMENT_3D('',#2213,#1819,#1820);
#1431=AXIS2_PLACEMENT_3D('',#2216,#1822,#1823);
#1432=AXIS2_PLACEMENT_3D('',#2217,#1824,#1825);
#1433=AXIS2_PLACEMENT_3D('',#2220,#1827,#1828);
#1434=AXIS2_PLACEMENT_3D('',#2221,#1829,#1830);
#1435=AXIS2_PLACEMENT_3D('',#2223,#1831,#1832);
#1436=AXIS2_PLACEMENT_3D('',#2226,#1834,#1835);
#1437=AXIS2_PLACEMENT_3D('',#2227,#1836,#1837);
#1438=AXIS2_PLACEMENT_3D('',#2228,#1838,#1839);
#1439=AXIS2_PLACEMENT_3D('',#2230,#1840,#1841);
#1440=AXIS2_PLACEMENT_3D('',#2233,#1843,#1844);
#1441=AXIS2_PLACEMENT_3D('',#2234,#1845,#1846);
#1442=AXIS2_PLACEMENT_3D('',#2235,#1847,#1848);
#1443=DIRECTION('axis',(0.,0.,1.));
#1444=DIRECTION('refdir',(1.,0.,0.));
#1445=DIRECTION('center_axis',(0.,0.,1.));
#1446=DIRECTION('ref_axis',(0.175433604828031,-0.984491264713427,0.));
#1447=DIRECTION('',(0.,0.,-1.));
#1448=DIRECTION('center_axis',(0.,0.,1.));
#1449=DIRECTION('ref_axis',(1.,0.,0.));
#1450=DIRECTION('',(0.,0.,1.));
#1451=DIRECTION('center_axis',(0.,0.,1.));
#1452=DIRECTION('ref_axis',(1.,0.,0.));
#1453=DIRECTION('center_axis',(0.,0.,1.));
#1454=DIRECTION('ref_axis',(1.,0.,0.));
#1455=DIRECTION('center_axis',(0.,0.,-1.));
#1456=DIRECTION('ref_axis',(1.,0.,0.));
#1457=DIRECTION('center_axis',(0.,0.,-1.));
#1458=DIRECTION('ref_axis',(1.,0.,0.));
#1459=DIRECTION('center_axis',(0.,0.,-1.));
#1460=DIRECTION('ref_axis',(-0.17543360482803,0.984491264713427,0.));
#1461=DIRECTION('center_axis',(0.,0.,1.));
#1462=DIRECTION('ref_axis',(1.,0.,0.));
#1463=DIRECTION('center_axis',(0.,0.,-1.));
#1464=DIRECTION('ref_axis',(1.,0.,0.));
#1465=DIRECTION('center_axis',(0.,0.,-1.));
#1466=DIRECTION('ref_axis',(1.,0.,0.));
#1467=DIRECTION('center_axis',(0.,0.,1.));
#1468=DIRECTION('ref_axis',(-0.175433604828035,-0.984491264713426,0.));
#1469=DIRECTION('',(0.,0.,-1.));
#1470=DIRECTION('center_axis',(0.,0.,1.));
#1471=DIRECTION('ref_axis',(1.,0.,0.));
#1472=DIRECTION('',(0.,0.,1.));
#1473=DIRECTION('center_axis',(0.,0.,1.));
#1474=DIRECTION('ref_axis',(1.,0.,0.));
#1475=DIRECTION('center_axis',(0.,0.,1.));
#1476=DIRECTION('ref_axis',(1.,0.,0.));
#1477=DIRECTION('center_axis',(0.,0.,-1.));
#1478=DIRECTION('ref_axis',(1.,0.,0.));
#1479=DIRECTION('center_axis',(0.,0.,-1.));
#1480=DIRECTION('ref_axis',(1.,0.,0.));
#1481=DIRECTION('center_axis',(0.,0.,-1.));
#1482=DIRECTION('ref_axis',(0.175433604828034,0.984491264713426,0.));
#1483=DIRECTION('center_axis',(0.,0.,1.));
#1484=DIRECTION('ref_axis',(1.,0.,0.));
#1485=DIRECTION('center_axis',(0.,0.,-1.));
#1486=DIRECTION('ref_axis',(1.,0.,0.));
#1487=DIRECTION('center_axis',(0.,0.,-1.));
#1488=DIRECTION('ref_axis',(1.,0.,0.));
#1489=DIRECTION('center_axis',(0.,0.,1.));
#1490=DIRECTION('ref_axis',(1.,0.,0.));
#1491=DIRECTION('center_axis',(0.,0.,1.));
#1492=DIRECTION('ref_axis',(1.,0.,0.));
#1493=DIRECTION('',(0.,0.,1.));
#1494=DIRECTION('center_axis',(0.,0.,1.));
#1495=DIRECTION('ref_axis',(1.,0.,0.));
#1496=DIRECTION('center_axis',(0.,0.,1.));
#1497=DIRECTION('ref_axis',(1.,0.,0.));
#1498=DIRECTION('center_axis',(0.,0.,-1.));
#1499=DIRECTION('ref_axis',(1.,0.,0.));
#1500=DIRECTION('center_axis',(0.,0.,1.));
#1501=DIRECTION('ref_axis',(-0.175433604828032,0.984491264713427,0.));
#1502=DIRECTION('',(0.,0.,-1.));
#1503=DIRECTION('center_axis',(0.,0.,1.));
#1504=DIRECTION('ref_axis',(1.,0.,0.));
#1505=DIRECTION('',(0.,0.,1.));
#1506=DIRECTION('center_axis',(0.,0.,1.));
#1507=DIRECTION('ref_axis',(1.,0.,0.));
#1508=DIRECTION('center_axis',(0.,0.,1.));
#1509=DIRECTION('ref_axis',(1.,0.,0.));
#1510=DIRECTION('center_axis',(0.,0.,-1.));
#1511=DIRECTION('ref_axis',(1.,0.,0.));
#1512=DIRECTION('center_axis',(0.,0.,-1.));
#1513=DIRECTION('ref_axis',(1.,0.,0.));
#1514=DIRECTION('center_axis',(0.,0.,-1.));
#1515=DIRECTION('ref_axis',(0.175433604828033,-0.984491264713426,0.));
#1516=DIRECTION('center_axis',(0.,0.,1.));
#1517=DIRECTION('ref_axis',(1.,0.,0.));
#1518=DIRECTION('center_axis',(0.,0.,-1.));
#1519=DIRECTION('ref_axis',(1.,0.,0.));
#1520=DIRECTION('center_axis',(0.,0.,-1.));
#1521=DIRECTION('ref_axis',(1.,0.,0.));
#1522=DIRECTION('center_axis',(0.,0.,1.));
#1523=DIRECTION('ref_axis',(0.175433604828033,0.984491264713426,0.));
#1524=DIRECTION('',(0.,0.,-1.));
#1525=DIRECTION('center_axis',(0.,0.,1.));
#1526=DIRECTION('ref_axis',(1.,0.,0.));
#1527=DIRECTION('',(0.,0.,1.));
#1528=DIRECTION('center_axis',(0.,0.,1.));
#1529=DIRECTION('ref_axis',(1.,0.,0.));
#1530=DIRECTION('center_axis',(0.,0.,1.));
#1531=DIRECTION('ref_axis',(1.,0.,0.));
#1532=DIRECTION('center_axis',(0.,0.,-1.));
#1533=DIRECTION('ref_axis',(1.,0.,0.));
#1534=DIRECTION('center_axis',(0.,0.,-1.));
#1535=DIRECTION('ref_axis',(1.,0.,0.));
#1536=DIRECTION('center_axis',(0.,0.,-1.));
#1537=DIRECTION('ref_axis',(-0.175433604828033,-0.984491264713426,0.));
#1538=DIRECTION('center_axis',(0.,0.,1.));
#1539=DIRECTION('ref_axis',(1.,0.,0.));
#1540=DIRECTION('center_axis',(0.,0.,-1.));
#1541=DIRECTION('ref_axis',(1.,0.,0.));
#1542=DIRECTION('center_axis',(0.,0.,-1.));
#1543=DIRECTION('ref_axis',(1.,0.,0.));
#1544=DIRECTION('center_axis',(0.,0.,1.));
#1545=DIRECTION('ref_axis',(1.,0.,0.));
#1546=DIRECTION('center_axis',(0.,0.,1.));
#1547=DIRECTION('ref_axis',(1.,0.,0.));
#1548=DIRECTION('',(0.,0.,1.));
#1549=DIRECTION('center_axis',(0.,0.,1.));
#1550=DIRECTION('ref_axis',(1.,0.,0.));
#1551=DIRECTION('center_axis',(0.,0.,1.));
#1552=DIRECTION('ref_axis',(1.,0.,0.));
#1553=DIRECTION('center_axis',(0.,0.,-1.));
#1554=DIRECTION('ref_axis',(1.,0.,0.));
#1555=DIRECTION('center_axis',(0.,0.,1.));
#1556=DIRECTION('ref_axis',(1.,0.,0.));
#1557=DIRECTION('',(0.,0.,1.));
#1558=DIRECTION('center_axis',(0.,0.,-1.));
#1559=DIRECTION('ref_axis',(1.,0.,0.));
#1560=DIRECTION('center_axis',(0.,0.,1.));
#1561=DIRECTION('ref_axis',(1.,0.,0.));
#1562=DIRECTION('',(0.,0.,1.));
#1563=DIRECTION('center_axis',(0.,0.,-1.));
#1564=DIRECTION('ref_axis',(1.,0.,0.));
#1565=DIRECTION('center_axis',(0.,0.,1.));
#1566=DIRECTION('ref_axis',(1.,0.,0.));
#1567=DIRECTION('',(0.,0.,1.));
#1568=DIRECTION('center_axis',(0.,0.,-1.));
#1569=DIRECTION('ref_axis',(1.,0.,0.));
#1570=DIRECTION('center_axis',(0.,0.,1.));
#1571=DIRECTION('ref_axis',(1.,0.,0.));
#1572=DIRECTION('',(0.,0.,1.));
#1573=DIRECTION('center_axis',(0.,0.,-1.));
#1574=DIRECTION('ref_axis',(1.,0.,0.));
#1575=DIRECTION('center_axis',(0.,0.,1.));
#1576=DIRECTION('ref_axis',(1.,0.,0.));
#1577=DIRECTION('',(0.,0.,1.));
#1578=DIRECTION('center_axis',(0.,0.,-1.));
#1579=DIRECTION('ref_axis',(1.,0.,0.));
#1580=DIRECTION('center_axis',(0.,0.,1.));
#1581=DIRECTION('ref_axis',(1.,0.,0.));
#1582=DIRECTION('',(0.,0.,1.));
#1583=DIRECTION('center_axis',(0.,0.,-1.));
#1584=DIRECTION('ref_axis',(1.,0.,0.));
#1585=DIRECTION('center_axis',(0.,0.,1.));
#1586=DIRECTION('ref_axis',(1.,0.,0.));
#1587=DIRECTION('center_axis',(0.,0.,-1.));
#1588=DIRECTION('ref_axis',(1.,0.,0.));
#1589=DIRECTION('',(0.,0.,1.));
#1590=DIRECTION('center_axis',(0.,0.,-1.));
#1591=DIRECTION('ref_axis',(1.,0.,0.));
#1592=DIRECTION('center_axis',(0.,0.,-1.));
#1593=DIRECTION('ref_axis',(-1.,0.,0.));
#1594=DIRECTION('center_axis',(0.,0.,1.));
#1595=DIRECTION('ref_axis',(1.,0.,0.));
#1596=DIRECTION('center_axis',(0.,0.,1.));
#1597=DIRECTION('ref_axis',(1.,0.,0.));
#1598=DIRECTION('center_axis',(0.,0.,1.));
#1599=DIRECTION('ref_axis',(1.,0.,0.));
#1600=DIRECTION('',(0.,0.,1.));
#1601=DIRECTION('center_axis',(0.,0.,1.));
#1602=DIRECTION('ref_axis',(1.,0.,0.));
#1603=DIRECTION('center_axis',(0.,0.,-1.));
#1604=DIRECTION('ref_axis',(1.,0.,0.));
#1605=DIRECTION('',(0.,0.,1.));
#1606=DIRECTION('center_axis',(0.,0.,-1.));
#1607=DIRECTION('ref_axis',(1.,0.,0.));
#1608=DIRECTION('center_axis',(0.,0.,-1.));
#1609=DIRECTION('ref_axis',(-1.,0.,0.));
#1610=DIRECTION('center_axis',(0.,0.,1.));
#1611=DIRECTION('ref_axis',(1.,0.,0.));
#1612=DIRECTION('center_axis',(0.,0.,1.));
#1613=DIRECTION('ref_axis',(1.,0.,0.));
#1614=DIRECTION('center_axis',(0.,0.,1.));
#1615=DIRECTION('ref_axis',(1.,0.,0.));
#1616=DIRECTION('',(0.,0.,1.));
#1617=DIRECTION('center_axis',(0.,0.,1.));
#1618=DIRECTION('ref_axis',(1.,0.,0.));
#1619=DIRECTION('center_axis',(0.,0.,-1.));
#1620=DIRECTION('ref_axis',(1.,0.,0.));
#1621=DIRECTION('',(0.,0.,1.));
#1622=DIRECTION('center_axis',(0.,0.,-1.));
#1623=DIRECTION('ref_axis',(1.,0.,0.));
#1624=DIRECTION('center_axis',(0.,0.,-1.));
#1625=DIRECTION('ref_axis',(-1.,0.,0.));
#1626=DIRECTION('center_axis',(0.,0.,1.));
#1627=DIRECTION('ref_axis',(1.,0.,0.));
#1628=DIRECTION('center_axis',(0.,0.,1.));
#1629=DIRECTION('ref_axis',(1.,0.,0.));
#1630=DIRECTION('center_axis',(0.,0.,1.));
#1631=DIRECTION('ref_axis',(1.,0.,0.));
#1632=DIRECTION('',(0.,0.,1.));
#1633=DIRECTION('center_axis',(0.,0.,1.));
#1634=DIRECTION('ref_axis',(1.,0.,0.));
#1635=DIRECTION('center_axis',(0.,0.,-1.));
#1636=DIRECTION('ref_axis',(1.,0.,0.));
#1637=DIRECTION('',(0.,0.,1.));
#1638=DIRECTION('center_axis',(0.,0.,-1.));
#1639=DIRECTION('ref_axis',(1.,0.,0.));
#1640=DIRECTION('center_axis',(0.,0.,-1.));
#1641=DIRECTION('ref_axis',(-1.,0.,0.));
#1642=DIRECTION('center_axis',(0.,0.,1.));
#1643=DIRECTION('ref_axis',(1.,0.,0.));
#1644=DIRECTION('center_axis',(0.,0.,1.));
#1645=DIRECTION('ref_axis',(1.,0.,0.));
#1646=DIRECTION('center_axis',(0.,0.,1.));
#1647=DIRECTION('ref_axis',(1.,0.,0.));
#1648=DIRECTION('',(0.,0.,1.));
#1649=DIRECTION('center_axis',(0.,0.,1.));
#1650=DIRECTION('ref_axis',(1.,0.,0.));
#1651=DIRECTION('center_axis',(0.,0.,1.));
#1652=DIRECTION('ref_axis',(1.,0.,0.));
#1653=DIRECTION('',(0.,0.,1.));
#1654=DIRECTION('center_axis',(0.,0.,-1.));
#1655=DIRECTION('ref_axis',(1.,0.,0.));
#1656=DIRECTION('center_axis',(0.,0.,1.));
#1657=DIRECTION('ref_axis',(1.,0.,0.));
#1658=DIRECTION('center_axis',(0.,0.,1.));
#1659=DIRECTION('ref_axis',(1.,0.,0.));
#1660=DIRECTION('',(0.,0.,1.));
#1661=DIRECTION('center_axis',(0.,0.,1.));
#1662=DIRECTION('ref_axis',(1.,0.,0.));
#1663=DIRECTION('center_axis',(0.,0.,1.));
#1664=DIRECTION('ref_axis',(1.,0.,0.));
#1665=DIRECTION('center_axis',(0.,0.,-1.));
#1666=DIRECTION('ref_axis',(1.,0.,0.));
#1667=DIRECTION('center_axis',(0.,0.,1.));
#1668=DIRECTION('ref_axis',(1.,0.,0.));
#1669=DIRECTION('',(0.701238976116888,8.58770067538914E-17,0.712926292385503));
#1670=DIRECTION('center_axis',(0.,0.,-1.));
#1671=DIRECTION('ref_axis',(1.,0.,0.));
#1672=DIRECTION('center_axis',(0.,0.,1.));
#1673=DIRECTION('ref_axis',(1.,0.,0.));
#1674=DIRECTION('',(0.,0.,1.));
#1675=DIRECTION('center_axis',(0.,0.,-1.));
#1676=DIRECTION('ref_axis',(1.,0.,0.));
#1677=DIRECTION('center_axis',(0.,0.,-1.));
#1678=DIRECTION('ref_axis',(1.,0.,0.));
#1679=DIRECTION('center_axis',(0.,0.,1.));
#1680=DIRECTION('ref_axis',(1.,0.,0.));
#1681=DIRECTION('',(0.701238976116888,8.58770067538914E-17,0.712926292385503));
#1682=DIRECTION('center_axis',(0.,0.,-1.));
#1683=DIRECTION('ref_axis',(1.,0.,0.));
#1684=DIRECTION('center_axis',(0.,0.,1.));
#1685=DIRECTION('ref_axis',(1.,0.,0.));
#1686=DIRECTION('',(0.,0.,1.));
#1687=DIRECTION('center_axis',(0.,0.,-1.));
#1688=DIRECTION('ref_axis',(1.,0.,0.));
#1689=DIRECTION('center_axis',(0.,0.,1.));
#1690=DIRECTION('ref_axis',(1.,0.,0.));
#1691=DIRECTION('',(0.,0.,1.));
#1692=DIRECTION('center_axis',(0.,0.,-1.));
#1693=DIRECTION('ref_axis',(1.,0.,0.));
#1694=DIRECTION('center_axis',(0.,0.,-1.));
#1695=DIRECTION('ref_axis',(1.,0.,0.));
#1696=DIRECTION('center_axis',(0.,0.,1.));
#1697=DIRECTION('ref_axis',(1.,0.,0.));
#1698=DIRECTION('',(0.701238976116888,8.58770067538914E-17,0.712926292385503));
#1699=DIRECTION('center_axis',(0.,0.,-1.));
#1700=DIRECTION('ref_axis',(1.,0.,0.));
#1701=DIRECTION('center_axis',(0.,0.,1.));
#1702=DIRECTION('ref_axis',(1.,0.,0.));
#1703=DIRECTION('',(0.,0.,1.));
#1704=DIRECTION('center_axis',(0.,0.,-1.));
#1705=DIRECTION('ref_axis',(1.,0.,0.));
#1706=DIRECTION('center_axis',(0.,0.,-1.));
#1707=DIRECTION('ref_axis',(1.,0.,0.));
#1708=DIRECTION('center_axis',(0.,0.,1.));
#1709=DIRECTION('ref_axis',(1.,0.,0.));
#1710=DIRECTION('',(0.701238976116888,8.58770067538914E-17,0.712926292385503));
#1711=DIRECTION('center_axis',(0.,0.,-1.));
#1712=DIRECTION('ref_axis',(1.,0.,0.));
#1713=DIRECTION('center_axis',(0.,0.,1.));
#1714=DIRECTION('ref_axis',(1.,0.,0.));
#1715=DIRECTION('',(0.,0.,1.));
#1716=DIRECTION('center_axis',(0.,0.,-1.));
#1717=DIRECTION('ref_axis',(1.,0.,0.));
#1718=DIRECTION('center_axis',(0.,0.,1.));
#1719=DIRECTION('ref_axis',(1.,0.,0.));
#1720=DIRECTION('',(0.,0.,1.));
#1721=DIRECTION('center_axis',(0.,0.,-1.));
#1722=DIRECTION('ref_axis',(1.,0.,0.));
#1723=DIRECTION('center_axis',(0.,0.,-1.));
#1724=DIRECTION('ref_axis',(1.,0.,0.));
#1725=DIRECTION('center_axis',(0.,0.,1.));
#1726=DIRECTION('ref_axis',(1.,0.,0.));
#1727=DIRECTION('',(0.701238976116888,8.58770067538914E-17,0.712926292385503));
#1728=DIRECTION('center_axis',(0.,0.,-1.));
#1729=DIRECTION('ref_axis',(1.,0.,0.));
#1730=DIRECTION('center_axis',(0.,0.,1.));
#1731=DIRECTION('ref_axis',(1.,0.,0.));
#1732=DIRECTION('',(0.,0.,1.));
#1733=DIRECTION('center_axis',(0.,0.,-1.));
#1734=DIRECTION('ref_axis',(1.,0.,0.));
#1735=DIRECTION('center_axis',(0.,0.,-1.));
#1736=DIRECTION('ref_axis',(1.,0.,0.));
#1737=DIRECTION('center_axis',(0.,0.,1.));
#1738=DIRECTION('ref_axis',(1.,0.,0.));
#1739=DIRECTION('',(0.701238976116888,8.58770067538914E-17,0.712926292385503));
#1740=DIRECTION('center_axis',(0.,0.,-1.));
#1741=DIRECTION('ref_axis',(1.,0.,0.));
#1742=DIRECTION('center_axis',(0.,0.,1.));
#1743=DIRECTION('ref_axis',(1.,0.,0.));
#1744=DIRECTION('',(0.,0.,1.));
#1745=DIRECTION('center_axis',(0.,0.,-1.));
#1746=DIRECTION('ref_axis',(1.,0.,0.));
#1747=DIRECTION('center_axis',(0.,0.,-1.));
#1748=DIRECTION('ref_axis',(1.,0.,0.));
#1749=DIRECTION('center_axis',(0.,0.,1.));
#1750=DIRECTION('ref_axis',(1.,0.,0.));
#1751=DIRECTION('',(0.701238976116888,8.58770067538914E-17,0.712926292385503));
#1752=DIRECTION('center_axis',(0.,0.,-1.));
#1753=DIRECTION('ref_axis',(1.,0.,0.));
#1754=DIRECTION('center_axis',(0.,0.,1.));
#1755=DIRECTION('ref_axis',(1.,0.,0.));
#1756=DIRECTION('',(0.,0.,1.));
#1757=DIRECTION('center_axis',(0.,0.,-1.));
#1758=DIRECTION('ref_axis',(1.,0.,0.));
#1759=DIRECTION('center_axis',(0.,0.,-1.));
#1760=DIRECTION('ref_axis',(1.,0.,0.));
#1761=DIRECTION('center_axis',(0.,0.,1.));
#1762=DIRECTION('ref_axis',(1.,0.,0.));
#1763=DIRECTION('',(0.701238976116888,8.58770067538914E-17,0.712926292385503));
#1764=DIRECTION('center_axis',(0.,0.,-1.));
#1765=DIRECTION('ref_axis',(1.,0.,0.));
#1766=DIRECTION('center_axis',(0.,0.,1.));
#1767=DIRECTION('ref_axis',(1.,0.,0.));
#1768=DIRECTION('',(0.,0.,1.));
#1769=DIRECTION('center_axis',(0.,0.,-1.));
#1770=DIRECTION('ref_axis',(1.,0.,0.));
#1771=DIRECTION('center_axis',(0.,0.,1.));
#1772=DIRECTION('ref_axis',(1.,0.,0.));
#1773=DIRECTION('',(0.,0.,1.));
#1774=DIRECTION('center_axis',(0.,0.,-1.));
#1775=DIRECTION('ref_axis',(1.,0.,0.));
#1776=DIRECTION('center_axis',(0.,0.,-1.));
#1777=DIRECTION('ref_axis',(1.,0.,0.));
#1778=DIRECTION('center_axis',(0.,0.,1.));
#1779=DIRECTION('ref_axis',(1.,0.,0.));
#1780=DIRECTION('',(0.701238976116888,8.58770067538914E-17,0.712926292385503));
#1781=DIRECTION('center_axis',(0.,0.,-1.));
#1782=DIRECTION('ref_axis',(1.,0.,0.));
#1783=DIRECTION('center_axis',(0.,0.,1.));
#1784=DIRECTION('ref_axis',(1.,0.,0.));
#1785=DIRECTION('',(0.,0.,1.));
#1786=DIRECTION('center_axis',(0.,0.,-1.));
#1787=DIRECTION('ref_axis',(1.,0.,0.));
#1788=DIRECTION('center_axis',(0.,0.,-1.));
#1789=DIRECTION('ref_axis',(1.,0.,0.));
#1790=DIRECTION('center_axis',(0.,0.,1.));
#1791=DIRECTION('ref_axis',(1.,0.,0.));
#1792=DIRECTION('',(0.701238976116888,8.58770067538914E-17,0.712926292385503));
#1793=DIRECTION('center_axis',(0.,0.,-1.));
#1794=DIRECTION('ref_axis',(1.,0.,0.));
#1795=DIRECTION('center_axis',(0.,0.,1.));
#1796=DIRECTION('ref_axis',(1.,0.,0.));
#1797=DIRECTION('',(0.,0.,1.));
#1798=DIRECTION('center_axis',(0.,0.,-1.));
#1799=DIRECTION('ref_axis',(1.,0.,0.));
#1800=DIRECTION('center_axis',(0.,0.,1.));
#1801=DIRECTION('ref_axis',(1.,0.,0.));
#1802=DIRECTION('',(0.,0.,1.));
#1803=DIRECTION('center_axis',(0.,0.,-1.));
#1804=DIRECTION('ref_axis',(1.,0.,0.));
#1805=DIRECTION('center_axis',(0.,0.,-1.));
#1806=DIRECTION('ref_axis',(1.,0.,0.));
#1807=DIRECTION('center_axis',(0.,0.,1.));
#1808=DIRECTION('ref_axis',(1.,0.,0.));
#1809=DIRECTION('',(0.701238976116888,8.58770067538914E-17,0.712926292385503));
#1810=DIRECTION('center_axis',(0.,0.,-1.));
#1811=DIRECTION('ref_axis',(1.,0.,0.));
#1812=DIRECTION('center_axis',(0.,0.,1.));
#1813=DIRECTION('ref_axis',(1.,0.,0.));
#1814=DIRECTION('',(0.,0.,1.));
#1815=DIRECTION('center_axis',(0.,0.,-1.));
#1816=DIRECTION('ref_axis',(1.,0.,0.));
#1817=DIRECTION('center_axis',(0.,0.,-1.));
#1818=DIRECTION('ref_axis',(1.,0.,0.));
#1819=DIRECTION('center_axis',(0.,0.,1.));
#1820=DIRECTION('ref_axis',(1.,0.,0.));
#1821=DIRECTION('',(0.701238976116888,8.58770067538914E-17,0.712926292385503));
#1822=DIRECTION('center_axis',(0.,0.,-1.));
#1823=DIRECTION('ref_axis',(1.,0.,0.));
#1824=DIRECTION('center_axis',(0.,0.,1.));
#1825=DIRECTION('ref_axis',(1.,0.,0.));
#1826=DIRECTION('',(0.,0.,1.));
#1827=DIRECTION('center_axis',(0.,0.,-1.));
#1828=DIRECTION('ref_axis',(1.,0.,0.));
#1829=DIRECTION('center_axis',(0.,0.,1.));
#1830=DIRECTION('ref_axis',(1.,0.,0.));
#1831=DIRECTION('center_axis',(0.,0.,-1.));
#1832=DIRECTION('ref_axis',(1.,0.,0.));
#1833=DIRECTION('',(0.,0.,1.));
#1834=DIRECTION('center_axis',(0.,0.,-1.));
#1835=DIRECTION('ref_axis',(1.,0.,0.));
#1836=DIRECTION('center_axis',(0.,0.,-1.));
#1837=DIRECTION('ref_axis',(-1.,0.,0.));
#1838=DIRECTION('center_axis',(0.,0.,1.));
#1839=DIRECTION('ref_axis',(1.,0.,0.));
#1840=DIRECTION('center_axis',(0.,0.,1.));
#1841=DIRECTION('ref_axis',(1.,0.,0.));
#1842=DIRECTION('',(0.,0.,-1.));
#1843=DIRECTION('center_axis',(0.,0.,-1.));
#1844=DIRECTION('ref_axis',(1.,0.,0.));
#1845=DIRECTION('center_axis',(0.,0.,-1.));
#1846=DIRECTION('ref_axis',(-1.,0.,0.));
#1847=DIRECTION('center_axis',(0.,0.,1.));
#1848=DIRECTION('ref_axis',(1.,0.,0.));
#1849=CARTESIAN_POINT('',(0.,0.,0.));
#1850=CARTESIAN_POINT('Origin',(16.5,-28.5788383248865,0.5));
#1851=CARTESIAN_POINT('',(14.3958781359421,-26.1019105542009,2.));
#1852=CARTESIAN_POINT('',(14.3958781359421,-26.1019105542009,0.6));
#1853=CARTESIAN_POINT('',(14.3958781359421,-26.1019105542009,0.5));
#1854=CARTESIAN_POINT('',(17.6190104420782,-25.527557342984,2.));
#1855=CARTESIAN_POINT('Origin',(16.5,-28.5788383248865,2.));
#1856=CARTESIAN_POINT('',(17.6190104420782,-25.527557342984,0.6));
#1857=CARTESIAN_POINT('',(17.6190104420782,-25.527557342984,0.5));
#1858=CARTESIAN_POINT('',(18.1844675142258,-25.7994374553612,0.));
#1859=CARTESIAN_POINT('Ctrl Pts',(18.1844675142258,-25.7994374553612,-5.94332034285372E-16));
#1860=CARTESIAN_POINT('Ctrl Pts',(18.1294164572095,-25.7660735321558,0.0638800254000548));
#1861=CARTESIAN_POINT('Ctrl Pts',(18.0729628441251,-25.7341000622794,0.127733093073687));
#1862=CARTESIAN_POINT('Ctrl Pts',(17.8883541829994,-25.6368040317969,0.330859170111695));
#1863=CARTESIAN_POINT('Ctrl Pts',(17.7555546539656,-25.577632835806,0.468604432190598));
#1864=CARTESIAN_POINT('Ctrl Pts',(17.6190104420782,-25.527557342984,0.600000000000001));
#1865=CARTESIAN_POINT('',(13.9591415304763,-26.5523787921424,0.));
#1866=CARTESIAN_POINT('Origin',(16.5,-28.5788383248865,0.));
#1867=CARTESIAN_POINT('Ctrl Pts',(14.3958781359421,-26.1019105542009,0.599999999999998));
#1868=CARTESIAN_POINT('Ctrl Pts',(14.2850361150478,-26.1960695855542,0.468604432190595));
#1869=CARTESIAN_POINT('Ctrl Pts',(14.1808501668368,-26.2974709343714,0.330859170111691));
#1870=CARTESIAN_POINT('Ctrl Pts',(14.0412134383941,-26.4525465913266,0.127733093073683));
#1871=CARTESIAN_POINT('Ctrl Pts',(13.9992792236394,-26.50205249844,0.0638800254000563));
#1872=CARTESIAN_POINT('Ctrl Pts',(13.9591415304763,-26.5523787921424,-3.14646371092254E-16));
#1873=CARTESIAN_POINT('Origin',(16.5,-28.5788383248865,2.));
#1874=CARTESIAN_POINT('Origin',(15.5559665245489,-23.2811491444713,2.));
#1875=CARTESIAN_POINT('',(14.9,-28.5788383248865,2.));
#1876=CARTESIAN_POINT('Origin',(16.5,-28.5788383248865,2.));
#1877=CARTESIAN_POINT('Origin',(15.5559665245489,-23.2811491444713,0.295));
#1878=CARTESIAN_POINT('Origin',(15.5559665245489,-23.2811491444713,0.));
#1879=CARTESIAN_POINT('',(12.5059665245489,-23.2811491444713,0.6));
#1880=CARTESIAN_POINT('Origin',(15.5559665245489,-23.2811491444713,0.6));
#1881=CARTESIAN_POINT('Origin',(15.5559665245489,-23.2811491444713,0.6));
#1882=CARTESIAN_POINT('Origin',(-16.5,-28.5788383248865,0.5));
#1883=CARTESIAN_POINT('',(-17.6190104420782,-25.527557342984,2.));
#1884=CARTESIAN_POINT('',(-17.6190104420782,-25.527557342984,0.6));
#1885=CARTESIAN_POINT('',(-17.6190104420782,-25.527557342984,0.5));
#1886=CARTESIAN_POINT('',(-14.3958781359421,-26.1019105542009,2.));
#1887=CARTESIAN_POINT('Origin',(-16.5,-28.5788383248865,2.));
#1888=CARTESIAN_POINT('',(-14.3958781359421,-26.1019105542009,0.6));
#1889=CARTESIAN_POINT('',(-14.3958781359421,-26.1019105542009,0.5));
#1890=CARTESIAN_POINT('',(-13.9591415304763,-26.5523787921424,0.));
#1891=CARTESIAN_POINT('Ctrl Pts',(-13.9591415304763,-26.5523787921424,0.));
#1892=CARTESIAN_POINT('Ctrl Pts',(-13.9992792236394,-26.5020524984401,0.0638800254000607));
#1893=CARTESIAN_POINT('Ctrl Pts',(-14.0412134383941,-26.4525465913266,0.127733093073687));
#1894=CARTESIAN_POINT('Ctrl Pts',(-14.1808501668368,-26.2974709343714,0.330859170111696));
#1895=CARTESIAN_POINT('Ctrl Pts',(-14.2850361150478,-26.1960695855542,0.468604432190597));
#1896=CARTESIAN_POINT('Ctrl Pts',(-14.3958781359421,-26.1019105542009,0.599999999999999));
#1897=CARTESIAN_POINT('',(-18.1844675142258,-25.7994374553612,0.));
#1898=CARTESIAN_POINT('Origin',(-16.5,-28.5788383248865,0.));
#1899=CARTESIAN_POINT('Ctrl Pts',(-17.6190104420782,-25.527557342984,0.600000000000001));
#1900=CARTESIAN_POINT('Ctrl Pts',(-17.7555546539656,-25.577632835806,0.468604432190597));
#1901=CARTESIAN_POINT('Ctrl Pts',(-17.8883541829994,-25.6368040317969,0.330859170111693));
#1902=CARTESIAN_POINT('Ctrl Pts',(-18.0729628441251,-25.7341000622794,0.127733093073685));
#1903=CARTESIAN_POINT('Ctrl Pts',(-18.1294164572095,-25.7660735321558,0.0638800254000554));
#1904=CARTESIAN_POINT('Ctrl Pts',(-18.1844675142258,-25.7994374553612,-2.16803688534368E-15));
#1905=CARTESIAN_POINT('Origin',(-16.5,-28.5788383248865,2.));
#1906=CARTESIAN_POINT('Origin',(-15.5559665245489,-23.2811491444713,2.));
#1907=CARTESIAN_POINT('',(-18.1,-28.5788383248865,2.));
#1908=CARTESIAN_POINT('Origin',(-16.5,-28.5788383248865,2.));
#1909=CARTESIAN_POINT('Origin',(-15.5559665245489,-23.2811491444713,0.295));
#1910=CARTESIAN_POINT('Origin',(-15.5559665245489,-23.2811491444713,0.));
#1911=CARTESIAN_POINT('',(-18.6059665245489,-23.2811491444713,0.6));
#1912=CARTESIAN_POINT('Origin',(-15.5559665245489,-23.2811491444713,0.6));
#1913=CARTESIAN_POINT('Origin',(-15.5559665245489,-23.2811491444713,0.6));
#1914=CARTESIAN_POINT('Origin',(-33.,4.04133443718627E-15,0.5));
#1915=CARTESIAN_POINT('',(-36.25,3.64332422746338E-15,0.));
#1916=CARTESIAN_POINT('Origin',(-33.,4.04133443718627E-15,0.));
#1917=CARTESIAN_POINT('',(-36.25,3.64332422746338E-15,2.));
#1918=CARTESIAN_POINT('',(-36.25,3.64332422746338E-15,0.5));
#1919=CARTESIAN_POINT('Origin',(-33.,4.04133443718627E-15,2.));
#1920=CARTESIAN_POINT('Origin',(-33.,4.04133443718627E-15,2.));
#1921=CARTESIAN_POINT('',(-34.6,4.23727792504984E-15,2.));
#1922=CARTESIAN_POINT('Origin',(-33.,4.04133443718627E-15,2.));
#1923=CARTESIAN_POINT('Origin',(-16.5,28.5788383248865,0.5));
#1924=CARTESIAN_POINT('',(-14.3958781359421,26.1019105542009,2.));
#1925=CARTESIAN_POINT('',(-14.3958781359421,26.1019105542009,0.6));
#1926=CARTESIAN_POINT('',(-14.3958781359421,26.1019105542009,0.5));
#1927=CARTESIAN_POINT('',(-17.6190104420782,25.527557342984,2.));
#1928=CARTESIAN_POINT('Origin',(-16.5,28.5788383248865,2.));
#1929=CARTESIAN_POINT('',(-17.6190104420782,25.527557342984,0.6));
#1930=CARTESIAN_POINT('',(-17.6190104420782,25.527557342984,0.5));
#1931=CARTESIAN_POINT('',(-18.1844675142258,25.7994374553612,0.));
#1932=CARTESIAN_POINT('Ctrl Pts',(-18.1844675142258,25.7994374553612,4.83666273141043E-16));
#1933=CARTESIAN_POINT('Ctrl Pts',(-18.1294164572094,25.7660735321558,0.063880025400058));
#1934=CARTESIAN_POINT('Ctrl Pts',(-18.0729628441251,25.7341000622794,0.127733093073687));
#1935=CARTESIAN_POINT('Ctrl Pts',(-17.8883541829994,25.6368040317969,0.330859170111695));
#1936=CARTESIAN_POINT('Ctrl Pts',(-17.7555546539656,25.577632835806,0.468604432190597));
#1937=CARTESIAN_POINT('Ctrl Pts',(-17.6190104420782,25.527557342984,0.599999999999998));
#1938=CARTESIAN_POINT('',(-13.9591415304762,26.5523787921424,0.));
#1939=CARTESIAN_POINT('Origin',(-16.5,28.5788383248865,0.));
#1940=CARTESIAN_POINT('Ctrl Pts',(-14.3958781359421,26.1019105542009,0.599999999999999));
#1941=CARTESIAN_POINT('Ctrl Pts',(-14.2850361150478,26.1960695855542,0.468604432190597));
#1942=CARTESIAN_POINT('Ctrl Pts',(-14.1808501668368,26.2974709343714,0.330859170111693));
#1943=CARTESIAN_POINT('Ctrl Pts',(-14.0412134383941,26.4525465913266,0.127733093073686));
#1944=CARTESIAN_POINT('Ctrl Pts',(-13.9992792236394,26.5020524984401,0.0638800254000575));
#1945=CARTESIAN_POINT('Ctrl Pts',(-13.9591415304762,26.5523787921424,4.8145601258886E-16));
#1946=CARTESIAN_POINT('Origin',(-16.5,28.5788383248865,2.));
#1947=CARTESIAN_POINT('Origin',(-15.5559665245489,23.2811491444713,2.));
#1948=CARTESIAN_POINT('',(-18.1,28.5788383248865,2.));
#1949=CARTESIAN_POINT('Origin',(-16.5,28.5788383248865,2.));
#1950=CARTESIAN_POINT('Origin',(-15.5559665245489,23.2811491444713,0.295));
#1951=CARTESIAN_POINT('Origin',(-15.5559665245489,23.2811491444713,0.));
#1952=CARTESIAN_POINT('',(-18.6059665245489,23.2811491444713,0.6));
#1953=CARTESIAN_POINT('Origin',(-15.5559665245489,23.2811491444713,0.6));
#1954=CARTESIAN_POINT('Origin',(-15.5559665245489,23.2811491444713,0.6));
#1955=CARTESIAN_POINT('Origin',(16.5,28.5788383248865,0.5));
#1956=CARTESIAN_POINT('',(17.6190104420782,25.527557342984,2.));
#1957=CARTESIAN_POINT('',(17.6190104420782,25.527557342984,0.6));
#1958=CARTESIAN_POINT('',(17.6190104420782,25.527557342984,0.5));
#1959=CARTESIAN_POINT('',(14.3958781359421,26.1019105542009,2.));
#1960=CARTESIAN_POINT('Origin',(16.5,28.5788383248865,2.));
#1961=CARTESIAN_POINT('',(14.3958781359421,26.1019105542009,0.6));
#1962=CARTESIAN_POINT('',(14.3958781359421,26.1019105542009,0.5));
#1963=CARTESIAN_POINT('',(13.9591415304763,26.5523787921424,0.));
#1964=CARTESIAN_POINT('Ctrl Pts',(13.9591415304763,26.5523787921424,4.81456012588865E-16));
#1965=CARTESIAN_POINT('Ctrl Pts',(13.9992792236394,26.5020524984401,0.0638800254000583));
#1966=CARTESIAN_POINT('Ctrl Pts',(14.0412134383941,26.4525465913266,0.127733093073687));
#1967=CARTESIAN_POINT('Ctrl Pts',(14.1808501668368,26.2974709343714,0.330859170111695));
#1968=CARTESIAN_POINT('Ctrl Pts',(14.2850361150478,26.1960695855542,0.468604432190596));
#1969=CARTESIAN_POINT('Ctrl Pts',(14.3958781359421,26.1019105542009,0.599999999999999));
#1970=CARTESIAN_POINT('',(18.1844675142258,25.7994374553612,0.));
#1971=CARTESIAN_POINT('Origin',(16.5,28.5788383248865,0.));
#1972=CARTESIAN_POINT('Ctrl Pts',(17.6190104420782,25.527557342984,0.6));
#1973=CARTESIAN_POINT('Ctrl Pts',(17.7555546539656,25.577632835806,0.468604432190596));
#1974=CARTESIAN_POINT('Ctrl Pts',(17.8883541829994,25.6368040317969,0.330859170111696));
#1975=CARTESIAN_POINT('Ctrl Pts',(18.0729628441251,25.7341000622794,0.127733093073689));
#1976=CARTESIAN_POINT('Ctrl Pts',(18.1294164572095,25.7660735321558,0.063880025400058));
#1977=CARTESIAN_POINT('Ctrl Pts',(18.1844675142258,25.7994374553612,6.11812388234942E-16));
#1978=CARTESIAN_POINT('Origin',(16.5,28.5788383248865,2.));
#1979=CARTESIAN_POINT('Origin',(15.5559665245489,23.2811491444713,2.));
#1980=CARTESIAN_POINT('',(14.9,28.5788383248865,2.));
#1981=CARTESIAN_POINT('Origin',(16.5,28.5788383248865,2.));
#1982=CARTESIAN_POINT('Origin',(15.5559665245489,23.2811491444713,0.295));
#1983=CARTESIAN_POINT('Origin',(15.5559665245489,23.2811491444713,0.));
#1984=CARTESIAN_POINT('',(12.5059665245489,23.2811491444713,0.6));
#1985=CARTESIAN_POINT('Origin',(15.5559665245489,23.2811491444713,0.6));
#1986=CARTESIAN_POINT('Origin',(15.5559665245489,23.2811491444713,0.6));
#1987=CARTESIAN_POINT('Origin',(33.,0.,0.5));
#1988=CARTESIAN_POINT('',(29.75,-3.9801020972289E-16,0.));
#1989=CARTESIAN_POINT('Origin',(33.,0.,0.));
#1990=CARTESIAN_POINT('',(29.75,-3.9801020972289E-16,2.));
#1991=CARTESIAN_POINT('',(29.75,-3.9801020972289E-16,0.5));
#1992=CARTESIAN_POINT('Origin',(33.,0.,2.));
#1993=CARTESIAN_POINT('Origin',(33.,0.,2.));
#1994=CARTESIAN_POINT('',(31.4,1.95943487863577E-16,2.));
#1995=CARTESIAN_POINT('Origin',(33.,0.,2.));
#1996=CARTESIAN_POINT('Origin',(16.5,-28.5788383248865,9.25));
#1997=CARTESIAN_POINT('',(14.9,-28.5788383248865,18.5));
#1998=CARTESIAN_POINT('',(14.9,-28.5788383248865,9.25));
#1999=CARTESIAN_POINT('Origin',(16.5,-28.5788383248865,18.5));
#2000=CARTESIAN_POINT('Origin',(-16.5,-28.5788383248865,9.25));
#2001=CARTESIAN_POINT('',(-18.1,-28.5788383248865,18.5));
#2002=CARTESIAN_POINT('',(-18.1,-28.5788383248865,9.25));
#2003=CARTESIAN_POINT('Origin',(-16.5,-28.5788383248865,18.5));
#2004=CARTESIAN_POINT('Origin',(-33.,4.04133443718627E-15,9.25));
#2005=CARTESIAN_POINT('',(-34.6,4.23727792504984E-15,18.5));
#2006=CARTESIAN_POINT('',(-34.6,3.84539094932269E-15,9.25));
#2007=CARTESIAN_POINT('Origin',(-33.,4.04133443718627E-15,18.5));
#2008=CARTESIAN_POINT('Origin',(-16.5,28.5788383248865,9.25));
#2009=CARTESIAN_POINT('',(-18.1,28.5788383248865,18.5));
#2010=CARTESIAN_POINT('',(-18.1,28.5788383248865,9.25));
#2011=CARTESIAN_POINT('Origin',(-16.5,28.5788383248865,18.5));
#2012=CARTESIAN_POINT('Origin',(16.5,28.5788383248865,9.25));
#2013=CARTESIAN_POINT('',(14.9,28.5788383248865,18.5));
#2014=CARTESIAN_POINT('',(14.9,28.5788383248865,9.25));
#2015=CARTESIAN_POINT('Origin',(16.5,28.5788383248865,18.5));
#2016=CARTESIAN_POINT('Origin',(33.,0.,9.25));
#2017=CARTESIAN_POINT('',(31.4,1.95943487863577E-16,18.5));
#2018=CARTESIAN_POINT('',(31.4,-1.95943487863577E-16,9.25));
#2019=CARTESIAN_POINT('Origin',(33.,0.,18.5));
#2020=CARTESIAN_POINT('Origin',(-15.5,-15.5,3.3));
#2021=CARTESIAN_POINT('',(-18.5,-15.5,1.5));
#2022=CARTESIAN_POINT('Origin',(-15.5,-15.5,1.5));
#2023=CARTESIAN_POINT('',(-18.5,-15.5,5.));
#2024=CARTESIAN_POINT('',(-18.5,-15.5,3.3));
#2025=CARTESIAN_POINT('Origin',(-15.5,-15.5,5.));
#2026=CARTESIAN_POINT('Origin',(-15.5,-15.5,1.5));
#2027=CARTESIAN_POINT('',(-17.2,-15.5,1.5));
#2028=CARTESIAN_POINT('Origin',(-15.5,-15.5,1.5));
#2029=CARTESIAN_POINT('Origin',(-15.5,-15.5,2.05));
#2030=CARTESIAN_POINT('',(-17.2,-15.5,0.));
#2031=CARTESIAN_POINT('Origin',(-15.5,-15.5,0.));
#2032=CARTESIAN_POINT('',(-17.2,-15.5,2.05));
#2033=CARTESIAN_POINT('Origin',(-15.5,15.5,3.3));
#2034=CARTESIAN_POINT('',(-18.5,15.5,1.5));
#2035=CARTESIAN_POINT('Origin',(-15.5,15.5,1.5));
#2036=CARTESIAN_POINT('',(-18.5,15.5,5.));
#2037=CARTESIAN_POINT('',(-18.5,15.5,3.3));
#2038=CARTESIAN_POINT('Origin',(-15.5,15.5,5.));
#2039=CARTESIAN_POINT('Origin',(-15.5,15.5,1.5));
#2040=CARTESIAN_POINT('',(-17.2,15.5,1.5));
#2041=CARTESIAN_POINT('Origin',(-15.5,15.5,1.5));
#2042=CARTESIAN_POINT('Origin',(-15.5,15.5,2.05));
#2043=CARTESIAN_POINT('',(-17.2,15.5,0.));
#2044=CARTESIAN_POINT('Origin',(-15.5,15.5,0.));
#2045=CARTESIAN_POINT('',(-17.2,15.5,2.05));
#2046=CARTESIAN_POINT('Origin',(15.5,-15.5,3.3));
#2047=CARTESIAN_POINT('',(12.5,-15.5,1.5));
#2048=CARTESIAN_POINT('Origin',(15.5,-15.5,1.5));
#2049=CARTESIAN_POINT('',(12.5,-15.5,5.));
#2050=CARTESIAN_POINT('',(12.5,-15.5,3.3));
#2051=CARTESIAN_POINT('Origin',(15.5,-15.5,5.));
#2052=CARTESIAN_POINT('Origin',(15.5,-15.5,1.5));
#2053=CARTESIAN_POINT('',(13.8,-15.5,1.5));
#2054=CARTESIAN_POINT('Origin',(15.5,-15.5,1.5));
#2055=CARTESIAN_POINT('Origin',(15.5,-15.5,2.05));
#2056=CARTESIAN_POINT('',(13.8,-15.5,0.));
#2057=CARTESIAN_POINT('Origin',(15.5,-15.5,0.));
#2058=CARTESIAN_POINT('',(13.8,-15.5,2.05));
#2059=CARTESIAN_POINT('Origin',(15.5,15.5,3.3));
#2060=CARTESIAN_POINT('',(12.5,15.5,1.5));
#2061=CARTESIAN_POINT('Origin',(15.5,15.5,1.5));
#2062=CARTESIAN_POINT('',(12.5,15.5,5.));
#2063=CARTESIAN_POINT('',(12.5,15.5,3.3));
#2064=CARTESIAN_POINT('Origin',(15.5,15.5,5.));
#2065=CARTESIAN_POINT('Origin',(15.5,15.5,1.5));
#2066=CARTESIAN_POINT('',(13.8,15.5,1.5));
#2067=CARTESIAN_POINT('Origin',(15.5,15.5,1.5));
#2068=CARTESIAN_POINT('Origin',(15.5,15.5,2.05));
#2069=CARTESIAN_POINT('',(13.8,15.5,0.));
#2070=CARTESIAN_POINT('Origin',(15.5,15.5,0.));
#2071=CARTESIAN_POINT('',(13.8,15.5,2.05));
#2072=CARTESIAN_POINT('Origin',(0.,0.,2.05));
#2073=CARTESIAN_POINT('',(-7.,-8.57252759403147E-16,2.2));
#2074=CARTESIAN_POINT('Origin',(0.,0.,2.2));
#2075=CARTESIAN_POINT('',(-7.,8.57252759403147E-16,5.));
#2076=CARTESIAN_POINT('',(-7.,-8.57252759403147E-16,2.05));
#2077=CARTESIAN_POINT('Origin',(0.,0.,5.));
#2078=CARTESIAN_POINT('Origin',(0.,0.,0.6));
#2079=CARTESIAN_POINT('',(-11.25,-1.37772764904077E-15,0.));
#2080=CARTESIAN_POINT('Origin',(0.,0.,0.));
#2081=CARTESIAN_POINT('',(-11.25,-1.37772764904077E-15,2.2));
#2082=CARTESIAN_POINT('',(-11.25,-1.37772764904077E-15,0.6));
#2083=CARTESIAN_POINT('Origin',(0.,0.,2.2));
#2084=CARTESIAN_POINT('Origin',(0.,0.,2.2));
#2085=CARTESIAN_POINT('Origin',(27.4619878512905,-5.4625290164516,0.295));
#2086=CARTESIAN_POINT('',(23.8218239168642,-5.4625290164516,0.));
#2087=CARTESIAN_POINT('Origin',(27.4619878512905,-5.4625290164516,0.));
#2088=CARTESIAN_POINT('',(24.4119878512904,-5.4625290164516,0.6));
#2089=CARTESIAN_POINT('',(24.1119878512905,-5.4625290164516,0.295));
#2090=CARTESIAN_POINT('Origin',(27.4619878512905,-5.4625290164516,0.6));
#2091=CARTESIAN_POINT('Origin',(27.4619878512905,-5.4625290164516,2.05));
#2092=CARTESIAN_POINT('',(24.4119878512904,-5.4625290164516,5.));
#2093=CARTESIAN_POINT('',(24.4119878512904,-5.4625290164516,2.05));
#2094=CARTESIAN_POINT('Origin',(27.4619878512905,-5.4625290164516,5.));
#2095=CARTESIAN_POINT('Origin',(23.2811491444713,-15.5559665245489,0.295));
#2096=CARTESIAN_POINT('',(19.640985210045,-15.5559665245489,0.));
#2097=CARTESIAN_POINT('Origin',(23.2811491444713,-15.5559665245489,0.));
#2098=CARTESIAN_POINT('',(20.2311491444713,-15.5559665245489,0.6));
#2099=CARTESIAN_POINT('',(19.9311491444713,-15.5559665245489,0.295));
#2100=CARTESIAN_POINT('Origin',(23.2811491444713,-15.5559665245489,0.6));
#2101=CARTESIAN_POINT('Origin',(23.2811491444713,-15.5559665245489,2.05));
#2102=CARTESIAN_POINT('',(20.2311491444713,-15.5559665245489,5.));
#2103=CARTESIAN_POINT('',(20.2311491444713,-15.5559665245489,2.05));
#2104=CARTESIAN_POINT('Origin',(23.2811491444713,-15.5559665245489,5.));
#2105=CARTESIAN_POINT('Origin',(15.5559665245489,-23.2811491444713,2.05));
#2106=CARTESIAN_POINT('',(12.5059665245489,-23.2811491444713,5.));
#2107=CARTESIAN_POINT('',(12.5059665245489,-23.2811491444713,2.05));
#2108=CARTESIAN_POINT('Origin',(15.5559665245489,-23.2811491444713,5.));
#2109=CARTESIAN_POINT('Origin',(5.46252901645159,-27.4619878512905,0.295));
#2110=CARTESIAN_POINT('',(1.82236508202536,-27.4619878512905,0.));
#2111=CARTESIAN_POINT('Origin',(5.46252901645159,-27.4619878512905,0.));
#2112=CARTESIAN_POINT('',(2.41252901645159,-27.4619878512905,0.6));
#2113=CARTESIAN_POINT('',(2.11252901645159,-27.4619878512905,0.295));
#2114=CARTESIAN_POINT('Origin',(5.46252901645159,-27.4619878512905,0.6));
#2115=CARTESIAN_POINT('Origin',(5.46252901645159,-27.4619878512905,2.05));
#2116=CARTESIAN_POINT('',(2.41252901645159,-27.4619878512905,5.));
#2117=CARTESIAN_POINT('',(2.41252901645159,-27.4619878512905,2.05));
#2118=CARTESIAN_POINT('Origin',(5.46252901645159,-27.4619878512905,5.));
#2119=CARTESIAN_POINT('Origin',(-5.4625290164516,-27.4619878512905,0.295));
#2120=CARTESIAN_POINT('',(-9.10269295087783,-27.4619878512905,0.));
#2121=CARTESIAN_POINT('Origin',(-5.4625290164516,-27.4619878512905,0.));
#2122=CARTESIAN_POINT('',(-8.5125290164516,-27.4619878512905,0.6));
#2123=CARTESIAN_POINT('',(-8.8125290164516,-27.4619878512905,0.295));
#2124=CARTESIAN_POINT('Origin',(-5.4625290164516,-27.4619878512905,0.6));
#2125=CARTESIAN_POINT('Origin',(-5.4625290164516,-27.4619878512905,2.05));
#2126=CARTESIAN_POINT('',(-8.5125290164516,-27.4619878512905,5.));
#2127=CARTESIAN_POINT('',(-8.5125290164516,-27.4619878512905,2.05));
#2128=CARTESIAN_POINT('Origin',(-5.4625290164516,-27.4619878512905,5.));
#2129=CARTESIAN_POINT('Origin',(-15.5559665245489,-23.2811491444713,2.05));
#2130=CARTESIAN_POINT('',(-18.6059665245489,-23.2811491444713,5.));
#2131=CARTESIAN_POINT('',(-18.6059665245489,-23.2811491444713,2.05));
#2132=CARTESIAN_POINT('Origin',(-15.5559665245489,-23.2811491444713,5.));
#2133=CARTESIAN_POINT('Origin',(-23.2811491444713,-15.5559665245489,0.295));
#2134=CARTESIAN_POINT('',(-26.9213130788975,-15.5559665245489,0.));
#2135=CARTESIAN_POINT('Origin',(-23.2811491444713,-15.5559665245489,0.));
#2136=CARTESIAN_POINT('',(-26.3311491444713,-15.5559665245489,0.6));
#2137=CARTESIAN_POINT('',(-26.6311491444713,-15.5559665245489,0.295));
#2138=CARTESIAN_POINT('Origin',(-23.2811491444713,-15.5559665245489,0.6));
#2139=CARTESIAN_POINT('Origin',(-23.2811491444713,-15.5559665245489,2.05));
#2140=CARTESIAN_POINT('',(-26.3311491444713,-15.5559665245489,5.));
#2141=CARTESIAN_POINT('',(-26.3311491444713,-15.5559665245489,2.05));
#2142=CARTESIAN_POINT('Origin',(-23.2811491444713,-15.5559665245489,5.));
#2143=CARTESIAN_POINT('Origin',(-27.4619878512905,-5.46252901645159,0.295));
#2144=CARTESIAN_POINT('',(-31.1021517857167,-5.46252901645159,0.));
#2145=CARTESIAN_POINT('Origin',(-27.4619878512905,-5.46252901645159,0.));
#2146=CARTESIAN_POINT('',(-30.5119878512905,-5.46252901645159,0.6));
#2147=CARTESIAN_POINT('',(-30.8119878512904,-5.46252901645159,0.295));
#2148=CARTESIAN_POINT('Origin',(-27.4619878512905,-5.46252901645159,0.6));
#2149=CARTESIAN_POINT('Origin',(-27.4619878512905,-5.46252901645159,2.05));
#2150=CARTESIAN_POINT('',(-30.5119878512905,-5.46252901645159,5.));
#2151=CARTESIAN_POINT('',(-30.5119878512905,-5.46252901645159,2.05));
#2152=CARTESIAN_POINT('Origin',(-27.4619878512905,-5.46252901645159,5.));
#2153=CARTESIAN_POINT('Origin',(-27.4619878512905,5.4625290164516,0.295));
#2154=CARTESIAN_POINT('',(-31.1021517857167,5.4625290164516,0.));
#2155=CARTESIAN_POINT('Origin',(-27.4619878512905,5.4625290164516,0.));
#2156=CARTESIAN_POINT('',(-30.5119878512905,5.4625290164516,0.6));
#2157=CARTESIAN_POINT('',(-30.8119878512904,5.4625290164516,0.295));
#2158=CARTESIAN_POINT('Origin',(-27.4619878512905,5.4625290164516,0.6));
#2159=CARTESIAN_POINT('Origin',(-27.4619878512905,5.4625290164516,2.05));
#2160=CARTESIAN_POINT('',(-30.5119878512905,5.4625290164516,5.));
#2161=CARTESIAN_POINT('',(-30.5119878512905,5.4625290164516,2.05));
#2162=CARTESIAN_POINT('Origin',(-27.4619878512905,5.4625290164516,5.));
#2163=CARTESIAN_POINT('Origin',(-23.2811491444713,15.5559665245489,0.295));
#2164=CARTESIAN_POINT('',(-26.9213130788975,15.5559665245489,0.));
#2165=CARTESIAN_POINT('Origin',(-23.2811491444713,15.5559665245489,0.));
#2166=CARTESIAN_POINT('',(-26.3311491444713,15.5559665245489,0.6));
#2167=CARTESIAN_POINT('',(-26.6311491444713,15.5559665245489,0.295));
#2168=CARTESIAN_POINT('Origin',(-23.2811491444713,15.5559665245489,0.6));
#2169=CARTESIAN_POINT('Origin',(-23.2811491444713,15.5559665245489,2.05));
#2170=CARTESIAN_POINT('',(-26.3311491444713,15.5559665245489,5.));
#2171=CARTESIAN_POINT('',(-26.3311491444713,15.5559665245489,2.05));
#2172=CARTESIAN_POINT('Origin',(-23.2811491444713,15.5559665245489,5.));
#2173=CARTESIAN_POINT('Origin',(-15.5559665245489,23.2811491444713,2.05));
#2174=CARTESIAN_POINT('',(-18.6059665245489,23.2811491444713,5.));
#2175=CARTESIAN_POINT('',(-18.6059665245489,23.2811491444713,2.05));
#2176=CARTESIAN_POINT('Origin',(-15.5559665245489,23.2811491444713,5.));
#2177=CARTESIAN_POINT('Origin',(-5.46252901645159,27.4619878512905,0.295));
#2178=CARTESIAN_POINT('',(-9.10269295087782,27.4619878512905,0.));
#2179=CARTESIAN_POINT('Origin',(-5.46252901645159,27.4619878512905,0.));
#2180=CARTESIAN_POINT('',(-8.51252901645159,27.4619878512905,0.6));
#2181=CARTESIAN_POINT('',(-8.81252901645159,27.4619878512905,0.295));
#2182=CARTESIAN_POINT('Origin',(-5.46252901645159,27.4619878512905,0.6));
#2183=CARTESIAN_POINT('Origin',(-5.46252901645159,27.4619878512905,2.05));
#2184=CARTESIAN_POINT('',(-8.51252901645159,27.4619878512905,5.));
#2185=CARTESIAN_POINT('',(-8.51252901645159,27.4619878512905,2.05));
#2186=CARTESIAN_POINT('Origin',(-5.46252901645159,27.4619878512905,5.));
#2187=CARTESIAN_POINT('Origin',(5.46252901645159,27.4619878512905,0.295));
#2188=CARTESIAN_POINT('',(1.82236508202536,27.4619878512905,0.));
#2189=CARTESIAN_POINT('Origin',(5.46252901645159,27.4619878512905,0.));
#2190=CARTESIAN_POINT('',(2.41252901645159,27.4619878512905,0.6));
#2191=CARTESIAN_POINT('',(2.11252901645159,27.4619878512905,0.295));
#2192=CARTESIAN_POINT('Origin',(5.46252901645159,27.4619878512905,0.6));
#2193=CARTESIAN_POINT('Origin',(5.46252901645159,27.4619878512905,2.05));
#2194=CARTESIAN_POINT('',(2.41252901645159,27.4619878512905,5.));
#2195=CARTESIAN_POINT('',(2.41252901645159,27.4619878512905,2.05));
#2196=CARTESIAN_POINT('Origin',(5.46252901645159,27.4619878512905,5.));
#2197=CARTESIAN_POINT('Origin',(15.5559665245489,23.2811491444713,2.05));
#2198=CARTESIAN_POINT('',(12.5059665245489,23.2811491444713,5.));
#2199=CARTESIAN_POINT('',(12.5059665245489,23.2811491444713,2.05));
#2200=CARTESIAN_POINT('Origin',(15.5559665245489,23.2811491444713,5.));
#2201=CARTESIAN_POINT('Origin',(23.2811491444713,15.5559665245489,0.295));
#2202=CARTESIAN_POINT('',(19.640985210045,15.5559665245489,0.));
#2203=CARTESIAN_POINT('Origin',(23.2811491444713,15.5559665245489,0.));
#2204=CARTESIAN_POINT('',(20.2311491444713,15.5559665245489,0.6));
#2205=CARTESIAN_POINT('',(19.9311491444713,15.5559665245489,0.295));
#2206=CARTESIAN_POINT('Origin',(23.2811491444713,15.5559665245489,0.6));
#2207=CARTESIAN_POINT('Origin',(23.2811491444713,15.5559665245489,2.05));
#2208=CARTESIAN_POINT('',(20.2311491444713,15.5559665245489,5.));
#2209=CARTESIAN_POINT('',(20.2311491444713,15.5559665245489,2.05));
#2210=CARTESIAN_POINT('Origin',(23.2811491444713,15.5559665245489,5.));
#2211=CARTESIAN_POINT('Origin',(27.4619878512905,5.46252901645159,0.295));
#2212=CARTESIAN_POINT('',(23.8218239168642,5.46252901645159,0.));
#2213=CARTESIAN_POINT('Origin',(27.4619878512905,5.46252901645159,0.));
#2214=CARTESIAN_POINT('',(24.4119878512904,5.46252901645159,0.6));
#2215=CARTESIAN_POINT('',(24.1119878512905,5.46252901645159,0.295));
#2216=CARTESIAN_POINT('Origin',(27.4619878512905,5.46252901645159,0.6));
#2217=CARTESIAN_POINT('Origin',(27.4619878512905,5.46252901645159,2.05));
#2218=CARTESIAN_POINT('',(24.4119878512904,5.46252901645159,5.));
#2219=CARTESIAN_POINT('',(24.4119878512904,5.46252901645159,2.05));
#2220=CARTESIAN_POINT('Origin',(27.4619878512905,5.46252901645159,5.));
#2221=CARTESIAN_POINT('Origin',(0.,0.,12.25));
#2222=CARTESIAN_POINT('',(-31.25,-3.82702124733548E-15,5.));
#2223=CARTESIAN_POINT('Origin',(0.,0.,5.));
#2224=CARTESIAN_POINT('',(-31.25,3.82702124733548E-15,18.5));
#2225=CARTESIAN_POINT('',(-31.25,-3.82702124733548E-15,12.25));
#2226=CARTESIAN_POINT('Origin',(0.,0.,18.5));
#2227=CARTESIAN_POINT('Origin',(0.,0.,5.));
#2228=CARTESIAN_POINT('Origin',(0.,0.,9.25));
#2229=CARTESIAN_POINT('',(-38.,-4.65365783675994E-15,18.5));
#2230=CARTESIAN_POINT('Origin',(0.,0.,18.5));
#2231=CARTESIAN_POINT('',(-38.,-4.65365783675994E-15,0.));
#2232=CARTESIAN_POINT('',(-38.,-4.65365783675994E-15,9.25));
#2233=CARTESIAN_POINT('Origin',(0.,0.,0.));
#2234=CARTESIAN_POINT('Origin',(0.,0.,0.));
#2235=CARTESIAN_POINT('Origin',(0.,0.,18.5));
#2236=UNCERTAINTY_MEASURE_WITH_UNIT(LENGTH_MEASURE(0.01),#2240,
'DISTANCE_ACCURACY_VALUE',
'Maximum model space distance between geometric entities at asserted c
onnectivities');
#2237=UNCERTAINTY_MEASURE_WITH_UNIT(LENGTH_MEASURE(0.01),#2240,
'DISTANCE_ACCURACY_VALUE',
'Maximum model space distance between geometric entities at asserted c
onnectivities');
#2238=(
GEOMETRIC_REPRESENTATION_CONTEXT(3)
GLOBAL_UNCERTAINTY_ASSIGNED_CONTEXT((#2236))
GLOBAL_UNIT_ASSIGNED_CONTEXT((#2240,#2242,#2243))
REPRESENTATION_CONTEXT('','3D')
);
#2239=(
GEOMETRIC_REPRESENTATION_CONTEXT(3)
GLOBAL_UNCERTAINTY_ASSIGNED_CONTEXT((#2237))
GLOBAL_UNIT_ASSIGNED_CONTEXT((#2240,#2242,#2243))
REPRESENTATION_CONTEXT('','3D')
);
#2240=(
LENGTH_UNIT()
NAMED_UNIT(*)
SI_UNIT(.MILLI.,.METRE.)
);
#2241=(
LENGTH_UNIT()
NAMED_UNIT(*)
SI_UNIT($,.METRE.)
);
#2242=(
NAMED_UNIT(*)
PLANE_ANGLE_UNIT()
SI_UNIT($,.RADIAN.)
);
#2243=(
NAMED_UNIT(*)
SI_UNIT($,.STERADIAN.)
SOLID_ANGLE_UNIT()
);
#2244=SHAPE_DEFINITION_REPRESENTATION(#2245,#2246);
#2245=PRODUCT_DEFINITION_SHAPE('',$,#2248);
#2246=SHAPE_REPRESENTATION('',(#1268),#2238);
#2247=PRODUCT_DEFINITION_CONTEXT('part definition',#2252,'design');
#2248=PRODUCT_DEFINITION('rt_cyc15_cup','rt_cyc15_cup',#2249,#2247);
#2249=PRODUCT_DEFINITION_FORMATION('',$,#2254);
#2250=PRODUCT_RELATED_PRODUCT_CATEGORY('rt_cyc15_cup','rt_cyc15_cup',(#2254));
#2251=APPLICATION_PROTOCOL_DEFINITION('international standard',
'automotive_design',2009,#2252);
#2252=APPLICATION_CONTEXT(
'Core Data for Automotive Mechanical Design Process');
#2253=PRODUCT_CONTEXT('part definition',#2252,'mechanical');
#2254=PRODUCT('rt_cyc15_cup','rt_cyc15_cup',$,(#2253));
#2255=PRESENTATION_STYLE_ASSIGNMENT((#2256));
#2256=SURFACE_STYLE_USAGE(.BOTH.,#2257);
#2257=SURFACE_SIDE_STYLE('',(#2258));
#2258=SURFACE_STYLE_FILL_AREA(#2259);
#2259=FILL_AREA_STYLE('Steel - Satin',(#2260));
#2260=FILL_AREA_STYLE_COLOUR('Steel - Satin',#2261);
#2261=COLOUR_RGB('Steel - Satin',0.627450980392157,0.627450980392157,0.627450980392157);
ENDSEC;
END-ISO-10303-21;
