ISO-10303-21;
HEADER;
/* Generated by software containing ST-Developer
 * from STEP Tools, Inc. (www.steptools.com) 
 */

FILE_DESCRIPTION(
/* description */ (''),
/* implementation_level */ '2;1');

FILE_NAME(
/* name */ 'rt_cyc20_cup.step',
/* time_stamp */ '2026-07-20T19:47:15-04:00',
/* author */ (''),
/* organization */ (''),
/* preprocessor_version */ 'ST-DEVELOPER v20.1',
/* originating_system */ 'Autodesk Translation Framework v15.8.0.0',
/* authorisation */ '');

FILE_SCHEMA (('AUTOMOTIVE_DESIGN { 1 0 10303 214 3 1 1 }'));
ENDSEC;

DATA;
#10=MECHANICAL_DESIGN_GEOMETRIC_PRESENTATION_REPRESENTATION('',(#13),#2675);
#11=SHAPE_REPRESENTATION_RELATIONSHIP('SRR','None',#2682,#12);
#12=ADVANCED_BREP_SHAPE_REPRESENTATION('',(#14),#2674);
#13=STYLED_ITEM('',(#2691),#14);
#14=MANIFOLD_SOLID_BREP('Body1',#1495);
#15=CONICAL_SURFACE('',#1516,3.35,0.777133888737797);
#16=CONICAL_SURFACE('',#1526,3.35,0.777133888737797);
#17=CONICAL_SURFACE('',#1537,3.35,0.777133888737797);
#18=CONICAL_SURFACE('',#1547,3.35,0.777133888737797);
#19=CONICAL_SURFACE('',#1558,3.35,0.777133888737797);
#20=CONICAL_SURFACE('',#1568,3.35,0.777133888737797);
#21=CONICAL_SURFACE('',#1619,3.35,0.777133888737797);
#22=CONICAL_SURFACE('',#1624,3.35,0.777133888737797);
#23=CONICAL_SURFACE('',#1631,3.35,0.777133888737797);
#24=CONICAL_SURFACE('',#1637,3.35,0.777133888737797);
#25=CONICAL_SURFACE('',#1642,3.35,0.777133888737797);
#26=CONICAL_SURFACE('',#1649,3.35,0.777133888737797);
#27=CONICAL_SURFACE('',#1654,3.35,0.777133888737797);
#28=CONICAL_SURFACE('',#1661,3.35,0.777133888737797);
#29=CONICAL_SURFACE('',#1667,3.35,0.777133888737797);
#30=CONICAL_SURFACE('',#1672,3.35,0.777133888737797);
#31=CONICAL_SURFACE('',#1679,3.35,0.777133888737797);
#32=CONICAL_SURFACE('',#1684,3.35,0.777133888737797);
#33=CONICAL_SURFACE('',#1691,3.35,0.777133888737797);
#34=CONICAL_SURFACE('',#1697,3.35,0.777133888737797);
#35=CONICAL_SURFACE('',#1702,3.35,0.777133888737797);
#36=FACE_BOUND('',#199,.T.);
#37=FACE_BOUND('',#203,.T.);
#38=FACE_BOUND('',#207,.T.);
#39=FACE_BOUND('',#211,.T.);
#40=FACE_BOUND('',#215,.T.);
#41=FACE_BOUND('',#219,.T.);
#42=FACE_BOUND('',#229,.T.);
#43=FACE_BOUND('',#233,.T.);
#44=FACE_BOUND('',#237,.T.);
#45=FACE_BOUND('',#241,.T.);
#46=FACE_BOUND('',#246,.T.);
#47=FACE_BOUND('',#285,.T.);
#48=FACE_BOUND('',#286,.T.);
#49=FACE_BOUND('',#287,.T.);
#50=FACE_BOUND('',#288,.T.);
#51=FACE_BOUND('',#289,.T.);
#52=FACE_BOUND('',#290,.T.);
#53=FACE_BOUND('',#291,.T.);
#54=FACE_BOUND('',#292,.T.);
#55=FACE_BOUND('',#293,.T.);
#56=FACE_BOUND('',#294,.T.);
#57=FACE_BOUND('',#295,.T.);
#58=FACE_BOUND('',#296,.T.);
#59=FACE_BOUND('',#297,.T.);
#60=FACE_BOUND('',#298,.T.);
#61=FACE_BOUND('',#299,.T.);
#62=FACE_BOUND('',#300,.T.);
#63=FACE_BOUND('',#301,.T.);
#64=FACE_BOUND('',#302,.T.);
#65=FACE_BOUND('',#303,.T.);
#66=FACE_BOUND('',#304,.T.);
#67=FACE_BOUND('',#305,.T.);
#68=FACE_BOUND('',#306,.T.);
#69=FACE_BOUND('',#307,.T.);
#70=FACE_BOUND('',#308,.T.);
#71=FACE_BOUND('',#309,.T.);
#72=FACE_BOUND('',#310,.T.);
#73=FACE_BOUND('',#313,.T.);
#74=FACE_BOUND('',#314,.T.);
#75=FACE_BOUND('',#315,.T.);
#76=FACE_BOUND('',#316,.T.);
#77=FACE_BOUND('',#317,.T.);
#78=FACE_BOUND('',#318,.T.);
#79=FACE_BOUND('',#319,.T.);
#80=FACE_BOUND('',#320,.T.);
#81=FACE_BOUND('',#321,.T.);
#82=FACE_BOUND('',#322,.T.);
#83=FACE_BOUND('',#323,.T.);
#84=FACE_BOUND('',#324,.T.);
#85=FACE_BOUND('',#325,.T.);
#86=FACE_BOUND('',#326,.T.);
#87=FACE_BOUND('',#327,.T.);
#88=FACE_BOUND('',#328,.T.);
#89=FACE_BOUND('',#329,.T.);
#90=FACE_BOUND('',#330,.T.);
#91=FACE_BOUND('',#331,.T.);
#92=FACE_BOUND('',#332,.T.);
#93=FACE_BOUND('',#333,.T.);
#94=FACE_BOUND('',#334,.T.);
#95=FACE_BOUND('',#335,.T.);
#96=FACE_BOUND('',#337,.T.);
#97=FACE_BOUND('',#338,.T.);
#98=FACE_BOUND('',#339,.T.);
#99=FACE_BOUND('',#340,.T.);
#100=FACE_BOUND('',#341,.T.);
#101=FACE_BOUND('',#342,.T.);
#102=FACE_BOUND('',#343,.T.);
#103=PLANE('',#1514);
#104=PLANE('',#1523);
#105=PLANE('',#1535);
#106=PLANE('',#1544);
#107=PLANE('',#1556);
#108=PLANE('',#1565);
#109=PLANE('',#1587);
#110=PLANE('',#1594);
#111=PLANE('',#1601);
#112=PLANE('',#1608);
#113=PLANE('',#1618);
#114=PLANE('',#1712);
#115=PLANE('',#1716);
#116=PLANE('',#1717);
#117=FACE_OUTER_BOUND('',#197,.T.);
#118=FACE_OUTER_BOUND('',#198,.T.);
#119=FACE_OUTER_BOUND('',#200,.T.);
#120=FACE_OUTER_BOUND('',#201,.T.);
#121=FACE_OUTER_BOUND('',#202,.T.);
#122=FACE_OUTER_BOUND('',#204,.T.);
#123=FACE_OUTER_BOUND('',#205,.T.);
#124=FACE_OUTER_BOUND('',#206,.T.);
#125=FACE_OUTER_BOUND('',#208,.T.);
#126=FACE_OUTER_BOUND('',#209,.T.);
#127=FACE_OUTER_BOUND('',#210,.T.);
#128=FACE_OUTER_BOUND('',#212,.T.);
#129=FACE_OUTER_BOUND('',#213,.T.);
#130=FACE_OUTER_BOUND('',#214,.T.);
#131=FACE_OUTER_BOUND('',#216,.T.);
#132=FACE_OUTER_BOUND('',#217,.T.);
#133=FACE_OUTER_BOUND('',#218,.T.);
#134=FACE_OUTER_BOUND('',#220,.T.);
#135=FACE_OUTER_BOUND('',#221,.T.);
#136=FACE_OUTER_BOUND('',#222,.T.);
#137=FACE_OUTER_BOUND('',#223,.T.);
#138=FACE_OUTER_BOUND('',#224,.T.);
#139=FACE_OUTER_BOUND('',#225,.T.);
#140=FACE_OUTER_BOUND('',#226,.T.);
#141=FACE_OUTER_BOUND('',#227,.T.);
#142=FACE_OUTER_BOUND('',#228,.T.);
#143=FACE_OUTER_BOUND('',#230,.T.);
#144=FACE_OUTER_BOUND('',#231,.T.);
#145=FACE_OUTER_BOUND('',#232,.T.);
#146=FACE_OUTER_BOUND('',#234,.T.);
#147=FACE_OUTER_BOUND('',#235,.T.);
#148=FACE_OUTER_BOUND('',#236,.T.);
#149=FACE_OUTER_BOUND('',#238,.T.);
#150=FACE_OUTER_BOUND('',#239,.T.);
#151=FACE_OUTER_BOUND('',#240,.T.);
#152=FACE_OUTER_BOUND('',#242,.T.);
#153=FACE_OUTER_BOUND('',#243,.T.);
#154=FACE_OUTER_BOUND('',#244,.T.);
#155=FACE_OUTER_BOUND('',#245,.T.);
#156=FACE_OUTER_BOUND('',#247,.T.);
#157=FACE_OUTER_BOUND('',#248,.T.);
#158=FACE_OUTER_BOUND('',#249,.T.);
#159=FACE_OUTER_BOUND('',#250,.T.);
#160=FACE_OUTER_BOUND('',#251,.T.);
#161=FACE_OUTER_BOUND('',#252,.T.);
#162=FACE_OUTER_BOUND('',#253,.T.);
#163=FACE_OUTER_BOUND('',#254,.T.);
#164=FACE_OUTER_BOUND('',#255,.T.);
#165=FACE_OUTER_BOUND('',#256,.T.);
#166=FACE_OUTER_BOUND('',#257,.T.);
#167=FACE_OUTER_BOUND('',#258,.T.);
#168=FACE_OUTER_BOUND('',#259,.T.);
#169=FACE_OUTER_BOUND('',#260,.T.);
#170=FACE_OUTER_BOUND('',#261,.T.);
#171=FACE_OUTER_BOUND('',#262,.T.);
#172=FACE_OUTER_BOUND('',#263,.T.);
#173=FACE_OUTER_BOUND('',#264,.T.);
#174=FACE_OUTER_BOUND('',#265,.T.);
#175=FACE_OUTER_BOUND('',#266,.T.);
#176=FACE_OUTER_BOUND('',#267,.T.);
#177=FACE_OUTER_BOUND('',#268,.T.);
#178=FACE_OUTER_BOUND('',#269,.T.);
#179=FACE_OUTER_BOUND('',#270,.T.);
#180=FACE_OUTER_BOUND('',#271,.T.);
#181=FACE_OUTER_BOUND('',#272,.T.);
#182=FACE_OUTER_BOUND('',#273,.T.);
#183=FACE_OUTER_BOUND('',#274,.T.);
#184=FACE_OUTER_BOUND('',#275,.T.);
#185=FACE_OUTER_BOUND('',#276,.T.);
#186=FACE_OUTER_BOUND('',#277,.T.);
#187=FACE_OUTER_BOUND('',#278,.T.);
#188=FACE_OUTER_BOUND('',#279,.T.);
#189=FACE_OUTER_BOUND('',#280,.T.);
#190=FACE_OUTER_BOUND('',#281,.T.);
#191=FACE_OUTER_BOUND('',#282,.T.);
#192=FACE_OUTER_BOUND('',#283,.T.);
#193=FACE_OUTER_BOUND('',#284,.T.);
#194=FACE_OUTER_BOUND('',#311,.T.);
#195=FACE_OUTER_BOUND('',#312,.T.);
#196=FACE_OUTER_BOUND('',#336,.T.);
#197=EDGE_LOOP('',(#956,#957,#958,#959,#960,#961,#962,#963));
#198=EDGE_LOOP('',(#964));
#199=EDGE_LOOP('',(#965));
#200=EDGE_LOOP('',(#966,#967,#968,#969,#970,#971));
#201=EDGE_LOOP('',(#972,#973,#974,#975,#976,#977));
#202=EDGE_LOOP('',(#978,#979));
#203=EDGE_LOOP('',(#980));
#204=EDGE_LOOP('',(#981,#982,#983,#984,#985));
#205=EDGE_LOOP('',(#986,#987,#988,#989,#990,#991,#992,#993));
#206=EDGE_LOOP('',(#994));
#207=EDGE_LOOP('',(#995));
#208=EDGE_LOOP('',(#996,#997,#998,#999,#1000,#1001));
#209=EDGE_LOOP('',(#1002,#1003,#1004,#1005,#1006,#1007));
#210=EDGE_LOOP('',(#1008,#1009));
#211=EDGE_LOOP('',(#1010));
#212=EDGE_LOOP('',(#1011,#1012,#1013,#1014,#1015));
#213=EDGE_LOOP('',(#1016,#1017,#1018,#1019,#1020,#1021,#1022,#1023));
#214=EDGE_LOOP('',(#1024));
#215=EDGE_LOOP('',(#1025));
#216=EDGE_LOOP('',(#1026,#1027,#1028,#1029,#1030,#1031));
#217=EDGE_LOOP('',(#1032,#1033,#1034,#1035,#1036,#1037));
#218=EDGE_LOOP('',(#1038,#1039));
#219=EDGE_LOOP('',(#1040));
#220=EDGE_LOOP('',(#1041,#1042,#1043,#1044,#1045));
#221=EDGE_LOOP('',(#1046,#1047,#1048,#1049));
#222=EDGE_LOOP('',(#1050,#1051,#1052,#1053));
#223=EDGE_LOOP('',(#1054,#1055,#1056,#1057));
#224=EDGE_LOOP('',(#1058,#1059,#1060,#1061));
#225=EDGE_LOOP('',(#1062,#1063,#1064,#1065));
#226=EDGE_LOOP('',(#1066,#1067,#1068,#1069));
#227=EDGE_LOOP('',(#1070,#1071,#1072,#1073));
#228=EDGE_LOOP('',(#1074));
#229=EDGE_LOOP('',(#1075));
#230=EDGE_LOOP('',(#1076,#1077,#1078,#1079));
#231=EDGE_LOOP('',(#1080,#1081,#1082,#1083));
#232=EDGE_LOOP('',(#1084));
#233=EDGE_LOOP('',(#1085));
#234=EDGE_LOOP('',(#1086,#1087,#1088,#1089));
#235=EDGE_LOOP('',(#1090,#1091,#1092,#1093));
#236=EDGE_LOOP('',(#1094));
#237=EDGE_LOOP('',(#1095));
#238=EDGE_LOOP('',(#1096,#1097,#1098,#1099));
#239=EDGE_LOOP('',(#1100,#1101,#1102,#1103));
#240=EDGE_LOOP('',(#1104));
#241=EDGE_LOOP('',(#1105));
#242=EDGE_LOOP('',(#1106,#1107,#1108,#1109));
#243=EDGE_LOOP('',(#1110,#1111,#1112,#1113));
#244=EDGE_LOOP('',(#1114,#1115,#1116,#1117));
#245=EDGE_LOOP('',(#1118));
#246=EDGE_LOOP('',(#1119));
#247=EDGE_LOOP('',(#1120,#1121,#1122,#1123));
#248=EDGE_LOOP('',(#1124,#1125,#1126,#1127));
#249=EDGE_LOOP('',(#1128,#1129,#1130,#1131));
#250=EDGE_LOOP('',(#1132,#1133,#1134,#1135));
#251=EDGE_LOOP('',(#1136,#1137,#1138,#1139));
#252=EDGE_LOOP('',(#1140,#1141,#1142,#1143,#1144,#1145));
#253=EDGE_LOOP('',(#1146,#1147,#1148,#1149));
#254=EDGE_LOOP('',(#1150,#1151,#1152,#1153));
#255=EDGE_LOOP('',(#1154,#1155,#1156,#1157));
#256=EDGE_LOOP('',(#1158,#1159,#1160,#1161));
#257=EDGE_LOOP('',(#1162,#1163,#1164,#1165));
#258=EDGE_LOOP('',(#1166,#1167,#1168,#1169,#1170,#1171,#1172,#1173));
#259=EDGE_LOOP('',(#1174,#1175,#1176,#1177));
#260=EDGE_LOOP('',(#1178,#1179,#1180,#1181));
#261=EDGE_LOOP('',(#1182,#1183,#1184,#1185));
#262=EDGE_LOOP('',(#1186,#1187,#1188,#1189));
#263=EDGE_LOOP('',(#1190,#1191,#1192,#1193));
#264=EDGE_LOOP('',(#1194,#1195,#1196,#1197,#1198,#1199));
#265=EDGE_LOOP('',(#1200,#1201,#1202,#1203));
#266=EDGE_LOOP('',(#1204,#1205,#1206,#1207));
#267=EDGE_LOOP('',(#1208,#1209,#1210,#1211));
#268=EDGE_LOOP('',(#1212,#1213,#1214,#1215));
#269=EDGE_LOOP('',(#1216,#1217,#1218,#1219));
#270=EDGE_LOOP('',(#1220,#1221,#1222,#1223,#1224,#1225,#1226,#1227));
#271=EDGE_LOOP('',(#1228,#1229,#1230,#1231));
#272=EDGE_LOOP('',(#1232,#1233,#1234,#1235));
#273=EDGE_LOOP('',(#1236,#1237,#1238,#1239));
#274=EDGE_LOOP('',(#1240,#1241,#1242,#1243));
#275=EDGE_LOOP('',(#1244,#1245,#1246,#1247));
#276=EDGE_LOOP('',(#1248,#1249,#1250,#1251,#1252,#1253));
#277=EDGE_LOOP('',(#1254,#1255,#1256,#1257));
#278=EDGE_LOOP('',(#1258,#1259,#1260,#1261));
#279=EDGE_LOOP('',(#1262,#1263,#1264,#1265));
#280=EDGE_LOOP('',(#1266,#1267,#1268,#1269));
#281=EDGE_LOOP('',(#1270,#1271,#1272,#1273));
#282=EDGE_LOOP('',(#1274,#1275,#1276,#1277,#1278,#1279,#1280,#1281));
#283=EDGE_LOOP('',(#1282,#1283,#1284,#1285));
#284=EDGE_LOOP('',(#1286));
#285=EDGE_LOOP('',(#1287));
#286=EDGE_LOOP('',(#1288));
#287=EDGE_LOOP('',(#1289));
#288=EDGE_LOOP('',(#1290));
#289=EDGE_LOOP('',(#1291));
#290=EDGE_LOOP('',(#1292));
#291=EDGE_LOOP('',(#1293));
#292=EDGE_LOOP('',(#1294));
#293=EDGE_LOOP('',(#1295));
#294=EDGE_LOOP('',(#1296));
#295=EDGE_LOOP('',(#1297));
#296=EDGE_LOOP('',(#1298));
#297=EDGE_LOOP('',(#1299));
#298=EDGE_LOOP('',(#1300));
#299=EDGE_LOOP('',(#1301));
#300=EDGE_LOOP('',(#1302));
#301=EDGE_LOOP('',(#1303));
#302=EDGE_LOOP('',(#1304));
#303=EDGE_LOOP('',(#1305));
#304=EDGE_LOOP('',(#1306));
#305=EDGE_LOOP('',(#1307));
#306=EDGE_LOOP('',(#1308));
#307=EDGE_LOOP('',(#1309));
#308=EDGE_LOOP('',(#1310));
#309=EDGE_LOOP('',(#1311));
#310=EDGE_LOOP('',(#1312));
#311=EDGE_LOOP('',(#1313,#1314,#1315,#1316));
#312=EDGE_LOOP('',(#1317));
#313=EDGE_LOOP('',(#1318));
#314=EDGE_LOOP('',(#1319));
#315=EDGE_LOOP('',(#1320));
#316=EDGE_LOOP('',(#1321));
#317=EDGE_LOOP('',(#1322));
#318=EDGE_LOOP('',(#1323));
#319=EDGE_LOOP('',(#1324,#1325));
#320=EDGE_LOOP('',(#1326));
#321=EDGE_LOOP('',(#1327));
#322=EDGE_LOOP('',(#1328));
#323=EDGE_LOOP('',(#1329));
#324=EDGE_LOOP('',(#1330,#1331));
#325=EDGE_LOOP('',(#1332));
#326=EDGE_LOOP('',(#1333));
#327=EDGE_LOOP('',(#1334));
#328=EDGE_LOOP('',(#1335));
#329=EDGE_LOOP('',(#1336,#1337));
#330=EDGE_LOOP('',(#1338));
#331=EDGE_LOOP('',(#1339));
#332=EDGE_LOOP('',(#1340));
#333=EDGE_LOOP('',(#1341,#1342,#1343,#1344,#1345,#1346,#1347));
#334=EDGE_LOOP('',(#1348,#1349,#1350,#1351,#1352,#1353,#1354));
#335=EDGE_LOOP('',(#1355,#1356,#1357,#1358,#1359,#1360,#1361));
#336=EDGE_LOOP('',(#1362));
#337=EDGE_LOOP('',(#1363));
#338=EDGE_LOOP('',(#1364));
#339=EDGE_LOOP('',(#1365));
#340=EDGE_LOOP('',(#1366));
#341=EDGE_LOOP('',(#1367));
#342=EDGE_LOOP('',(#1368));
#343=EDGE_LOOP('',(#1369));
#344=LINE('',#2226,#410);
#345=LINE('',#2236,#411);
#346=LINE('',#2242,#412);
#347=LINE('',#2246,#413);
#348=LINE('',#2288,#414);
#349=LINE('',#2298,#415);
#350=LINE('',#2304,#416);
#351=LINE('',#2308,#417);
#352=LINE('',#2350,#418);
#353=LINE('',#2360,#419);
#354=LINE('',#2366,#420);
#355=LINE('',#2370,#421);
#356=LINE('',#2393,#422);
#357=LINE('',#2397,#423);
#358=LINE('',#2401,#424);
#359=LINE('',#2405,#425);
#360=LINE('',#2409,#426);
#361=LINE('',#2413,#427);
#362=LINE('',#2419,#428);
#363=LINE('',#2427,#429);
#364=LINE('',#2432,#430);
#365=LINE('',#2440,#431);
#366=LINE('',#2445,#432);
#367=LINE('',#2453,#433);
#368=LINE('',#2458,#434);
#369=LINE('',#2466,#435);
#370=LINE('',#2471,#436);
#371=LINE('',#2477,#437);
#372=LINE('',#2484,#438);
#373=LINE('',#2488,#439);
#374=LINE('',#2494,#440);
#375=LINE('',#2498,#441);
#376=LINE('',#2502,#442);
#377=LINE('',#2508,#443);
#378=LINE('',#2513,#444);
#379=LINE('',#2519,#445);
#380=LINE('',#2523,#446);
#381=LINE('',#2529,#447);
#382=LINE('',#2533,#448);
#383=LINE('',#2537,#449);
#384=LINE('',#2543,#450);
#385=LINE('',#2547,#451);
#386=LINE('',#2553,#452);
#387=LINE('',#2557,#453);
#388=LINE('',#2561,#454);
#389=LINE('',#2567,#455);
#390=LINE('',#2572,#456);
#391=LINE('',#2578,#457);
#392=LINE('',#2582,#458);
#393=LINE('',#2588,#459);
#394=LINE('',#2592,#460);
#395=LINE('',#2596,#461);
#396=LINE('',#2602,#462);
#397=LINE('',#2606,#463);
#398=LINE('',#2612,#464);
#399=LINE('',#2616,#465);
#400=LINE('',#2620,#466);
#401=LINE('',#2626,#467);
#402=LINE('',#2631,#468);
#403=LINE('',#2637,#469);
#404=LINE('',#2641,#470);
#405=LINE('',#2647,#471);
#406=LINE('',#2651,#472);
#407=LINE('',#2655,#473);
#408=LINE('',#2661,#474);
#409=LINE('',#2668,#475);
#410=VECTOR('',#1726,3.25);
#411=VECTOR('',#1739,3.35);
#412=VECTOR('',#1746,10.);
#413=VECTOR('',#1749,10.);
#414=VECTOR('',#1772,3.25);
#415=VECTOR('',#1785,3.35);
#416=VECTOR('',#1792,10.);
#417=VECTOR('',#1795,10.);
#418=VECTOR('',#1818,3.25);
#419=VECTOR('',#1831,3.35);
#420=VECTOR('',#1838,10.);
#421=VECTOR('',#1841,10.);
#422=VECTOR('',#1860,1.6);
#423=VECTOR('',#1865,1.6);
#424=VECTOR('',#1870,1.6);
#425=VECTOR('',#1875,1.6);
#426=VECTOR('',#1880,1.6);
#427=VECTOR('',#1885,1.6);
#428=VECTOR('',#1892,3.);
#429=VECTOR('',#1903,1.7);
#430=VECTOR('',#1908,3.);
#431=VECTOR('',#1919,1.7);
#432=VECTOR('',#1924,3.);
#433=VECTOR('',#1935,1.7);
#434=VECTOR('',#1940,3.);
#435=VECTOR('',#1951,1.7);
#436=VECTOR('',#1956,7.);
#437=VECTOR('',#1963,11.25);
#438=VECTOR('',#1972,3.35);
#439=VECTOR('',#1977,3.05);
#440=VECTOR('',#1984,3.35);
#441=VECTOR('',#1989,3.05);
#442=VECTOR('',#1994,3.05);
#443=VECTOR('',#2001,3.35);
#444=VECTOR('',#2008,3.05);
#445=VECTOR('',#2015,3.35);
#446=VECTOR('',#2020,3.05);
#447=VECTOR('',#2027,3.35);
#448=VECTOR('',#2032,3.05);
#449=VECTOR('',#2037,3.05);
#450=VECTOR('',#2044,3.35);
#451=VECTOR('',#2049,3.05);
#452=VECTOR('',#2056,3.35);
#453=VECTOR('',#2061,3.05);
#454=VECTOR('',#2066,3.05);
#455=VECTOR('',#2073,3.35);
#456=VECTOR('',#2080,3.05);
#457=VECTOR('',#2087,3.35);
#458=VECTOR('',#2092,3.05);
#459=VECTOR('',#2099,3.35);
#460=VECTOR('',#2104,3.05);
#461=VECTOR('',#2109,3.05);
#462=VECTOR('',#2116,3.35);
#463=VECTOR('',#2121,3.05);
#464=VECTOR('',#2128,3.35);
#465=VECTOR('',#2133,3.05);
#466=VECTOR('',#2138,3.05);
#467=VECTOR('',#2145,3.35);
#468=VECTOR('',#2152,3.05);
#469=VECTOR('',#2159,3.35);
#470=VECTOR('',#2164,3.05);
#471=VECTOR('',#2171,3.35);
#472=VECTOR('',#2176,3.05);
#473=VECTOR('',#2181,3.05);
#474=VECTOR('',#2188,31.25);
#475=VECTOR('',#2197,38.);
#476=CIRCLE('',#1510,3.25);
#477=CIRCLE('',#1511,3.25);
#478=CIRCLE('',#1512,3.25);
#479=CIRCLE('',#1513,3.25);
#480=CIRCLE('',#1515,1.6);
#481=CIRCLE('',#1517,3.64016393442623);
#482=CIRCLE('',#1518,3.05);
#483=CIRCLE('',#1519,3.64016393442623);
#484=CIRCLE('',#1521,3.25);
#485=CIRCLE('',#1522,3.25);
#486=CIRCLE('',#1524,3.05);
#487=CIRCLE('',#1525,1.6);
#488=CIRCLE('',#1527,3.64016393442623);
#489=CIRCLE('',#1528,3.05);
#490=CIRCLE('',#1529,3.05);
#491=CIRCLE('',#1531,3.25);
#492=CIRCLE('',#1532,3.25);
#493=CIRCLE('',#1533,3.25);
#494=CIRCLE('',#1534,3.25);
#495=CIRCLE('',#1536,1.6);
#496=CIRCLE('',#1538,3.64016393442623);
#497=CIRCLE('',#1539,3.05);
#498=CIRCLE('',#1540,3.64016393442623);
#499=CIRCLE('',#1542,3.25);
#500=CIRCLE('',#1543,3.25);
#501=CIRCLE('',#1545,3.05);
#502=CIRCLE('',#1546,1.6);
#503=CIRCLE('',#1548,3.64016393442623);
#504=CIRCLE('',#1549,3.05);
#505=CIRCLE('',#1550,3.05);
#506=CIRCLE('',#1552,3.25);
#507=CIRCLE('',#1553,3.25);
#508=CIRCLE('',#1554,3.25);
#509=CIRCLE('',#1555,3.25);
#510=CIRCLE('',#1557,1.6);
#511=CIRCLE('',#1559,3.64016393442623);
#512=CIRCLE('',#1560,3.05);
#513=CIRCLE('',#1561,3.64016393442623);
#514=CIRCLE('',#1563,3.25);
#515=CIRCLE('',#1564,3.25);
#516=CIRCLE('',#1566,3.05);
#517=CIRCLE('',#1567,1.6);
#518=CIRCLE('',#1569,3.64016393442623);
#519=CIRCLE('',#1570,3.05);
#520=CIRCLE('',#1571,3.05);
#521=CIRCLE('',#1573,1.6);
#522=CIRCLE('',#1575,1.6);
#523=CIRCLE('',#1577,1.6);
#524=CIRCLE('',#1579,1.6);
#525=CIRCLE('',#1581,1.6);
#526=CIRCLE('',#1583,1.6);
#527=CIRCLE('',#1585,3.);
#528=CIRCLE('',#1586,3.);
#529=CIRCLE('',#1588,1.7);
#530=CIRCLE('',#1590,1.7);
#531=CIRCLE('',#1592,3.);
#532=CIRCLE('',#1593,3.);
#533=CIRCLE('',#1595,1.7);
#534=CIRCLE('',#1597,1.7);
#535=CIRCLE('',#1599,3.);
#536=CIRCLE('',#1600,3.);
#537=CIRCLE('',#1602,1.7);
#538=CIRCLE('',#1604,1.7);
#539=CIRCLE('',#1606,3.);
#540=CIRCLE('',#1607,3.);
#541=CIRCLE('',#1609,1.7);
#542=CIRCLE('',#1611,1.7);
#543=CIRCLE('',#1613,7.);
#544=CIRCLE('',#1614,7.);
#545=CIRCLE('',#1616,11.25);
#546=CIRCLE('',#1617,11.25);
#547=CIRCLE('',#1620,3.64016393442623);
#548=CIRCLE('',#1621,3.05);
#549=CIRCLE('',#1623,3.05);
#550=CIRCLE('',#1625,3.64016393442623);
#551=CIRCLE('',#1626,3.05);
#552=CIRCLE('',#1628,3.05);
#553=CIRCLE('',#1630,3.05);
#554=CIRCLE('',#1632,3.64016393442623);
#555=CIRCLE('',#1633,3.05);
#556=CIRCLE('',#1634,3.64016393442623);
#557=CIRCLE('',#1636,3.05);
#558=CIRCLE('',#1638,3.64016393442623);
#559=CIRCLE('',#1639,3.05);
#560=CIRCLE('',#1641,3.05);
#561=CIRCLE('',#1643,3.64016393442623);
#562=CIRCLE('',#1644,3.05);
#563=CIRCLE('',#1646,3.05);
#564=CIRCLE('',#1648,3.05);
#565=CIRCLE('',#1650,3.64016393442623);
#566=CIRCLE('',#1651,3.05);
#567=CIRCLE('',#1653,3.05);
#568=CIRCLE('',#1655,3.64016393442623);
#569=CIRCLE('',#1656,3.05);
#570=CIRCLE('',#1658,3.05);
#571=CIRCLE('',#1660,3.05);
#572=CIRCLE('',#1662,3.64016393442623);
#573=CIRCLE('',#1663,3.05);
#574=CIRCLE('',#1664,3.64016393442623);
#575=CIRCLE('',#1666,3.05);
#576=CIRCLE('',#1668,3.64016393442623);
#577=CIRCLE('',#1669,3.05);
#578=CIRCLE('',#1671,3.05);
#579=CIRCLE('',#1673,3.64016393442623);
#580=CIRCLE('',#1674,3.05);
#581=CIRCLE('',#1676,3.05);
#582=CIRCLE('',#1678,3.05);
#583=CIRCLE('',#1680,3.64016393442623);
#584=CIRCLE('',#1681,3.05);
#585=CIRCLE('',#1683,3.05);
#586=CIRCLE('',#1685,3.64016393442623);
#587=CIRCLE('',#1686,3.05);
#588=CIRCLE('',#1688,3.05);
#589=CIRCLE('',#1690,3.05);
#590=CIRCLE('',#1692,3.64016393442623);
#591=CIRCLE('',#1693,3.05);
#592=CIRCLE('',#1694,3.64016393442623);
#593=CIRCLE('',#1696,3.05);
#594=CIRCLE('',#1698,3.64016393442623);
#595=CIRCLE('',#1699,3.05);
#596=CIRCLE('',#1701,3.05);
#597=CIRCLE('',#1703,3.64016393442623);
#598=CIRCLE('',#1704,3.05);
#599=CIRCLE('',#1706,3.05);
#600=CIRCLE('',#1708,3.05);
#601=CIRCLE('',#1710,31.25);
#602=CIRCLE('',#1711,31.25);
#603=CIRCLE('',#1714,38.);
#604=CIRCLE('',#1715,38.);
#605=B_SPLINE_CURVE_WITH_KNOTS('',3,(#2208,#2209,#2210,#2211,#2212,#2213),
 .UNSPECIFIED.,.F.,.F.,(4,2,4),(1.90062502337739,1.96862804234687,2.03663106131634),
 .UNSPECIFIED.);
#606=B_SPLINE_CURVE_WITH_KNOTS('',3,(#2217,#2218,#2219,#2220,#2221,#2222),
 .UNSPECIFIED.,.F.,.F.,(4,2,4),(1.90062502337739,1.96862804234686,2.03663106131634),
 .UNSPECIFIED.);
#607=B_SPLINE_CURVE_WITH_KNOTS('',3,(#2248,#2249,#2250,#2251),
 .UNSPECIFIED.,.F.,.F.,(4,4),(1.73320574664243,1.81231781857521),
 .UNSPECIFIED.);
#608=B_SPLINE_CURVE_WITH_KNOTS('',3,(#2254,#2255,#2256,#2257),
 .UNSPECIFIED.,.F.,.F.,(4,4),(2.28741858667216,2.36653065860495),
 .UNSPECIFIED.);
#609=B_SPLINE_CURVE_WITH_KNOTS('',3,(#2270,#2271,#2272,#2273,#2274,#2275),
 .UNSPECIFIED.,.F.,.F.,(4,2,4),(1.9006250233774,1.96862804234686,2.03663106131634),
 .UNSPECIFIED.);
#610=B_SPLINE_CURVE_WITH_KNOTS('',3,(#2279,#2280,#2281,#2282,#2283,#2284),
 .UNSPECIFIED.,.F.,.F.,(4,2,4),(1.90062502337739,1.96862804234686,2.03663106131634),
 .UNSPECIFIED.);
#611=B_SPLINE_CURVE_WITH_KNOTS('',3,(#2310,#2311,#2312,#2313),
 .UNSPECIFIED.,.F.,.F.,(4,4),(1.73320574664243,1.81231781857521),
 .UNSPECIFIED.);
#612=B_SPLINE_CURVE_WITH_KNOTS('',3,(#2316,#2317,#2318,#2319),
 .UNSPECIFIED.,.F.,.F.,(4,4),(2.28741858667216,2.36653065860495),
 .UNSPECIFIED.);
#613=B_SPLINE_CURVE_WITH_KNOTS('',3,(#2332,#2333,#2334,#2335,#2336,#2337),
 .UNSPECIFIED.,.F.,.F.,(4,2,4),(1.90062502337739,1.96862804234686,2.03663106131634),
 .UNSPECIFIED.);
#614=B_SPLINE_CURVE_WITH_KNOTS('',3,(#2341,#2342,#2343,#2344,#2345,#2346),
 .UNSPECIFIED.,.F.,.F.,(4,2,4),(1.90062502337739,1.96862804234686,2.03663106131633),
 .UNSPECIFIED.);
#615=B_SPLINE_CURVE_WITH_KNOTS('',3,(#2372,#2373,#2374,#2375),
 .UNSPECIFIED.,.F.,.F.,(4,4),(1.73320574664243,1.81231781857521),
 .UNSPECIFIED.);
#616=B_SPLINE_CURVE_WITH_KNOTS('',3,(#2378,#2379,#2380,#2381),
 .UNSPECIFIED.,.F.,.F.,(4,4),(2.28741858667216,2.36653065860495),
 .UNSPECIFIED.);
#617=VERTEX_POINT('',#2206);
#618=VERTEX_POINT('',#2207);
#619=VERTEX_POINT('',#2214);
#620=VERTEX_POINT('',#2216);
#621=VERTEX_POINT('',#2223);
#622=VERTEX_POINT('',#2225);
#623=VERTEX_POINT('',#2230);
#624=VERTEX_POINT('',#2233);
#625=VERTEX_POINT('',#2235);
#626=VERTEX_POINT('',#2240);
#627=VERTEX_POINT('',#2241);
#628=VERTEX_POINT('',#2243);
#629=VERTEX_POINT('',#2245);
#630=VERTEX_POINT('',#2247);
#631=VERTEX_POINT('',#2252);
#632=VERTEX_POINT('',#2260);
#633=VERTEX_POINT('',#2264);
#634=VERTEX_POINT('',#2268);
#635=VERTEX_POINT('',#2269);
#636=VERTEX_POINT('',#2276);
#637=VERTEX_POINT('',#2278);
#638=VERTEX_POINT('',#2285);
#639=VERTEX_POINT('',#2287);
#640=VERTEX_POINT('',#2292);
#641=VERTEX_POINT('',#2295);
#642=VERTEX_POINT('',#2297);
#643=VERTEX_POINT('',#2302);
#644=VERTEX_POINT('',#2303);
#645=VERTEX_POINT('',#2305);
#646=VERTEX_POINT('',#2307);
#647=VERTEX_POINT('',#2309);
#648=VERTEX_POINT('',#2314);
#649=VERTEX_POINT('',#2322);
#650=VERTEX_POINT('',#2326);
#651=VERTEX_POINT('',#2330);
#652=VERTEX_POINT('',#2331);
#653=VERTEX_POINT('',#2338);
#654=VERTEX_POINT('',#2340);
#655=VERTEX_POINT('',#2347);
#656=VERTEX_POINT('',#2349);
#657=VERTEX_POINT('',#2354);
#658=VERTEX_POINT('',#2357);
#659=VERTEX_POINT('',#2359);
#660=VERTEX_POINT('',#2364);
#661=VERTEX_POINT('',#2365);
#662=VERTEX_POINT('',#2367);
#663=VERTEX_POINT('',#2369);
#664=VERTEX_POINT('',#2371);
#665=VERTEX_POINT('',#2376);
#666=VERTEX_POINT('',#2384);
#667=VERTEX_POINT('',#2388);
#668=VERTEX_POINT('',#2392);
#669=VERTEX_POINT('',#2396);
#670=VERTEX_POINT('',#2400);
#671=VERTEX_POINT('',#2404);
#672=VERTEX_POINT('',#2408);
#673=VERTEX_POINT('',#2412);
#674=VERTEX_POINT('',#2416);
#675=VERTEX_POINT('',#2418);
#676=VERTEX_POINT('',#2422);
#677=VERTEX_POINT('',#2425);
#678=VERTEX_POINT('',#2429);
#679=VERTEX_POINT('',#2431);
#680=VERTEX_POINT('',#2435);
#681=VERTEX_POINT('',#2438);
#682=VERTEX_POINT('',#2442);
#683=VERTEX_POINT('',#2444);
#684=VERTEX_POINT('',#2448);
#685=VERTEX_POINT('',#2451);
#686=VERTEX_POINT('',#2455);
#687=VERTEX_POINT('',#2457);
#688=VERTEX_POINT('',#2461);
#689=VERTEX_POINT('',#2464);
#690=VERTEX_POINT('',#2468);
#691=VERTEX_POINT('',#2470);
#692=VERTEX_POINT('',#2474);
#693=VERTEX_POINT('',#2476);
#694=VERTEX_POINT('',#2481);
#695=VERTEX_POINT('',#2483);
#696=VERTEX_POINT('',#2487);
#697=VERTEX_POINT('',#2491);
#698=VERTEX_POINT('',#2493);
#699=VERTEX_POINT('',#2497);
#700=VERTEX_POINT('',#2501);
#701=VERTEX_POINT('',#2505);
#702=VERTEX_POINT('',#2507);
#703=VERTEX_POINT('',#2512);
#704=VERTEX_POINT('',#2516);
#705=VERTEX_POINT('',#2518);
#706=VERTEX_POINT('',#2522);
#707=VERTEX_POINT('',#2526);
#708=VERTEX_POINT('',#2528);
#709=VERTEX_POINT('',#2532);
#710=VERTEX_POINT('',#2536);
#711=VERTEX_POINT('',#2540);
#712=VERTEX_POINT('',#2542);
#713=VERTEX_POINT('',#2546);
#714=VERTEX_POINT('',#2550);
#715=VERTEX_POINT('',#2552);
#716=VERTEX_POINT('',#2556);
#717=VERTEX_POINT('',#2560);
#718=VERTEX_POINT('',#2564);
#719=VERTEX_POINT('',#2566);
#720=VERTEX_POINT('',#2571);
#721=VERTEX_POINT('',#2575);
#722=VERTEX_POINT('',#2577);
#723=VERTEX_POINT('',#2581);
#724=VERTEX_POINT('',#2585);
#725=VERTEX_POINT('',#2587);
#726=VERTEX_POINT('',#2591);
#727=VERTEX_POINT('',#2595);
#728=VERTEX_POINT('',#2599);
#729=VERTEX_POINT('',#2601);
#730=VERTEX_POINT('',#2605);
#731=VERTEX_POINT('',#2609);
#732=VERTEX_POINT('',#2611);
#733=VERTEX_POINT('',#2615);
#734=VERTEX_POINT('',#2619);
#735=VERTEX_POINT('',#2623);
#736=VERTEX_POINT('',#2625);
#737=VERTEX_POINT('',#2630);
#738=VERTEX_POINT('',#2634);
#739=VERTEX_POINT('',#2636);
#740=VERTEX_POINT('',#2640);
#741=VERTEX_POINT('',#2644);
#742=VERTEX_POINT('',#2646);
#743=VERTEX_POINT('',#2650);
#744=VERTEX_POINT('',#2654);
#745=VERTEX_POINT('',#2658);
#746=VERTEX_POINT('',#2660);
#747=VERTEX_POINT('',#2665);
#748=VERTEX_POINT('',#2667);
#749=EDGE_CURVE('',#617,#618,#605,.T.);
#750=EDGE_CURVE('',#619,#617,#476,.T.);
#751=EDGE_CURVE('',#620,#619,#606,.T.);
#752=EDGE_CURVE('',#621,#620,#477,.T.);
#753=EDGE_CURVE('',#621,#622,#344,.T.);
#754=EDGE_CURVE('',#622,#622,#478,.T.);
#755=EDGE_CURVE('',#618,#621,#479,.T.);
#756=EDGE_CURVE('',#623,#623,#480,.T.);
#757=EDGE_CURVE('',#624,#619,#481,.T.);
#758=EDGE_CURVE('',#624,#625,#345,.T.);
#759=EDGE_CURVE('',#625,#625,#482,.T.);
#760=EDGE_CURVE('',#620,#624,#483,.T.);
#761=EDGE_CURVE('',#626,#627,#346,.T.);
#762=EDGE_CURVE('',#626,#628,#484,.T.);
#763=EDGE_CURVE('',#629,#628,#347,.T.);
#764=EDGE_CURVE('',#630,#629,#607,.T.);
#765=EDGE_CURVE('',#631,#630,#485,.T.);
#766=EDGE_CURVE('',#627,#631,#608,.T.);
#767=EDGE_CURVE('',#628,#626,#486,.T.);
#768=EDGE_CURVE('',#632,#632,#487,.T.);
#769=EDGE_CURVE('',#630,#631,#488,.T.);
#770=EDGE_CURVE('',#633,#629,#489,.T.);
#771=EDGE_CURVE('',#627,#633,#490,.T.);
#772=EDGE_CURVE('',#634,#635,#609,.T.);
#773=EDGE_CURVE('',#636,#634,#491,.T.);
#774=EDGE_CURVE('',#637,#636,#610,.T.);
#775=EDGE_CURVE('',#638,#637,#492,.T.);
#776=EDGE_CURVE('',#638,#639,#348,.T.);
#777=EDGE_CURVE('',#639,#639,#493,.T.);
#778=EDGE_CURVE('',#635,#638,#494,.T.);
#779=EDGE_CURVE('',#640,#640,#495,.T.);
#780=EDGE_CURVE('',#641,#636,#496,.T.);
#781=EDGE_CURVE('',#641,#642,#349,.T.);
#782=EDGE_CURVE('',#642,#642,#497,.T.);
#783=EDGE_CURVE('',#637,#641,#498,.T.);
#784=EDGE_CURVE('',#643,#644,#350,.T.);
#785=EDGE_CURVE('',#643,#645,#499,.T.);
#786=EDGE_CURVE('',#646,#645,#351,.T.);
#787=EDGE_CURVE('',#647,#646,#611,.T.);
#788=EDGE_CURVE('',#648,#647,#500,.T.);
#789=EDGE_CURVE('',#644,#648,#612,.T.);
#790=EDGE_CURVE('',#645,#643,#501,.T.);
#791=EDGE_CURVE('',#649,#649,#502,.T.);
#792=EDGE_CURVE('',#647,#648,#503,.T.);
#793=EDGE_CURVE('',#650,#646,#504,.T.);
#794=EDGE_CURVE('',#644,#650,#505,.T.);
#795=EDGE_CURVE('',#651,#652,#613,.T.);
#796=EDGE_CURVE('',#653,#651,#506,.T.);
#797=EDGE_CURVE('',#654,#653,#614,.T.);
#798=EDGE_CURVE('',#655,#654,#507,.T.);
#799=EDGE_CURVE('',#655,#656,#352,.T.);
#800=EDGE_CURVE('',#656,#656,#508,.T.);
#801=EDGE_CURVE('',#652,#655,#509,.T.);
#802=EDGE_CURVE('',#657,#657,#510,.T.);
#803=EDGE_CURVE('',#658,#653,#511,.T.);
#804=EDGE_CURVE('',#658,#659,#353,.T.);
#805=EDGE_CURVE('',#659,#659,#512,.T.);
#806=EDGE_CURVE('',#654,#658,#513,.T.);
#807=EDGE_CURVE('',#660,#661,#354,.T.);
#808=EDGE_CURVE('',#660,#662,#514,.T.);
#809=EDGE_CURVE('',#663,#662,#355,.T.);
#810=EDGE_CURVE('',#664,#663,#615,.T.);
#811=EDGE_CURVE('',#665,#664,#515,.T.);
#812=EDGE_CURVE('',#661,#665,#616,.T.);
#813=EDGE_CURVE('',#662,#660,#516,.T.);
#814=EDGE_CURVE('',#666,#666,#517,.T.);
#815=EDGE_CURVE('',#664,#665,#518,.T.);
#816=EDGE_CURVE('',#667,#663,#519,.T.);
#817=EDGE_CURVE('',#661,#667,#520,.T.);
#818=EDGE_CURVE('',#623,#668,#356,.T.);
#819=EDGE_CURVE('',#668,#668,#521,.T.);
#820=EDGE_CURVE('',#632,#669,#357,.T.);
#821=EDGE_CURVE('',#669,#669,#522,.T.);
#822=EDGE_CURVE('',#640,#670,#358,.T.);
#823=EDGE_CURVE('',#670,#670,#523,.T.);
#824=EDGE_CURVE('',#649,#671,#359,.T.);
#825=EDGE_CURVE('',#671,#671,#524,.T.);
#826=EDGE_CURVE('',#657,#672,#360,.T.);
#827=EDGE_CURVE('',#672,#672,#525,.T.);
#828=EDGE_CURVE('',#666,#673,#361,.T.);
#829=EDGE_CURVE('',#673,#673,#526,.T.);
#830=EDGE_CURVE('',#674,#674,#527,.T.);
#831=EDGE_CURVE('',#674,#675,#362,.T.);
#832=EDGE_CURVE('',#675,#675,#528,.T.);
#833=EDGE_CURVE('',#676,#676,#529,.T.);
#834=EDGE_CURVE('',#677,#677,#530,.T.);
#835=EDGE_CURVE('',#677,#676,#363,.T.);
#836=EDGE_CURVE('',#678,#678,#531,.T.);
#837=EDGE_CURVE('',#678,#679,#364,.T.);
#838=EDGE_CURVE('',#679,#679,#532,.T.);
#839=EDGE_CURVE('',#680,#680,#533,.T.);
#840=EDGE_CURVE('',#681,#681,#534,.T.);
#841=EDGE_CURVE('',#681,#680,#365,.T.);
#842=EDGE_CURVE('',#682,#682,#535,.T.);
#843=EDGE_CURVE('',#682,#683,#366,.T.);
#844=EDGE_CURVE('',#683,#683,#536,.T.);
#845=EDGE_CURVE('',#684,#684,#537,.T.);
#846=EDGE_CURVE('',#685,#685,#538,.T.);
#847=EDGE_CURVE('',#685,#684,#367,.T.);
#848=EDGE_CURVE('',#686,#686,#539,.T.);
#849=EDGE_CURVE('',#686,#687,#368,.T.);
#850=EDGE_CURVE('',#687,#687,#540,.T.);
#851=EDGE_CURVE('',#688,#688,#541,.T.);
#852=EDGE_CURVE('',#689,#689,#542,.T.);
#853=EDGE_CURVE('',#689,#688,#369,.T.);
#854=EDGE_CURVE('',#690,#690,#543,.T.);
#855=EDGE_CURVE('',#690,#691,#370,.T.);
#856=EDGE_CURVE('',#691,#691,#544,.T.);
#857=EDGE_CURVE('',#692,#692,#545,.T.);
#858=EDGE_CURVE('',#692,#693,#371,.T.);
#859=EDGE_CURVE('',#693,#693,#546,.T.);
#860=EDGE_CURVE('',#694,#694,#547,.T.);
#861=EDGE_CURVE('',#694,#695,#372,.T.);
#862=EDGE_CURVE('',#695,#695,#548,.T.);
#863=EDGE_CURVE('',#695,#696,#373,.T.);
#864=EDGE_CURVE('',#696,#696,#549,.T.);
#865=EDGE_CURVE('',#697,#697,#550,.T.);
#866=EDGE_CURVE('',#697,#698,#374,.T.);
#867=EDGE_CURVE('',#698,#698,#551,.T.);
#868=EDGE_CURVE('',#698,#699,#375,.T.);
#869=EDGE_CURVE('',#699,#699,#552,.T.);
#870=EDGE_CURVE('',#625,#700,#376,.T.);
#871=EDGE_CURVE('',#700,#700,#553,.T.);
#872=EDGE_CURVE('',#701,#618,#554,.T.);
#873=EDGE_CURVE('',#701,#702,#377,.T.);
#874=EDGE_CURVE('',#702,#702,#555,.T.);
#875=EDGE_CURVE('',#617,#701,#556,.T.);
#876=EDGE_CURVE('',#702,#703,#378,.T.);
#877=EDGE_CURVE('',#703,#703,#557,.T.);
#878=EDGE_CURVE('',#704,#704,#558,.T.);
#879=EDGE_CURVE('',#704,#705,#379,.T.);
#880=EDGE_CURVE('',#705,#705,#559,.T.);
#881=EDGE_CURVE('',#705,#706,#380,.T.);
#882=EDGE_CURVE('',#706,#706,#560,.T.);
#883=EDGE_CURVE('',#707,#707,#561,.T.);
#884=EDGE_CURVE('',#707,#708,#381,.T.);
#885=EDGE_CURVE('',#708,#708,#562,.T.);
#886=EDGE_CURVE('',#708,#709,#382,.T.);
#887=EDGE_CURVE('',#709,#709,#563,.T.);
#888=EDGE_CURVE('',#633,#710,#383,.T.);
#889=EDGE_CURVE('',#710,#710,#564,.T.);
#890=EDGE_CURVE('',#711,#711,#565,.T.);
#891=EDGE_CURVE('',#711,#712,#384,.T.);
#892=EDGE_CURVE('',#712,#712,#566,.T.);
#893=EDGE_CURVE('',#712,#713,#385,.T.);
#894=EDGE_CURVE('',#713,#713,#567,.T.);
#895=EDGE_CURVE('',#714,#714,#568,.T.);
#896=EDGE_CURVE('',#714,#715,#386,.T.);
#897=EDGE_CURVE('',#715,#715,#569,.T.);
#898=EDGE_CURVE('',#715,#716,#387,.T.);
#899=EDGE_CURVE('',#716,#716,#570,.T.);
#900=EDGE_CURVE('',#642,#717,#388,.T.);
#901=EDGE_CURVE('',#717,#717,#571,.T.);
#902=EDGE_CURVE('',#718,#635,#572,.T.);
#903=EDGE_CURVE('',#718,#719,#389,.T.);
#904=EDGE_CURVE('',#719,#719,#573,.T.);
#905=EDGE_CURVE('',#634,#718,#574,.T.);
#906=EDGE_CURVE('',#719,#720,#390,.T.);
#907=EDGE_CURVE('',#720,#720,#575,.T.);
#908=EDGE_CURVE('',#721,#721,#576,.T.);
#909=EDGE_CURVE('',#721,#722,#391,.T.);
#910=EDGE_CURVE('',#722,#722,#577,.T.);
#911=EDGE_CURVE('',#722,#723,#392,.T.);
#912=EDGE_CURVE('',#723,#723,#578,.T.);
#913=EDGE_CURVE('',#724,#724,#579,.T.);
#914=EDGE_CURVE('',#724,#725,#393,.T.);
#915=EDGE_CURVE('',#725,#725,#580,.T.);
#916=EDGE_CURVE('',#725,#726,#394,.T.);
#917=EDGE_CURVE('',#726,#726,#581,.T.);
#918=EDGE_CURVE('',#650,#727,#395,.T.);
#919=EDGE_CURVE('',#727,#727,#582,.T.);
#920=EDGE_CURVE('',#728,#728,#583,.T.);
#921=EDGE_CURVE('',#728,#729,#396,.T.);
#922=EDGE_CURVE('',#729,#729,#584,.T.);
#923=EDGE_CURVE('',#729,#730,#397,.T.);
#924=EDGE_CURVE('',#730,#730,#585,.T.);
#925=EDGE_CURVE('',#731,#731,#586,.T.);
#926=EDGE_CURVE('',#731,#732,#398,.T.);
#927=EDGE_CURVE('',#732,#732,#587,.T.);
#928=EDGE_CURVE('',#732,#733,#399,.T.);
#929=EDGE_CURVE('',#733,#733,#588,.T.);
#930=EDGE_CURVE('',#659,#734,#400,.T.);
#931=EDGE_CURVE('',#734,#734,#589,.T.);
#932=EDGE_CURVE('',#735,#652,#590,.T.);
#933=EDGE_CURVE('',#735,#736,#401,.T.);
#934=EDGE_CURVE('',#736,#736,#591,.T.);
#935=EDGE_CURVE('',#651,#735,#592,.T.);
#936=EDGE_CURVE('',#736,#737,#402,.T.);
#937=EDGE_CURVE('',#737,#737,#593,.T.);
#938=EDGE_CURVE('',#738,#738,#594,.T.);
#939=EDGE_CURVE('',#738,#739,#403,.T.);
#940=EDGE_CURVE('',#739,#739,#595,.T.);
#941=EDGE_CURVE('',#739,#740,#404,.T.);
#942=EDGE_CURVE('',#740,#740,#596,.T.);
#943=EDGE_CURVE('',#741,#741,#597,.T.);
#944=EDGE_CURVE('',#741,#742,#405,.T.);
#945=EDGE_CURVE('',#742,#742,#598,.T.);
#946=EDGE_CURVE('',#742,#743,#406,.T.);
#947=EDGE_CURVE('',#743,#743,#599,.T.);
#948=EDGE_CURVE('',#667,#744,#407,.T.);
#949=EDGE_CURVE('',#744,#744,#600,.T.);
#950=EDGE_CURVE('',#745,#745,#601,.T.);
#951=EDGE_CURVE('',#745,#746,#408,.T.);
#952=EDGE_CURVE('',#746,#746,#602,.T.);
#953=EDGE_CURVE('',#747,#747,#603,.T.);
#954=EDGE_CURVE('',#747,#748,#409,.T.);
#955=EDGE_CURVE('',#748,#748,#604,.T.);
#956=ORIENTED_EDGE('',*,*,#749,.F.);
#957=ORIENTED_EDGE('',*,*,#750,.F.);
#958=ORIENTED_EDGE('',*,*,#751,.F.);
#959=ORIENTED_EDGE('',*,*,#752,.F.);
#960=ORIENTED_EDGE('',*,*,#753,.T.);
#961=ORIENTED_EDGE('',*,*,#754,.T.);
#962=ORIENTED_EDGE('',*,*,#753,.F.);
#963=ORIENTED_EDGE('',*,*,#755,.F.);
#964=ORIENTED_EDGE('',*,*,#754,.F.);
#965=ORIENTED_EDGE('',*,*,#756,.F.);
#966=ORIENTED_EDGE('',*,*,#751,.T.);
#967=ORIENTED_EDGE('',*,*,#757,.F.);
#968=ORIENTED_EDGE('',*,*,#758,.T.);
#969=ORIENTED_EDGE('',*,*,#759,.F.);
#970=ORIENTED_EDGE('',*,*,#758,.F.);
#971=ORIENTED_EDGE('',*,*,#760,.F.);
#972=ORIENTED_EDGE('',*,*,#761,.F.);
#973=ORIENTED_EDGE('',*,*,#762,.T.);
#974=ORIENTED_EDGE('',*,*,#763,.F.);
#975=ORIENTED_EDGE('',*,*,#764,.F.);
#976=ORIENTED_EDGE('',*,*,#765,.F.);
#977=ORIENTED_EDGE('',*,*,#766,.F.);
#978=ORIENTED_EDGE('',*,*,#767,.F.);
#979=ORIENTED_EDGE('',*,*,#762,.F.);
#980=ORIENTED_EDGE('',*,*,#768,.F.);
#981=ORIENTED_EDGE('',*,*,#766,.T.);
#982=ORIENTED_EDGE('',*,*,#769,.F.);
#983=ORIENTED_EDGE('',*,*,#764,.T.);
#984=ORIENTED_EDGE('',*,*,#770,.F.);
#985=ORIENTED_EDGE('',*,*,#771,.F.);
#986=ORIENTED_EDGE('',*,*,#772,.F.);
#987=ORIENTED_EDGE('',*,*,#773,.F.);
#988=ORIENTED_EDGE('',*,*,#774,.F.);
#989=ORIENTED_EDGE('',*,*,#775,.F.);
#990=ORIENTED_EDGE('',*,*,#776,.T.);
#991=ORIENTED_EDGE('',*,*,#777,.T.);
#992=ORIENTED_EDGE('',*,*,#776,.F.);
#993=ORIENTED_EDGE('',*,*,#778,.F.);
#994=ORIENTED_EDGE('',*,*,#777,.F.);
#995=ORIENTED_EDGE('',*,*,#779,.F.);
#996=ORIENTED_EDGE('',*,*,#774,.T.);
#997=ORIENTED_EDGE('',*,*,#780,.F.);
#998=ORIENTED_EDGE('',*,*,#781,.T.);
#999=ORIENTED_EDGE('',*,*,#782,.F.);
#1000=ORIENTED_EDGE('',*,*,#781,.F.);
#1001=ORIENTED_EDGE('',*,*,#783,.F.);
#1002=ORIENTED_EDGE('',*,*,#784,.F.);
#1003=ORIENTED_EDGE('',*,*,#785,.T.);
#1004=ORIENTED_EDGE('',*,*,#786,.F.);
#1005=ORIENTED_EDGE('',*,*,#787,.F.);
#1006=ORIENTED_EDGE('',*,*,#788,.F.);
#1007=ORIENTED_EDGE('',*,*,#789,.F.);
#1008=ORIENTED_EDGE('',*,*,#790,.F.);
#1009=ORIENTED_EDGE('',*,*,#785,.F.);
#1010=ORIENTED_EDGE('',*,*,#791,.F.);
#1011=ORIENTED_EDGE('',*,*,#789,.T.);
#1012=ORIENTED_EDGE('',*,*,#792,.F.);
#1013=ORIENTED_EDGE('',*,*,#787,.T.);
#1014=ORIENTED_EDGE('',*,*,#793,.F.);
#1015=ORIENTED_EDGE('',*,*,#794,.F.);
#1016=ORIENTED_EDGE('',*,*,#795,.F.);
#1017=ORIENTED_EDGE('',*,*,#796,.F.);
#1018=ORIENTED_EDGE('',*,*,#797,.F.);
#1019=ORIENTED_EDGE('',*,*,#798,.F.);
#1020=ORIENTED_EDGE('',*,*,#799,.T.);
#1021=ORIENTED_EDGE('',*,*,#800,.T.);
#1022=ORIENTED_EDGE('',*,*,#799,.F.);
#1023=ORIENTED_EDGE('',*,*,#801,.F.);
#1024=ORIENTED_EDGE('',*,*,#800,.F.);
#1025=ORIENTED_EDGE('',*,*,#802,.F.);
#1026=ORIENTED_EDGE('',*,*,#797,.T.);
#1027=ORIENTED_EDGE('',*,*,#803,.F.);
#1028=ORIENTED_EDGE('',*,*,#804,.T.);
#1029=ORIENTED_EDGE('',*,*,#805,.F.);
#1030=ORIENTED_EDGE('',*,*,#804,.F.);
#1031=ORIENTED_EDGE('',*,*,#806,.F.);
#1032=ORIENTED_EDGE('',*,*,#807,.F.);
#1033=ORIENTED_EDGE('',*,*,#808,.T.);
#1034=ORIENTED_EDGE('',*,*,#809,.F.);
#1035=ORIENTED_EDGE('',*,*,#810,.F.);
#1036=ORIENTED_EDGE('',*,*,#811,.F.);
#1037=ORIENTED_EDGE('',*,*,#812,.F.);
#1038=ORIENTED_EDGE('',*,*,#813,.F.);
#1039=ORIENTED_EDGE('',*,*,#808,.F.);
#1040=ORIENTED_EDGE('',*,*,#814,.F.);
#1041=ORIENTED_EDGE('',*,*,#812,.T.);
#1042=ORIENTED_EDGE('',*,*,#815,.F.);
#1043=ORIENTED_EDGE('',*,*,#810,.T.);
#1044=ORIENTED_EDGE('',*,*,#816,.F.);
#1045=ORIENTED_EDGE('',*,*,#817,.F.);
#1046=ORIENTED_EDGE('',*,*,#756,.T.);
#1047=ORIENTED_EDGE('',*,*,#818,.T.);
#1048=ORIENTED_EDGE('',*,*,#819,.F.);
#1049=ORIENTED_EDGE('',*,*,#818,.F.);
#1050=ORIENTED_EDGE('',*,*,#768,.T.);
#1051=ORIENTED_EDGE('',*,*,#820,.T.);
#1052=ORIENTED_EDGE('',*,*,#821,.F.);
#1053=ORIENTED_EDGE('',*,*,#820,.F.);
#1054=ORIENTED_EDGE('',*,*,#779,.T.);
#1055=ORIENTED_EDGE('',*,*,#822,.T.);
#1056=ORIENTED_EDGE('',*,*,#823,.F.);
#1057=ORIENTED_EDGE('',*,*,#822,.F.);
#1058=ORIENTED_EDGE('',*,*,#791,.T.);
#1059=ORIENTED_EDGE('',*,*,#824,.T.);
#1060=ORIENTED_EDGE('',*,*,#825,.F.);
#1061=ORIENTED_EDGE('',*,*,#824,.F.);
#1062=ORIENTED_EDGE('',*,*,#802,.T.);
#1063=ORIENTED_EDGE('',*,*,#826,.T.);
#1064=ORIENTED_EDGE('',*,*,#827,.F.);
#1065=ORIENTED_EDGE('',*,*,#826,.F.);
#1066=ORIENTED_EDGE('',*,*,#814,.T.);
#1067=ORIENTED_EDGE('',*,*,#828,.T.);
#1068=ORIENTED_EDGE('',*,*,#829,.F.);
#1069=ORIENTED_EDGE('',*,*,#828,.F.);
#1070=ORIENTED_EDGE('',*,*,#830,.T.);
#1071=ORIENTED_EDGE('',*,*,#831,.T.);
#1072=ORIENTED_EDGE('',*,*,#832,.F.);
#1073=ORIENTED_EDGE('',*,*,#831,.F.);
#1074=ORIENTED_EDGE('',*,*,#830,.F.);
#1075=ORIENTED_EDGE('',*,*,#833,.F.);
#1076=ORIENTED_EDGE('',*,*,#834,.F.);
#1077=ORIENTED_EDGE('',*,*,#835,.T.);
#1078=ORIENTED_EDGE('',*,*,#833,.T.);
#1079=ORIENTED_EDGE('',*,*,#835,.F.);
#1080=ORIENTED_EDGE('',*,*,#836,.T.);
#1081=ORIENTED_EDGE('',*,*,#837,.T.);
#1082=ORIENTED_EDGE('',*,*,#838,.F.);
#1083=ORIENTED_EDGE('',*,*,#837,.F.);
#1084=ORIENTED_EDGE('',*,*,#836,.F.);
#1085=ORIENTED_EDGE('',*,*,#839,.F.);
#1086=ORIENTED_EDGE('',*,*,#840,.F.);
#1087=ORIENTED_EDGE('',*,*,#841,.T.);
#1088=ORIENTED_EDGE('',*,*,#839,.T.);
#1089=ORIENTED_EDGE('',*,*,#841,.F.);
#1090=ORIENTED_EDGE('',*,*,#842,.T.);
#1091=ORIENTED_EDGE('',*,*,#843,.T.);
#1092=ORIENTED_EDGE('',*,*,#844,.F.);
#1093=ORIENTED_EDGE('',*,*,#843,.F.);
#1094=ORIENTED_EDGE('',*,*,#842,.F.);
#1095=ORIENTED_EDGE('',*,*,#845,.F.);
#1096=ORIENTED_EDGE('',*,*,#846,.F.);
#1097=ORIENTED_EDGE('',*,*,#847,.T.);
#1098=ORIENTED_EDGE('',*,*,#845,.T.);
#1099=ORIENTED_EDGE('',*,*,#847,.F.);
#1100=ORIENTED_EDGE('',*,*,#848,.T.);
#1101=ORIENTED_EDGE('',*,*,#849,.T.);
#1102=ORIENTED_EDGE('',*,*,#850,.F.);
#1103=ORIENTED_EDGE('',*,*,#849,.F.);
#1104=ORIENTED_EDGE('',*,*,#848,.F.);
#1105=ORIENTED_EDGE('',*,*,#851,.F.);
#1106=ORIENTED_EDGE('',*,*,#852,.F.);
#1107=ORIENTED_EDGE('',*,*,#853,.T.);
#1108=ORIENTED_EDGE('',*,*,#851,.T.);
#1109=ORIENTED_EDGE('',*,*,#853,.F.);
#1110=ORIENTED_EDGE('',*,*,#854,.F.);
#1111=ORIENTED_EDGE('',*,*,#855,.T.);
#1112=ORIENTED_EDGE('',*,*,#856,.F.);
#1113=ORIENTED_EDGE('',*,*,#855,.F.);
#1114=ORIENTED_EDGE('',*,*,#857,.F.);
#1115=ORIENTED_EDGE('',*,*,#858,.T.);
#1116=ORIENTED_EDGE('',*,*,#859,.T.);
#1117=ORIENTED_EDGE('',*,*,#858,.F.);
#1118=ORIENTED_EDGE('',*,*,#859,.F.);
#1119=ORIENTED_EDGE('',*,*,#854,.T.);
#1120=ORIENTED_EDGE('',*,*,#860,.F.);
#1121=ORIENTED_EDGE('',*,*,#861,.T.);
#1122=ORIENTED_EDGE('',*,*,#862,.F.);
#1123=ORIENTED_EDGE('',*,*,#861,.F.);
#1124=ORIENTED_EDGE('',*,*,#862,.T.);
#1125=ORIENTED_EDGE('',*,*,#863,.T.);
#1126=ORIENTED_EDGE('',*,*,#864,.F.);
#1127=ORIENTED_EDGE('',*,*,#863,.F.);
#1128=ORIENTED_EDGE('',*,*,#865,.F.);
#1129=ORIENTED_EDGE('',*,*,#866,.T.);
#1130=ORIENTED_EDGE('',*,*,#867,.F.);
#1131=ORIENTED_EDGE('',*,*,#866,.F.);
#1132=ORIENTED_EDGE('',*,*,#867,.T.);
#1133=ORIENTED_EDGE('',*,*,#868,.T.);
#1134=ORIENTED_EDGE('',*,*,#869,.F.);
#1135=ORIENTED_EDGE('',*,*,#868,.F.);
#1136=ORIENTED_EDGE('',*,*,#759,.T.);
#1137=ORIENTED_EDGE('',*,*,#870,.T.);
#1138=ORIENTED_EDGE('',*,*,#871,.F.);
#1139=ORIENTED_EDGE('',*,*,#870,.F.);
#1140=ORIENTED_EDGE('',*,*,#749,.T.);
#1141=ORIENTED_EDGE('',*,*,#872,.F.);
#1142=ORIENTED_EDGE('',*,*,#873,.T.);
#1143=ORIENTED_EDGE('',*,*,#874,.F.);
#1144=ORIENTED_EDGE('',*,*,#873,.F.);
#1145=ORIENTED_EDGE('',*,*,#875,.F.);
#1146=ORIENTED_EDGE('',*,*,#874,.T.);
#1147=ORIENTED_EDGE('',*,*,#876,.T.);
#1148=ORIENTED_EDGE('',*,*,#877,.F.);
#1149=ORIENTED_EDGE('',*,*,#876,.F.);
#1150=ORIENTED_EDGE('',*,*,#878,.F.);
#1151=ORIENTED_EDGE('',*,*,#879,.T.);
#1152=ORIENTED_EDGE('',*,*,#880,.F.);
#1153=ORIENTED_EDGE('',*,*,#879,.F.);
#1154=ORIENTED_EDGE('',*,*,#880,.T.);
#1155=ORIENTED_EDGE('',*,*,#881,.T.);
#1156=ORIENTED_EDGE('',*,*,#882,.F.);
#1157=ORIENTED_EDGE('',*,*,#881,.F.);
#1158=ORIENTED_EDGE('',*,*,#883,.F.);
#1159=ORIENTED_EDGE('',*,*,#884,.T.);
#1160=ORIENTED_EDGE('',*,*,#885,.F.);
#1161=ORIENTED_EDGE('',*,*,#884,.F.);
#1162=ORIENTED_EDGE('',*,*,#885,.T.);
#1163=ORIENTED_EDGE('',*,*,#886,.T.);
#1164=ORIENTED_EDGE('',*,*,#887,.F.);
#1165=ORIENTED_EDGE('',*,*,#886,.F.);
#1166=ORIENTED_EDGE('',*,*,#761,.T.);
#1167=ORIENTED_EDGE('',*,*,#771,.T.);
#1168=ORIENTED_EDGE('',*,*,#888,.T.);
#1169=ORIENTED_EDGE('',*,*,#889,.F.);
#1170=ORIENTED_EDGE('',*,*,#888,.F.);
#1171=ORIENTED_EDGE('',*,*,#770,.T.);
#1172=ORIENTED_EDGE('',*,*,#763,.T.);
#1173=ORIENTED_EDGE('',*,*,#767,.T.);
#1174=ORIENTED_EDGE('',*,*,#890,.F.);
#1175=ORIENTED_EDGE('',*,*,#891,.T.);
#1176=ORIENTED_EDGE('',*,*,#892,.F.);
#1177=ORIENTED_EDGE('',*,*,#891,.F.);
#1178=ORIENTED_EDGE('',*,*,#892,.T.);
#1179=ORIENTED_EDGE('',*,*,#893,.T.);
#1180=ORIENTED_EDGE('',*,*,#894,.F.);
#1181=ORIENTED_EDGE('',*,*,#893,.F.);
#1182=ORIENTED_EDGE('',*,*,#895,.F.);
#1183=ORIENTED_EDGE('',*,*,#896,.T.);
#1184=ORIENTED_EDGE('',*,*,#897,.F.);
#1185=ORIENTED_EDGE('',*,*,#896,.F.);
#1186=ORIENTED_EDGE('',*,*,#897,.T.);
#1187=ORIENTED_EDGE('',*,*,#898,.T.);
#1188=ORIENTED_EDGE('',*,*,#899,.F.);
#1189=ORIENTED_EDGE('',*,*,#898,.F.);
#1190=ORIENTED_EDGE('',*,*,#782,.T.);
#1191=ORIENTED_EDGE('',*,*,#900,.T.);
#1192=ORIENTED_EDGE('',*,*,#901,.F.);
#1193=ORIENTED_EDGE('',*,*,#900,.F.);
#1194=ORIENTED_EDGE('',*,*,#772,.T.);
#1195=ORIENTED_EDGE('',*,*,#902,.F.);
#1196=ORIENTED_EDGE('',*,*,#903,.T.);
#1197=ORIENTED_EDGE('',*,*,#904,.F.);
#1198=ORIENTED_EDGE('',*,*,#903,.F.);
#1199=ORIENTED_EDGE('',*,*,#905,.F.);
#1200=ORIENTED_EDGE('',*,*,#904,.T.);
#1201=ORIENTED_EDGE('',*,*,#906,.T.);
#1202=ORIENTED_EDGE('',*,*,#907,.F.);
#1203=ORIENTED_EDGE('',*,*,#906,.F.);
#1204=ORIENTED_EDGE('',*,*,#908,.F.);
#1205=ORIENTED_EDGE('',*,*,#909,.T.);
#1206=ORIENTED_EDGE('',*,*,#910,.F.);
#1207=ORIENTED_EDGE('',*,*,#909,.F.);
#1208=ORIENTED_EDGE('',*,*,#910,.T.);
#1209=ORIENTED_EDGE('',*,*,#911,.T.);
#1210=ORIENTED_EDGE('',*,*,#912,.F.);
#1211=ORIENTED_EDGE('',*,*,#911,.F.);
#1212=ORIENTED_EDGE('',*,*,#913,.F.);
#1213=ORIENTED_EDGE('',*,*,#914,.T.);
#1214=ORIENTED_EDGE('',*,*,#915,.F.);
#1215=ORIENTED_EDGE('',*,*,#914,.F.);
#1216=ORIENTED_EDGE('',*,*,#915,.T.);
#1217=ORIENTED_EDGE('',*,*,#916,.T.);
#1218=ORIENTED_EDGE('',*,*,#917,.F.);
#1219=ORIENTED_EDGE('',*,*,#916,.F.);
#1220=ORIENTED_EDGE('',*,*,#784,.T.);
#1221=ORIENTED_EDGE('',*,*,#794,.T.);
#1222=ORIENTED_EDGE('',*,*,#918,.T.);
#1223=ORIENTED_EDGE('',*,*,#919,.F.);
#1224=ORIENTED_EDGE('',*,*,#918,.F.);
#1225=ORIENTED_EDGE('',*,*,#793,.T.);
#1226=ORIENTED_EDGE('',*,*,#786,.T.);
#1227=ORIENTED_EDGE('',*,*,#790,.T.);
#1228=ORIENTED_EDGE('',*,*,#920,.F.);
#1229=ORIENTED_EDGE('',*,*,#921,.T.);
#1230=ORIENTED_EDGE('',*,*,#922,.F.);
#1231=ORIENTED_EDGE('',*,*,#921,.F.);
#1232=ORIENTED_EDGE('',*,*,#922,.T.);
#1233=ORIENTED_EDGE('',*,*,#923,.T.);
#1234=ORIENTED_EDGE('',*,*,#924,.F.);
#1235=ORIENTED_EDGE('',*,*,#923,.F.);
#1236=ORIENTED_EDGE('',*,*,#925,.F.);
#1237=ORIENTED_EDGE('',*,*,#926,.T.);
#1238=ORIENTED_EDGE('',*,*,#927,.F.);
#1239=ORIENTED_EDGE('',*,*,#926,.F.);
#1240=ORIENTED_EDGE('',*,*,#927,.T.);
#1241=ORIENTED_EDGE('',*,*,#928,.T.);
#1242=ORIENTED_EDGE('',*,*,#929,.F.);
#1243=ORIENTED_EDGE('',*,*,#928,.F.);
#1244=ORIENTED_EDGE('',*,*,#805,.T.);
#1245=ORIENTED_EDGE('',*,*,#930,.T.);
#1246=ORIENTED_EDGE('',*,*,#931,.F.);
#1247=ORIENTED_EDGE('',*,*,#930,.F.);
#1248=ORIENTED_EDGE('',*,*,#795,.T.);
#1249=ORIENTED_EDGE('',*,*,#932,.F.);
#1250=ORIENTED_EDGE('',*,*,#933,.T.);
#1251=ORIENTED_EDGE('',*,*,#934,.F.);
#1252=ORIENTED_EDGE('',*,*,#933,.F.);
#1253=ORIENTED_EDGE('',*,*,#935,.F.);
#1254=ORIENTED_EDGE('',*,*,#934,.T.);
#1255=ORIENTED_EDGE('',*,*,#936,.T.);
#1256=ORIENTED_EDGE('',*,*,#937,.F.);
#1257=ORIENTED_EDGE('',*,*,#936,.F.);
#1258=ORIENTED_EDGE('',*,*,#938,.F.);
#1259=ORIENTED_EDGE('',*,*,#939,.T.);
#1260=ORIENTED_EDGE('',*,*,#940,.F.);
#1261=ORIENTED_EDGE('',*,*,#939,.F.);
#1262=ORIENTED_EDGE('',*,*,#940,.T.);
#1263=ORIENTED_EDGE('',*,*,#941,.T.);
#1264=ORIENTED_EDGE('',*,*,#942,.F.);
#1265=ORIENTED_EDGE('',*,*,#941,.F.);
#1266=ORIENTED_EDGE('',*,*,#943,.F.);
#1267=ORIENTED_EDGE('',*,*,#944,.T.);
#1268=ORIENTED_EDGE('',*,*,#945,.F.);
#1269=ORIENTED_EDGE('',*,*,#944,.F.);
#1270=ORIENTED_EDGE('',*,*,#945,.T.);
#1271=ORIENTED_EDGE('',*,*,#946,.T.);
#1272=ORIENTED_EDGE('',*,*,#947,.F.);
#1273=ORIENTED_EDGE('',*,*,#946,.F.);
#1274=ORIENTED_EDGE('',*,*,#807,.T.);
#1275=ORIENTED_EDGE('',*,*,#817,.T.);
#1276=ORIENTED_EDGE('',*,*,#948,.T.);
#1277=ORIENTED_EDGE('',*,*,#949,.F.);
#1278=ORIENTED_EDGE('',*,*,#948,.F.);
#1279=ORIENTED_EDGE('',*,*,#816,.T.);
#1280=ORIENTED_EDGE('',*,*,#809,.T.);
#1281=ORIENTED_EDGE('',*,*,#813,.T.);
#1282=ORIENTED_EDGE('',*,*,#950,.T.);
#1283=ORIENTED_EDGE('',*,*,#951,.T.);
#1284=ORIENTED_EDGE('',*,*,#952,.F.);
#1285=ORIENTED_EDGE('',*,*,#951,.F.);
#1286=ORIENTED_EDGE('',*,*,#950,.F.);
#1287=ORIENTED_EDGE('',*,*,#864,.T.);
#1288=ORIENTED_EDGE('',*,*,#871,.T.);
#1289=ORIENTED_EDGE('',*,*,#882,.T.);
#1290=ORIENTED_EDGE('',*,*,#889,.T.);
#1291=ORIENTED_EDGE('',*,*,#899,.T.);
#1292=ORIENTED_EDGE('',*,*,#907,.T.);
#1293=ORIENTED_EDGE('',*,*,#917,.T.);
#1294=ORIENTED_EDGE('',*,*,#949,.T.);
#1295=ORIENTED_EDGE('',*,*,#947,.T.);
#1296=ORIENTED_EDGE('',*,*,#942,.T.);
#1297=ORIENTED_EDGE('',*,*,#937,.T.);
#1298=ORIENTED_EDGE('',*,*,#931,.T.);
#1299=ORIENTED_EDGE('',*,*,#929,.T.);
#1300=ORIENTED_EDGE('',*,*,#924,.T.);
#1301=ORIENTED_EDGE('',*,*,#919,.T.);
#1302=ORIENTED_EDGE('',*,*,#912,.T.);
#1303=ORIENTED_EDGE('',*,*,#901,.T.);
#1304=ORIENTED_EDGE('',*,*,#894,.T.);
#1305=ORIENTED_EDGE('',*,*,#887,.T.);
#1306=ORIENTED_EDGE('',*,*,#877,.T.);
#1307=ORIENTED_EDGE('',*,*,#869,.T.);
#1308=ORIENTED_EDGE('',*,*,#856,.T.);
#1309=ORIENTED_EDGE('',*,*,#850,.T.);
#1310=ORIENTED_EDGE('',*,*,#844,.T.);
#1311=ORIENTED_EDGE('',*,*,#838,.T.);
#1312=ORIENTED_EDGE('',*,*,#832,.T.);
#1313=ORIENTED_EDGE('',*,*,#953,.F.);
#1314=ORIENTED_EDGE('',*,*,#954,.T.);
#1315=ORIENTED_EDGE('',*,*,#955,.F.);
#1316=ORIENTED_EDGE('',*,*,#954,.F.);
#1317=ORIENTED_EDGE('',*,*,#955,.T.);
#1318=ORIENTED_EDGE('',*,*,#840,.T.);
#1319=ORIENTED_EDGE('',*,*,#852,.T.);
#1320=ORIENTED_EDGE('',*,*,#860,.T.);
#1321=ORIENTED_EDGE('',*,*,#865,.T.);
#1322=ORIENTED_EDGE('',*,*,#878,.T.);
#1323=ORIENTED_EDGE('',*,*,#883,.T.);
#1324=ORIENTED_EDGE('',*,*,#765,.T.);
#1325=ORIENTED_EDGE('',*,*,#769,.T.);
#1326=ORIENTED_EDGE('',*,*,#890,.T.);
#1327=ORIENTED_EDGE('',*,*,#895,.T.);
#1328=ORIENTED_EDGE('',*,*,#908,.T.);
#1329=ORIENTED_EDGE('',*,*,#913,.T.);
#1330=ORIENTED_EDGE('',*,*,#788,.T.);
#1331=ORIENTED_EDGE('',*,*,#792,.T.);
#1332=ORIENTED_EDGE('',*,*,#920,.T.);
#1333=ORIENTED_EDGE('',*,*,#925,.T.);
#1334=ORIENTED_EDGE('',*,*,#938,.T.);
#1335=ORIENTED_EDGE('',*,*,#943,.T.);
#1336=ORIENTED_EDGE('',*,*,#811,.T.);
#1337=ORIENTED_EDGE('',*,*,#815,.T.);
#1338=ORIENTED_EDGE('',*,*,#857,.T.);
#1339=ORIENTED_EDGE('',*,*,#846,.T.);
#1340=ORIENTED_EDGE('',*,*,#834,.T.);
#1341=ORIENTED_EDGE('',*,*,#801,.T.);
#1342=ORIENTED_EDGE('',*,*,#798,.T.);
#1343=ORIENTED_EDGE('',*,*,#806,.T.);
#1344=ORIENTED_EDGE('',*,*,#803,.T.);
#1345=ORIENTED_EDGE('',*,*,#796,.T.);
#1346=ORIENTED_EDGE('',*,*,#935,.T.);
#1347=ORIENTED_EDGE('',*,*,#932,.T.);
#1348=ORIENTED_EDGE('',*,*,#778,.T.);
#1349=ORIENTED_EDGE('',*,*,#775,.T.);
#1350=ORIENTED_EDGE('',*,*,#783,.T.);
#1351=ORIENTED_EDGE('',*,*,#780,.T.);
#1352=ORIENTED_EDGE('',*,*,#773,.T.);
#1353=ORIENTED_EDGE('',*,*,#905,.T.);
#1354=ORIENTED_EDGE('',*,*,#902,.T.);
#1355=ORIENTED_EDGE('',*,*,#755,.T.);
#1356=ORIENTED_EDGE('',*,*,#752,.T.);
#1357=ORIENTED_EDGE('',*,*,#760,.T.);
#1358=ORIENTED_EDGE('',*,*,#757,.T.);
#1359=ORIENTED_EDGE('',*,*,#750,.T.);
#1360=ORIENTED_EDGE('',*,*,#875,.T.);
#1361=ORIENTED_EDGE('',*,*,#872,.T.);
#1362=ORIENTED_EDGE('',*,*,#953,.T.);
#1363=ORIENTED_EDGE('',*,*,#819,.T.);
#1364=ORIENTED_EDGE('',*,*,#821,.T.);
#1365=ORIENTED_EDGE('',*,*,#823,.T.);
#1366=ORIENTED_EDGE('',*,*,#825,.T.);
#1367=ORIENTED_EDGE('',*,*,#827,.T.);
#1368=ORIENTED_EDGE('',*,*,#829,.T.);
#1369=ORIENTED_EDGE('',*,*,#952,.T.);
#1370=CYLINDRICAL_SURFACE('',#1509,3.25);
#1371=CYLINDRICAL_SURFACE('',#1520,3.25);
#1372=CYLINDRICAL_SURFACE('',#1530,3.25);
#1373=CYLINDRICAL_SURFACE('',#1541,3.25);
#1374=CYLINDRICAL_SURFACE('',#1551,3.25);
#1375=CYLINDRICAL_SURFACE('',#1562,3.25);
#1376=CYLINDRICAL_SURFACE('',#1572,1.6);
#1377=CYLINDRICAL_SURFACE('',#1574,1.6);
#1378=CYLINDRICAL_SURFACE('',#1576,1.6);
#1379=CYLINDRICAL_SURFACE('',#1578,1.6);
#1380=CYLINDRICAL_SURFACE('',#1580,1.6);
#1381=CYLINDRICAL_SURFACE('',#1582,1.6);
#1382=CYLINDRICAL_SURFACE('',#1584,3.);
#1383=CYLINDRICAL_SURFACE('',#1589,1.7);
#1384=CYLINDRICAL_SURFACE('',#1591,3.);
#1385=CYLINDRICAL_SURFACE('',#1596,1.7);
#1386=CYLINDRICAL_SURFACE('',#1598,3.);
#1387=CYLINDRICAL_SURFACE('',#1603,1.7);
#1388=CYLINDRICAL_SURFACE('',#1605,3.);
#1389=CYLINDRICAL_SURFACE('',#1610,1.7);
#1390=CYLINDRICAL_SURFACE('',#1612,7.);
#1391=CYLINDRICAL_SURFACE('',#1615,11.25);
#1392=CYLINDRICAL_SURFACE('',#1622,3.05);
#1393=CYLINDRICAL_SURFACE('',#1627,3.05);
#1394=CYLINDRICAL_SURFACE('',#1629,3.05);
#1395=CYLINDRICAL_SURFACE('',#1635,3.05);
#1396=CYLINDRICAL_SURFACE('',#1640,3.05);
#1397=CYLINDRICAL_SURFACE('',#1645,3.05);
#1398=CYLINDRICAL_SURFACE('',#1647,3.05);
#1399=CYLINDRICAL_SURFACE('',#1652,3.05);
#1400=CYLINDRICAL_SURFACE('',#1657,3.05);
#1401=CYLINDRICAL_SURFACE('',#1659,3.05);
#1402=CYLINDRICAL_SURFACE('',#1665,3.05);
#1403=CYLINDRICAL_SURFACE('',#1670,3.05);
#1404=CYLINDRICAL_SURFACE('',#1675,3.05);
#1405=CYLINDRICAL_SURFACE('',#1677,3.05);
#1406=CYLINDRICAL_SURFACE('',#1682,3.05);
#1407=CYLINDRICAL_SURFACE('',#1687,3.05);
#1408=CYLINDRICAL_SURFACE('',#1689,3.05);
#1409=CYLINDRICAL_SURFACE('',#1695,3.05);
#1410=CYLINDRICAL_SURFACE('',#1700,3.05);
#1411=CYLINDRICAL_SURFACE('',#1705,3.05);
#1412=CYLINDRICAL_SURFACE('',#1707,3.05);
#1413=CYLINDRICAL_SURFACE('',#1709,31.25);
#1414=CYLINDRICAL_SURFACE('',#1713,38.);
#1415=ADVANCED_FACE('',(#117),#1370,.F.);
#1416=ADVANCED_FACE('',(#118,#36),#103,.F.);
#1417=ADVANCED_FACE('',(#119),#15,.F.);
#1418=ADVANCED_FACE('',(#120),#1371,.F.);
#1419=ADVANCED_FACE('',(#121,#37),#104,.F.);
#1420=ADVANCED_FACE('',(#122),#16,.F.);
#1421=ADVANCED_FACE('',(#123),#1372,.F.);
#1422=ADVANCED_FACE('',(#124,#38),#105,.F.);
#1423=ADVANCED_FACE('',(#125),#17,.F.);
#1424=ADVANCED_FACE('',(#126),#1373,.F.);
#1425=ADVANCED_FACE('',(#127,#39),#106,.F.);
#1426=ADVANCED_FACE('',(#128),#18,.F.);
#1427=ADVANCED_FACE('',(#129),#1374,.F.);
#1428=ADVANCED_FACE('',(#130,#40),#107,.F.);
#1429=ADVANCED_FACE('',(#131),#19,.F.);
#1430=ADVANCED_FACE('',(#132),#1375,.F.);
#1431=ADVANCED_FACE('',(#133,#41),#108,.F.);
#1432=ADVANCED_FACE('',(#134),#20,.F.);
#1433=ADVANCED_FACE('',(#135),#1376,.F.);
#1434=ADVANCED_FACE('',(#136),#1377,.F.);
#1435=ADVANCED_FACE('',(#137),#1378,.F.);
#1436=ADVANCED_FACE('',(#138),#1379,.F.);
#1437=ADVANCED_FACE('',(#139),#1380,.F.);
#1438=ADVANCED_FACE('',(#140),#1381,.F.);
#1439=ADVANCED_FACE('',(#141),#1382,.F.);
#1440=ADVANCED_FACE('',(#142,#42),#109,.F.);
#1441=ADVANCED_FACE('',(#143),#1383,.F.);
#1442=ADVANCED_FACE('',(#144),#1384,.F.);
#1443=ADVANCED_FACE('',(#145,#43),#110,.F.);
#1444=ADVANCED_FACE('',(#146),#1385,.F.);
#1445=ADVANCED_FACE('',(#147),#1386,.F.);
#1446=ADVANCED_FACE('',(#148,#44),#111,.F.);
#1447=ADVANCED_FACE('',(#149),#1387,.F.);
#1448=ADVANCED_FACE('',(#150),#1388,.F.);
#1449=ADVANCED_FACE('',(#151,#45),#112,.F.);
#1450=ADVANCED_FACE('',(#152),#1389,.F.);
#1451=ADVANCED_FACE('',(#153),#1390,.F.);
#1452=ADVANCED_FACE('',(#154),#1391,.F.);
#1453=ADVANCED_FACE('',(#155,#46),#113,.F.);
#1454=ADVANCED_FACE('',(#156),#21,.F.);
#1455=ADVANCED_FACE('',(#157),#1392,.F.);
#1456=ADVANCED_FACE('',(#158),#22,.F.);
#1457=ADVANCED_FACE('',(#159),#1393,.F.);
#1458=ADVANCED_FACE('',(#160),#1394,.F.);
#1459=ADVANCED_FACE('',(#161),#23,.F.);
#1460=ADVANCED_FACE('',(#162),#1395,.F.);
#1461=ADVANCED_FACE('',(#163),#24,.F.);
#1462=ADVANCED_FACE('',(#164),#1396,.F.);
#1463=ADVANCED_FACE('',(#165),#25,.F.);
#1464=ADVANCED_FACE('',(#166),#1397,.F.);
#1465=ADVANCED_FACE('',(#167),#1398,.F.);
#1466=ADVANCED_FACE('',(#168),#26,.F.);
#1467=ADVANCED_FACE('',(#169),#1399,.F.);
#1468=ADVANCED_FACE('',(#170),#27,.F.);
#1469=ADVANCED_FACE('',(#171),#1400,.F.);
#1470=ADVANCED_FACE('',(#172),#1401,.F.);
#1471=ADVANCED_FACE('',(#173),#28,.F.);
#1472=ADVANCED_FACE('',(#174),#1402,.F.);
#1473=ADVANCED_FACE('',(#175),#29,.F.);
#1474=ADVANCED_FACE('',(#176),#1403,.F.);
#1475=ADVANCED_FACE('',(#177),#30,.F.);
#1476=ADVANCED_FACE('',(#178),#1404,.F.);
#1477=ADVANCED_FACE('',(#179),#1405,.F.);
#1478=ADVANCED_FACE('',(#180),#31,.F.);
#1479=ADVANCED_FACE('',(#181),#1406,.F.);
#1480=ADVANCED_FACE('',(#182),#32,.F.);
#1481=ADVANCED_FACE('',(#183),#1407,.F.);
#1482=ADVANCED_FACE('',(#184),#1408,.F.);
#1483=ADVANCED_FACE('',(#185),#33,.F.);
#1484=ADVANCED_FACE('',(#186),#1409,.F.);
#1485=ADVANCED_FACE('',(#187),#34,.F.);
#1486=ADVANCED_FACE('',(#188),#1410,.F.);
#1487=ADVANCED_FACE('',(#189),#35,.F.);
#1488=ADVANCED_FACE('',(#190),#1411,.F.);
#1489=ADVANCED_FACE('',(#191),#1412,.F.);
#1490=ADVANCED_FACE('',(#192),#1413,.F.);
#1491=ADVANCED_FACE('',(#193,#47,#48,#49,#50,#51,#52,#53,#54,#55,#56,#57,
#58,#59,#60,#61,#62,#63,#64,#65,#66,#67,#68,#69,#70,#71,#72),#114,.F.);
#1492=ADVANCED_FACE('',(#194),#1414,.T.);
#1493=ADVANCED_FACE('',(#195,#73,#74,#75,#76,#77,#78,#79,#80,#81,#82,#83,
#84,#85,#86,#87,#88,#89,#90,#91,#92,#93,#94,#95),#115,.T.);
#1494=ADVANCED_FACE('',(#196,#96,#97,#98,#99,#100,#101,#102),#116,.T.);
#1495=CLOSED_SHELL('',(#1415,#1416,#1417,#1418,#1419,#1420,#1421,#1422,
#1423,#1424,#1425,#1426,#1427,#1428,#1429,#1430,#1431,#1432,#1433,#1434,
#1435,#1436,#1437,#1438,#1439,#1440,#1441,#1442,#1443,#1444,#1445,#1446,
#1447,#1448,#1449,#1450,#1451,#1452,#1453,#1454,#1455,#1456,#1457,#1458,
#1459,#1460,#1461,#1462,#1463,#1464,#1465,#1466,#1467,#1468,#1469,#1470,
#1471,#1472,#1473,#1474,#1475,#1476,#1477,#1478,#1479,#1480,#1481,#1482,
#1483,#1484,#1485,#1486,#1487,#1488,#1489,#1490,#1491,#1492,#1493,#1494));
#1496=DERIVED_UNIT_ELEMENT(#1498,1.);
#1497=DERIVED_UNIT_ELEMENT(#2677,-3.);
#1498=(
MASS_UNIT()
NAMED_UNIT(*)
SI_UNIT(.KILO.,.GRAM.)
);
#1499=DERIVED_UNIT((#1496,#1497));
#1500=MEASURE_REPRESENTATION_ITEM('density measure',
POSITIVE_RATIO_MEASURE(7850.),#1499);
#1501=PROPERTY_DEFINITION_REPRESENTATION(#1506,#1503);
#1502=PROPERTY_DEFINITION_REPRESENTATION(#1507,#1504);
#1503=REPRESENTATION('material name',(#1505),#2674);
#1504=REPRESENTATION('density',(#1500),#2674);
#1505=DESCRIPTIVE_REPRESENTATION_ITEM('Steel','Steel');
#1506=PROPERTY_DEFINITION('material property','material name',#2684);
#1507=PROPERTY_DEFINITION('material property','density of part',#2684);
#1508=AXIS2_PLACEMENT_3D('',#2204,#1718,#1719);
#1509=AXIS2_PLACEMENT_3D('',#2205,#1720,#1721);
#1510=AXIS2_PLACEMENT_3D('',#2215,#1722,#1723);
#1511=AXIS2_PLACEMENT_3D('',#2224,#1724,#1725);
#1512=AXIS2_PLACEMENT_3D('',#2227,#1727,#1728);
#1513=AXIS2_PLACEMENT_3D('',#2228,#1729,#1730);
#1514=AXIS2_PLACEMENT_3D('',#2229,#1731,#1732);
#1515=AXIS2_PLACEMENT_3D('',#2231,#1733,#1734);
#1516=AXIS2_PLACEMENT_3D('',#2232,#1735,#1736);
#1517=AXIS2_PLACEMENT_3D('',#2234,#1737,#1738);
#1518=AXIS2_PLACEMENT_3D('',#2237,#1740,#1741);
#1519=AXIS2_PLACEMENT_3D('',#2238,#1742,#1743);
#1520=AXIS2_PLACEMENT_3D('',#2239,#1744,#1745);
#1521=AXIS2_PLACEMENT_3D('',#2244,#1747,#1748);
#1522=AXIS2_PLACEMENT_3D('',#2253,#1750,#1751);
#1523=AXIS2_PLACEMENT_3D('',#2258,#1752,#1753);
#1524=AXIS2_PLACEMENT_3D('',#2259,#1754,#1755);
#1525=AXIS2_PLACEMENT_3D('',#2261,#1756,#1757);
#1526=AXIS2_PLACEMENT_3D('',#2262,#1758,#1759);
#1527=AXIS2_PLACEMENT_3D('',#2263,#1760,#1761);
#1528=AXIS2_PLACEMENT_3D('',#2265,#1762,#1763);
#1529=AXIS2_PLACEMENT_3D('',#2266,#1764,#1765);
#1530=AXIS2_PLACEMENT_3D('',#2267,#1766,#1767);
#1531=AXIS2_PLACEMENT_3D('',#2277,#1768,#1769);
#1532=AXIS2_PLACEMENT_3D('',#2286,#1770,#1771);
#1533=AXIS2_PLACEMENT_3D('',#2289,#1773,#1774);
#1534=AXIS2_PLACEMENT_3D('',#2290,#1775,#1776);
#1535=AXIS2_PLACEMENT_3D('',#2291,#1777,#1778);
#1536=AXIS2_PLACEMENT_3D('',#2293,#1779,#1780);
#1537=AXIS2_PLACEMENT_3D('',#2294,#1781,#1782);
#1538=AXIS2_PLACEMENT_3D('',#2296,#1783,#1784);
#1539=AXIS2_PLACEMENT_3D('',#2299,#1786,#1787);
#1540=AXIS2_PLACEMENT_3D('',#2300,#1788,#1789);
#1541=AXIS2_PLACEMENT_3D('',#2301,#1790,#1791);
#1542=AXIS2_PLACEMENT_3D('',#2306,#1793,#1794);
#1543=AXIS2_PLACEMENT_3D('',#2315,#1796,#1797);
#1544=AXIS2_PLACEMENT_3D('',#2320,#1798,#1799);
#1545=AXIS2_PLACEMENT_3D('',#2321,#1800,#1801);
#1546=AXIS2_PLACEMENT_3D('',#2323,#1802,#1803);
#1547=AXIS2_PLACEMENT_3D('',#2324,#1804,#1805);
#1548=AXIS2_PLACEMENT_3D('',#2325,#1806,#1807);
#1549=AXIS2_PLACEMENT_3D('',#2327,#1808,#1809);
#1550=AXIS2_PLACEMENT_3D('',#2328,#1810,#1811);
#1551=AXIS2_PLACEMENT_3D('',#2329,#1812,#1813);
#1552=AXIS2_PLACEMENT_3D('',#2339,#1814,#1815);
#1553=AXIS2_PLACEMENT_3D('',#2348,#1816,#1817);
#1554=AXIS2_PLACEMENT_3D('',#2351,#1819,#1820);
#1555=AXIS2_PLACEMENT_3D('',#2352,#1821,#1822);
#1556=AXIS2_PLACEMENT_3D('',#2353,#1823,#1824);
#1557=AXIS2_PLACEMENT_3D('',#2355,#1825,#1826);
#1558=AXIS2_PLACEMENT_3D('',#2356,#1827,#1828);
#1559=AXIS2_PLACEMENT_3D('',#2358,#1829,#1830);
#1560=AXIS2_PLACEMENT_3D('',#2361,#1832,#1833);
#1561=AXIS2_PLACEMENT_3D('',#2362,#1834,#1835);
#1562=AXIS2_PLACEMENT_3D('',#2363,#1836,#1837);
#1563=AXIS2_PLACEMENT_3D('',#2368,#1839,#1840);
#1564=AXIS2_PLACEMENT_3D('',#2377,#1842,#1843);
#1565=AXIS2_PLACEMENT_3D('',#2382,#1844,#1845);
#1566=AXIS2_PLACEMENT_3D('',#2383,#1846,#1847);
#1567=AXIS2_PLACEMENT_3D('',#2385,#1848,#1849);
#1568=AXIS2_PLACEMENT_3D('',#2386,#1850,#1851);
#1569=AXIS2_PLACEMENT_3D('',#2387,#1852,#1853);
#1570=AXIS2_PLACEMENT_3D('',#2389,#1854,#1855);
#1571=AXIS2_PLACEMENT_3D('',#2390,#1856,#1857);
#1572=AXIS2_PLACEMENT_3D('',#2391,#1858,#1859);
#1573=AXIS2_PLACEMENT_3D('',#2394,#1861,#1862);
#1574=AXIS2_PLACEMENT_3D('',#2395,#1863,#1864);
#1575=AXIS2_PLACEMENT_3D('',#2398,#1866,#1867);
#1576=AXIS2_PLACEMENT_3D('',#2399,#1868,#1869);
#1577=AXIS2_PLACEMENT_3D('',#2402,#1871,#1872);
#1578=AXIS2_PLACEMENT_3D('',#2403,#1873,#1874);
#1579=AXIS2_PLACEMENT_3D('',#2406,#1876,#1877);
#1580=AXIS2_PLACEMENT_3D('',#2407,#1878,#1879);
#1581=AXIS2_PLACEMENT_3D('',#2410,#1881,#1882);
#1582=AXIS2_PLACEMENT_3D('',#2411,#1883,#1884);
#1583=AXIS2_PLACEMENT_3D('',#2414,#1886,#1887);
#1584=AXIS2_PLACEMENT_3D('',#2415,#1888,#1889);
#1585=AXIS2_PLACEMENT_3D('',#2417,#1890,#1891);
#1586=AXIS2_PLACEMENT_3D('',#2420,#1893,#1894);
#1587=AXIS2_PLACEMENT_3D('',#2421,#1895,#1896);
#1588=AXIS2_PLACEMENT_3D('',#2423,#1897,#1898);
#1589=AXIS2_PLACEMENT_3D('',#2424,#1899,#1900);
#1590=AXIS2_PLACEMENT_3D('',#2426,#1901,#1902);
#1591=AXIS2_PLACEMENT_3D('',#2428,#1904,#1905);
#1592=AXIS2_PLACEMENT_3D('',#2430,#1906,#1907);
#1593=AXIS2_PLACEMENT_3D('',#2433,#1909,#1910);
#1594=AXIS2_PLACEMENT_3D('',#2434,#1911,#1912);
#1595=AXIS2_PLACEMENT_3D('',#2436,#1913,#1914);
#1596=AXIS2_PLACEMENT_3D('',#2437,#1915,#1916);
#1597=AXIS2_PLACEMENT_3D('',#2439,#1917,#1918);
#1598=AXIS2_PLACEMENT_3D('',#2441,#1920,#1921);
#1599=AXIS2_PLACEMENT_3D('',#2443,#1922,#1923);
#1600=AXIS2_PLACEMENT_3D('',#2446,#1925,#1926);
#1601=AXIS2_PLACEMENT_3D('',#2447,#1927,#1928);
#1602=AXIS2_PLACEMENT_3D('',#2449,#1929,#1930);
#1603=AXIS2_PLACEMENT_3D('',#2450,#1931,#1932);
#1604=AXIS2_PLACEMENT_3D('',#2452,#1933,#1934);
#1605=AXIS2_PLACEMENT_3D('',#2454,#1936,#1937);
#1606=AXIS2_PLACEMENT_3D('',#2456,#1938,#1939);
#1607=AXIS2_PLACEMENT_3D('',#2459,#1941,#1942);
#1608=AXIS2_PLACEMENT_3D('',#2460,#1943,#1944);
#1609=AXIS2_PLACEMENT_3D('',#2462,#1945,#1946);
#1610=AXIS2_PLACEMENT_3D('',#2463,#1947,#1948);
#1611=AXIS2_PLACEMENT_3D('',#2465,#1949,#1950);
#1612=AXIS2_PLACEMENT_3D('',#2467,#1952,#1953);
#1613=AXIS2_PLACEMENT_3D('',#2469,#1954,#1955);
#1614=AXIS2_PLACEMENT_3D('',#2472,#1957,#1958);
#1615=AXIS2_PLACEMENT_3D('',#2473,#1959,#1960);
#1616=AXIS2_PLACEMENT_3D('',#2475,#1961,#1962);
#1617=AXIS2_PLACEMENT_3D('',#2478,#1964,#1965);
#1618=AXIS2_PLACEMENT_3D('',#2479,#1966,#1967);
#1619=AXIS2_PLACEMENT_3D('',#2480,#1968,#1969);
#1620=AXIS2_PLACEMENT_3D('',#2482,#1970,#1971);
#1621=AXIS2_PLACEMENT_3D('',#2485,#1973,#1974);
#1622=AXIS2_PLACEMENT_3D('',#2486,#1975,#1976);
#1623=AXIS2_PLACEMENT_3D('',#2489,#1978,#1979);
#1624=AXIS2_PLACEMENT_3D('',#2490,#1980,#1981);
#1625=AXIS2_PLACEMENT_3D('',#2492,#1982,#1983);
#1626=AXIS2_PLACEMENT_3D('',#2495,#1985,#1986);
#1627=AXIS2_PLACEMENT_3D('',#2496,#1987,#1988);
#1628=AXIS2_PLACEMENT_3D('',#2499,#1990,#1991);
#1629=AXIS2_PLACEMENT_3D('',#2500,#1992,#1993);
#1630=AXIS2_PLACEMENT_3D('',#2503,#1995,#1996);
#1631=AXIS2_PLACEMENT_3D('',#2504,#1997,#1998);
#1632=AXIS2_PLACEMENT_3D('',#2506,#1999,#2000);
#1633=AXIS2_PLACEMENT_3D('',#2509,#2002,#2003);
#1634=AXIS2_PLACEMENT_3D('',#2510,#2004,#2005);
#1635=AXIS2_PLACEMENT_3D('',#2511,#2006,#2007);
#1636=AXIS2_PLACEMENT_3D('',#2514,#2009,#2010);
#1637=AXIS2_PLACEMENT_3D('',#2515,#2011,#2012);
#1638=AXIS2_PLACEMENT_3D('',#2517,#2013,#2014);
#1639=AXIS2_PLACEMENT_3D('',#2520,#2016,#2017);
#1640=AXIS2_PLACEMENT_3D('',#2521,#2018,#2019);
#1641=AXIS2_PLACEMENT_3D('',#2524,#2021,#2022);
#1642=AXIS2_PLACEMENT_3D('',#2525,#2023,#2024);
#1643=AXIS2_PLACEMENT_3D('',#2527,#2025,#2026);
#1644=AXIS2_PLACEMENT_3D('',#2530,#2028,#2029);
#1645=AXIS2_PLACEMENT_3D('',#2531,#2030,#2031);
#1646=AXIS2_PLACEMENT_3D('',#2534,#2033,#2034);
#1647=AXIS2_PLACEMENT_3D('',#2535,#2035,#2036);
#1648=AXIS2_PLACEMENT_3D('',#2538,#2038,#2039);
#1649=AXIS2_PLACEMENT_3D('',#2539,#2040,#2041);
#1650=AXIS2_PLACEMENT_3D('',#2541,#2042,#2043);
#1651=AXIS2_PLACEMENT_3D('',#2544,#2045,#2046);
#1652=AXIS2_PLACEMENT_3D('',#2545,#2047,#2048);
#1653=AXIS2_PLACEMENT_3D('',#2548,#2050,#2051);
#1654=AXIS2_PLACEMENT_3D('',#2549,#2052,#2053);
#1655=AXIS2_PLACEMENT_3D('',#2551,#2054,#2055);
#1656=AXIS2_PLACEMENT_3D('',#2554,#2057,#2058);
#1657=AXIS2_PLACEMENT_3D('',#2555,#2059,#2060);
#1658=AXIS2_PLACEMENT_3D('',#2558,#2062,#2063);
#1659=AXIS2_PLACEMENT_3D('',#2559,#2064,#2065);
#1660=AXIS2_PLACEMENT_3D('',#2562,#2067,#2068);
#1661=AXIS2_PLACEMENT_3D('',#2563,#2069,#2070);
#1662=AXIS2_PLACEMENT_3D('',#2565,#2071,#2072);
#1663=AXIS2_PLACEMENT_3D('',#2568,#2074,#2075);
#1664=AXIS2_PLACEMENT_3D('',#2569,#2076,#2077);
#1665=AXIS2_PLACEMENT_3D('',#2570,#2078,#2079);
#1666=AXIS2_PLACEMENT_3D('',#2573,#2081,#2082);
#1667=AXIS2_PLACEMENT_3D('',#2574,#2083,#2084);
#1668=AXIS2_PLACEMENT_3D('',#2576,#2085,#2086);
#1669=AXIS2_PLACEMENT_3D('',#2579,#2088,#2089);
#1670=AXIS2_PLACEMENT_3D('',#2580,#2090,#2091);
#1671=AXIS2_PLACEMENT_3D('',#2583,#2093,#2094);
#1672=AXIS2_PLACEMENT_3D('',#2584,#2095,#2096);
#1673=AXIS2_PLACEMENT_3D('',#2586,#2097,#2098);
#1674=AXIS2_PLACEMENT_3D('',#2589,#2100,#2101);
#1675=AXIS2_PLACEMENT_3D('',#2590,#2102,#2103);
#1676=AXIS2_PLACEMENT_3D('',#2593,#2105,#2106);
#1677=AXIS2_PLACEMENT_3D('',#2594,#2107,#2108);
#1678=AXIS2_PLACEMENT_3D('',#2597,#2110,#2111);
#1679=AXIS2_PLACEMENT_3D('',#2598,#2112,#2113);
#1680=AXIS2_PLACEMENT_3D('',#2600,#2114,#2115);
#1681=AXIS2_PLACEMENT_3D('',#2603,#2117,#2118);
#1682=AXIS2_PLACEMENT_3D('',#2604,#2119,#2120);
#1683=AXIS2_PLACEMENT_3D('',#2607,#2122,#2123);
#1684=AXIS2_PLACEMENT_3D('',#2608,#2124,#2125);
#1685=AXIS2_PLACEMENT_3D('',#2610,#2126,#2127);
#1686=AXIS2_PLACEMENT_3D('',#2613,#2129,#2130);
#1687=AXIS2_PLACEMENT_3D('',#2614,#2131,#2132);
#1688=AXIS2_PLACEMENT_3D('',#2617,#2134,#2135);
#1689=AXIS2_PLACEMENT_3D('',#2618,#2136,#2137);
#1690=AXIS2_PLACEMENT_3D('',#2621,#2139,#2140);
#1691=AXIS2_PLACEMENT_3D('',#2622,#2141,#2142);
#1692=AXIS2_PLACEMENT_3D('',#2624,#2143,#2144);
#1693=AXIS2_PLACEMENT_3D('',#2627,#2146,#2147);
#1694=AXIS2_PLACEMENT_3D('',#2628,#2148,#2149);
#1695=AXIS2_PLACEMENT_3D('',#2629,#2150,#2151);
#1696=AXIS2_PLACEMENT_3D('',#2632,#2153,#2154);
#1697=AXIS2_PLACEMENT_3D('',#2633,#2155,#2156);
#1698=AXIS2_PLACEMENT_3D('',#2635,#2157,#2158);
#1699=AXIS2_PLACEMENT_3D('',#2638,#2160,#2161);
#1700=AXIS2_PLACEMENT_3D('',#2639,#2162,#2163);
#1701=AXIS2_PLACEMENT_3D('',#2642,#2165,#2166);
#1702=AXIS2_PLACEMENT_3D('',#2643,#2167,#2168);
#1703=AXIS2_PLACEMENT_3D('',#2645,#2169,#2170);
#1704=AXIS2_PLACEMENT_3D('',#2648,#2172,#2173);
#1705=AXIS2_PLACEMENT_3D('',#2649,#2174,#2175);
#1706=AXIS2_PLACEMENT_3D('',#2652,#2177,#2178);
#1707=AXIS2_PLACEMENT_3D('',#2653,#2179,#2180);
#1708=AXIS2_PLACEMENT_3D('',#2656,#2182,#2183);
#1709=AXIS2_PLACEMENT_3D('',#2657,#2184,#2185);
#1710=AXIS2_PLACEMENT_3D('',#2659,#2186,#2187);
#1711=AXIS2_PLACEMENT_3D('',#2662,#2189,#2190);
#1712=AXIS2_PLACEMENT_3D('',#2663,#2191,#2192);
#1713=AXIS2_PLACEMENT_3D('',#2664,#2193,#2194);
#1714=AXIS2_PLACEMENT_3D('',#2666,#2195,#2196);
#1715=AXIS2_PLACEMENT_3D('',#2669,#2198,#2199);
#1716=AXIS2_PLACEMENT_3D('',#2670,#2200,#2201);
#1717=AXIS2_PLACEMENT_3D('',#2671,#2202,#2203);
#1718=DIRECTION('axis',(0.,0.,1.));
#1719=DIRECTION('refdir',(1.,0.,0.));
#1720=DIRECTION('center_axis',(0.,0.,1.));
#1721=DIRECTION('ref_axis',(1.,0.,0.));
#1722=DIRECTION('center_axis',(0.,0.,1.));
#1723=DIRECTION('ref_axis',(1.,0.,0.));
#1724=DIRECTION('center_axis',(0.,0.,1.));
#1725=DIRECTION('ref_axis',(1.,0.,0.));
#1726=DIRECTION('',(0.,0.,1.));
#1727=DIRECTION('center_axis',(0.,0.,1.));
#1728=DIRECTION('ref_axis',(1.,0.,0.));
#1729=DIRECTION('center_axis',(0.,0.,1.));
#1730=DIRECTION('ref_axis',(1.,0.,0.));
#1731=DIRECTION('center_axis',(0.,0.,1.));
#1732=DIRECTION('ref_axis',(1.,0.,0.));
#1733=DIRECTION('center_axis',(0.,0.,-1.));
#1734=DIRECTION('ref_axis',(1.,0.,0.));
#1735=DIRECTION('center_axis',(0.,0.,-1.));
#1736=DIRECTION('ref_axis',(1.,0.,0.));
#1737=DIRECTION('center_axis',(0.,0.,1.));
#1738=DIRECTION('ref_axis',(1.,0.,0.));
#1739=DIRECTION('',(0.701238976116888,8.58770067538914E-17,0.712926292385503));
#1740=DIRECTION('center_axis',(0.,0.,-1.));
#1741=DIRECTION('ref_axis',(1.,0.,0.));
#1742=DIRECTION('center_axis',(0.,0.,1.));
#1743=DIRECTION('ref_axis',(1.,0.,0.));
#1744=DIRECTION('center_axis',(0.,0.,1.));
#1745=DIRECTION('ref_axis',(-0.500000000000001,-0.866025403784438,0.));
#1746=DIRECTION('',(0.,0.,-1.));
#1747=DIRECTION('center_axis',(0.,0.,1.));
#1748=DIRECTION('ref_axis',(1.,0.,0.));
#1749=DIRECTION('',(0.,0.,1.));
#1750=DIRECTION('center_axis',(0.,0.,1.));
#1751=DIRECTION('ref_axis',(1.,0.,0.));
#1752=DIRECTION('center_axis',(0.,0.,1.));
#1753=DIRECTION('ref_axis',(1.,0.,0.));
#1754=DIRECTION('center_axis',(0.,0.,-1.));
#1755=DIRECTION('ref_axis',(1.,0.,0.));
#1756=DIRECTION('center_axis',(0.,0.,-1.));
#1757=DIRECTION('ref_axis',(1.,0.,0.));
#1758=DIRECTION('center_axis',(0.,0.,-1.));
#1759=DIRECTION('ref_axis',(0.500000000000001,0.866025403784438,0.));
#1760=DIRECTION('center_axis',(0.,0.,1.));
#1761=DIRECTION('ref_axis',(1.,0.,0.));
#1762=DIRECTION('center_axis',(0.,0.,-1.));
#1763=DIRECTION('ref_axis',(1.,0.,0.));
#1764=DIRECTION('center_axis',(0.,0.,-1.));
#1765=DIRECTION('ref_axis',(1.,0.,0.));
#1766=DIRECTION('center_axis',(0.,0.,1.));
#1767=DIRECTION('ref_axis',(1.,0.,0.));
#1768=DIRECTION('center_axis',(0.,0.,1.));
#1769=DIRECTION('ref_axis',(1.,0.,0.));
#1770=DIRECTION('center_axis',(0.,0.,1.));
#1771=DIRECTION('ref_axis',(1.,0.,0.));
#1772=DIRECTION('',(0.,0.,1.));
#1773=DIRECTION('center_axis',(0.,0.,1.));
#1774=DIRECTION('ref_axis',(1.,0.,0.));
#1775=DIRECTION('center_axis',(0.,0.,1.));
#1776=DIRECTION('ref_axis',(1.,0.,0.));
#1777=DIRECTION('center_axis',(0.,0.,1.));
#1778=DIRECTION('ref_axis',(1.,0.,0.));
#1779=DIRECTION('center_axis',(0.,0.,-1.));
#1780=DIRECTION('ref_axis',(1.,0.,0.));
#1781=DIRECTION('center_axis',(0.,0.,-1.));
#1782=DIRECTION('ref_axis',(1.,0.,0.));
#1783=DIRECTION('center_axis',(0.,0.,1.));
#1784=DIRECTION('ref_axis',(1.,0.,0.));
#1785=DIRECTION('',(0.701238976116888,8.58770067538914E-17,0.712926292385503));
#1786=DIRECTION('center_axis',(0.,0.,-1.));
#1787=DIRECTION('ref_axis',(1.,0.,0.));
#1788=DIRECTION('center_axis',(0.,0.,1.));
#1789=DIRECTION('ref_axis',(1.,0.,0.));
#1790=DIRECTION('center_axis',(0.,0.,1.));
#1791=DIRECTION('ref_axis',(-0.5,0.866025403784439,0.));
#1792=DIRECTION('',(0.,0.,-1.));
#1793=DIRECTION('center_axis',(0.,0.,1.));
#1794=DIRECTION('ref_axis',(1.,0.,0.));
#1795=DIRECTION('',(0.,0.,1.));
#1796=DIRECTION('center_axis',(0.,0.,1.));
#1797=DIRECTION('ref_axis',(1.,0.,0.));
#1798=DIRECTION('center_axis',(0.,0.,1.));
#1799=DIRECTION('ref_axis',(1.,0.,0.));
#1800=DIRECTION('center_axis',(0.,0.,-1.));
#1801=DIRECTION('ref_axis',(1.,0.,0.));
#1802=DIRECTION('center_axis',(0.,0.,-1.));
#1803=DIRECTION('ref_axis',(1.,0.,0.));
#1804=DIRECTION('center_axis',(0.,0.,-1.));
#1805=DIRECTION('ref_axis',(0.5,-0.866025403784438,0.));
#1806=DIRECTION('center_axis',(0.,0.,1.));
#1807=DIRECTION('ref_axis',(1.,0.,0.));
#1808=DIRECTION('center_axis',(0.,0.,-1.));
#1809=DIRECTION('ref_axis',(1.,0.,0.));
#1810=DIRECTION('center_axis',(0.,0.,-1.));
#1811=DIRECTION('ref_axis',(1.,0.,0.));
#1812=DIRECTION('center_axis',(0.,0.,1.));
#1813=DIRECTION('ref_axis',(1.,0.,0.));
#1814=DIRECTION('center_axis',(0.,0.,1.));
#1815=DIRECTION('ref_axis',(1.,0.,0.));
#1816=DIRECTION('center_axis',(0.,0.,1.));
#1817=DIRECTION('ref_axis',(1.,0.,0.));
#1818=DIRECTION('',(0.,0.,1.));
#1819=DIRECTION('center_axis',(0.,0.,1.));
#1820=DIRECTION('ref_axis',(1.,0.,0.));
#1821=DIRECTION('center_axis',(0.,0.,1.));
#1822=DIRECTION('ref_axis',(1.,0.,0.));
#1823=DIRECTION('center_axis',(0.,0.,1.));
#1824=DIRECTION('ref_axis',(1.,0.,0.));
#1825=DIRECTION('center_axis',(0.,0.,-1.));
#1826=DIRECTION('ref_axis',(1.,0.,0.));
#1827=DIRECTION('center_axis',(0.,0.,-1.));
#1828=DIRECTION('ref_axis',(1.,0.,0.));
#1829=DIRECTION('center_axis',(0.,0.,1.));
#1830=DIRECTION('ref_axis',(1.,0.,0.));
#1831=DIRECTION('',(0.701238976116888,8.58770067538914E-17,0.712926292385503));
#1832=DIRECTION('center_axis',(0.,0.,-1.));
#1833=DIRECTION('ref_axis',(1.,0.,0.));
#1834=DIRECTION('center_axis',(0.,0.,1.));
#1835=DIRECTION('ref_axis',(1.,0.,0.));
#1836=DIRECTION('center_axis',(0.,0.,1.));
#1837=DIRECTION('ref_axis',(1.,0.,0.));
#1838=DIRECTION('',(0.,0.,-1.));
#1839=DIRECTION('center_axis',(0.,0.,1.));
#1840=DIRECTION('ref_axis',(1.,0.,0.));
#1841=DIRECTION('',(0.,0.,1.));
#1842=DIRECTION('center_axis',(0.,0.,1.));
#1843=DIRECTION('ref_axis',(1.,0.,0.));
#1844=DIRECTION('center_axis',(0.,0.,1.));
#1845=DIRECTION('ref_axis',(1.,0.,0.));
#1846=DIRECTION('center_axis',(0.,0.,-1.));
#1847=DIRECTION('ref_axis',(1.,0.,0.));
#1848=DIRECTION('center_axis',(0.,0.,-1.));
#1849=DIRECTION('ref_axis',(1.,0.,0.));
#1850=DIRECTION('center_axis',(0.,0.,-1.));
#1851=DIRECTION('ref_axis',(-1.,-1.22464679914735E-16,0.));
#1852=DIRECTION('center_axis',(0.,0.,1.));
#1853=DIRECTION('ref_axis',(1.,0.,0.));
#1854=DIRECTION('center_axis',(0.,0.,-1.));
#1855=DIRECTION('ref_axis',(1.,0.,0.));
#1856=DIRECTION('center_axis',(0.,0.,-1.));
#1857=DIRECTION('ref_axis',(1.,0.,0.));
#1858=DIRECTION('center_axis',(0.,0.,1.));
#1859=DIRECTION('ref_axis',(1.,0.,0.));
#1860=DIRECTION('',(0.,0.,1.));
#1861=DIRECTION('center_axis',(0.,0.,-1.));
#1862=DIRECTION('ref_axis',(1.,0.,0.));
#1863=DIRECTION('center_axis',(0.,0.,1.));
#1864=DIRECTION('ref_axis',(1.,0.,0.));
#1865=DIRECTION('',(0.,0.,1.));
#1866=DIRECTION('center_axis',(0.,0.,-1.));
#1867=DIRECTION('ref_axis',(1.,0.,0.));
#1868=DIRECTION('center_axis',(0.,0.,1.));
#1869=DIRECTION('ref_axis',(1.,0.,0.));
#1870=DIRECTION('',(0.,0.,1.));
#1871=DIRECTION('center_axis',(0.,0.,-1.));
#1872=DIRECTION('ref_axis',(1.,0.,0.));
#1873=DIRECTION('center_axis',(0.,0.,1.));
#1874=DIRECTION('ref_axis',(1.,0.,0.));
#1875=DIRECTION('',(0.,0.,1.));
#1876=DIRECTION('center_axis',(0.,0.,-1.));
#1877=DIRECTION('ref_axis',(1.,0.,0.));
#1878=DIRECTION('center_axis',(0.,0.,1.));
#1879=DIRECTION('ref_axis',(1.,0.,0.));
#1880=DIRECTION('',(0.,0.,1.));
#1881=DIRECTION('center_axis',(0.,0.,-1.));
#1882=DIRECTION('ref_axis',(1.,0.,0.));
#1883=DIRECTION('center_axis',(0.,0.,1.));
#1884=DIRECTION('ref_axis',(1.,0.,0.));
#1885=DIRECTION('',(0.,0.,1.));
#1886=DIRECTION('center_axis',(0.,0.,-1.));
#1887=DIRECTION('ref_axis',(1.,0.,0.));
#1888=DIRECTION('center_axis',(0.,0.,1.));
#1889=DIRECTION('ref_axis',(1.,0.,0.));
#1890=DIRECTION('center_axis',(0.,0.,-1.));
#1891=DIRECTION('ref_axis',(1.,0.,0.));
#1892=DIRECTION('',(0.,0.,1.));
#1893=DIRECTION('center_axis',(0.,0.,-1.));
#1894=DIRECTION('ref_axis',(1.,0.,0.));
#1895=DIRECTION('center_axis',(0.,0.,-1.));
#1896=DIRECTION('ref_axis',(-1.,0.,0.));
#1897=DIRECTION('center_axis',(0.,0.,1.));
#1898=DIRECTION('ref_axis',(1.,0.,0.));
#1899=DIRECTION('center_axis',(0.,0.,1.));
#1900=DIRECTION('ref_axis',(1.,0.,0.));
#1901=DIRECTION('center_axis',(0.,0.,1.));
#1902=DIRECTION('ref_axis',(1.,0.,0.));
#1903=DIRECTION('',(0.,0.,1.));
#1904=DIRECTION('center_axis',(0.,0.,1.));
#1905=DIRECTION('ref_axis',(1.,0.,0.));
#1906=DIRECTION('center_axis',(0.,0.,-1.));
#1907=DIRECTION('ref_axis',(1.,0.,0.));
#1908=DIRECTION('',(0.,0.,1.));
#1909=DIRECTION('center_axis',(0.,0.,-1.));
#1910=DIRECTION('ref_axis',(1.,0.,0.));
#1911=DIRECTION('center_axis',(0.,0.,-1.));
#1912=DIRECTION('ref_axis',(-1.,0.,0.));
#1913=DIRECTION('center_axis',(0.,0.,1.));
#1914=DIRECTION('ref_axis',(1.,0.,0.));
#1915=DIRECTION('center_axis',(0.,0.,1.));
#1916=DIRECTION('ref_axis',(1.,0.,0.));
#1917=DIRECTION('center_axis',(0.,0.,1.));
#1918=DIRECTION('ref_axis',(1.,0.,0.));
#1919=DIRECTION('',(0.,0.,1.));
#1920=DIRECTION('center_axis',(0.,0.,1.));
#1921=DIRECTION('ref_axis',(1.,0.,0.));
#1922=DIRECTION('center_axis',(0.,0.,-1.));
#1923=DIRECTION('ref_axis',(1.,0.,0.));
#1924=DIRECTION('',(0.,0.,1.));
#1925=DIRECTION('center_axis',(0.,0.,-1.));
#1926=DIRECTION('ref_axis',(1.,0.,0.));
#1927=DIRECTION('center_axis',(0.,0.,-1.));
#1928=DIRECTION('ref_axis',(-1.,0.,0.));
#1929=DIRECTION('center_axis',(0.,0.,1.));
#1930=DIRECTION('ref_axis',(1.,0.,0.));
#1931=DIRECTION('center_axis',(0.,0.,1.));
#1932=DIRECTION('ref_axis',(1.,0.,0.));
#1933=DIRECTION('center_axis',(0.,0.,1.));
#1934=DIRECTION('ref_axis',(1.,0.,0.));
#1935=DIRECTION('',(0.,0.,1.));
#1936=DIRECTION('center_axis',(0.,0.,1.));
#1937=DIRECTION('ref_axis',(1.,0.,0.));
#1938=DIRECTION('center_axis',(0.,0.,-1.));
#1939=DIRECTION('ref_axis',(1.,0.,0.));
#1940=DIRECTION('',(0.,0.,1.));
#1941=DIRECTION('center_axis',(0.,0.,-1.));
#1942=DIRECTION('ref_axis',(1.,0.,0.));
#1943=DIRECTION('center_axis',(0.,0.,-1.));
#1944=DIRECTION('ref_axis',(-1.,0.,0.));
#1945=DIRECTION('center_axis',(0.,0.,1.));
#1946=DIRECTION('ref_axis',(1.,0.,0.));
#1947=DIRECTION('center_axis',(0.,0.,1.));
#1948=DIRECTION('ref_axis',(1.,0.,0.));
#1949=DIRECTION('center_axis',(0.,0.,1.));
#1950=DIRECTION('ref_axis',(1.,0.,0.));
#1951=DIRECTION('',(0.,0.,1.));
#1952=DIRECTION('center_axis',(0.,0.,1.));
#1953=DIRECTION('ref_axis',(1.,0.,0.));
#1954=DIRECTION('center_axis',(0.,0.,1.));
#1955=DIRECTION('ref_axis',(1.,0.,0.));
#1956=DIRECTION('',(0.,0.,1.));
#1957=DIRECTION('center_axis',(0.,0.,-1.));
#1958=DIRECTION('ref_axis',(1.,0.,0.));
#1959=DIRECTION('center_axis',(0.,0.,1.));
#1960=DIRECTION('ref_axis',(1.,0.,0.));
#1961=DIRECTION('center_axis',(0.,0.,1.));
#1962=DIRECTION('ref_axis',(1.,0.,0.));
#1963=DIRECTION('',(0.,0.,1.));
#1964=DIRECTION('center_axis',(0.,0.,1.));
#1965=DIRECTION('ref_axis',(1.,0.,0.));
#1966=DIRECTION('center_axis',(0.,0.,1.));
#1967=DIRECTION('ref_axis',(1.,0.,0.));
#1968=DIRECTION('center_axis',(0.,0.,-1.));
#1969=DIRECTION('ref_axis',(1.,0.,0.));
#1970=DIRECTION('center_axis',(0.,0.,1.));
#1971=DIRECTION('ref_axis',(1.,0.,0.));
#1972=DIRECTION('',(0.701238976116888,8.58770067538914E-17,0.712926292385503));
#1973=DIRECTION('center_axis',(0.,0.,-1.));
#1974=DIRECTION('ref_axis',(1.,0.,0.));
#1975=DIRECTION('center_axis',(0.,0.,1.));
#1976=DIRECTION('ref_axis',(1.,0.,0.));
#1977=DIRECTION('',(0.,0.,1.));
#1978=DIRECTION('center_axis',(0.,0.,-1.));
#1979=DIRECTION('ref_axis',(1.,0.,0.));
#1980=DIRECTION('center_axis',(0.,0.,-1.));
#1981=DIRECTION('ref_axis',(1.,0.,0.));
#1982=DIRECTION('center_axis',(0.,0.,1.));
#1983=DIRECTION('ref_axis',(1.,0.,0.));
#1984=DIRECTION('',(0.701238976116888,8.58770067538914E-17,0.712926292385503));
#1985=DIRECTION('center_axis',(0.,0.,-1.));
#1986=DIRECTION('ref_axis',(1.,0.,0.));
#1987=DIRECTION('center_axis',(0.,0.,1.));
#1988=DIRECTION('ref_axis',(1.,0.,0.));
#1989=DIRECTION('',(0.,0.,1.));
#1990=DIRECTION('center_axis',(0.,0.,-1.));
#1991=DIRECTION('ref_axis',(1.,0.,0.));
#1992=DIRECTION('center_axis',(0.,0.,1.));
#1993=DIRECTION('ref_axis',(1.,0.,0.));
#1994=DIRECTION('',(0.,0.,1.));
#1995=DIRECTION('center_axis',(0.,0.,-1.));
#1996=DIRECTION('ref_axis',(1.,0.,0.));
#1997=DIRECTION('center_axis',(0.,0.,-1.));
#1998=DIRECTION('ref_axis',(1.,0.,0.));
#1999=DIRECTION('center_axis',(0.,0.,1.));
#2000=DIRECTION('ref_axis',(1.,0.,0.));
#2001=DIRECTION('',(0.701238976116888,8.58770067538914E-17,0.712926292385503));
#2002=DIRECTION('center_axis',(0.,0.,-1.));
#2003=DIRECTION('ref_axis',(1.,0.,0.));
#2004=DIRECTION('center_axis',(0.,0.,1.));
#2005=DIRECTION('ref_axis',(1.,0.,0.));
#2006=DIRECTION('center_axis',(0.,0.,1.));
#2007=DIRECTION('ref_axis',(1.,0.,0.));
#2008=DIRECTION('',(0.,0.,1.));
#2009=DIRECTION('center_axis',(0.,0.,-1.));
#2010=DIRECTION('ref_axis',(1.,0.,0.));
#2011=DIRECTION('center_axis',(0.,0.,-1.));
#2012=DIRECTION('ref_axis',(1.,0.,0.));
#2013=DIRECTION('center_axis',(0.,0.,1.));
#2014=DIRECTION('ref_axis',(1.,0.,0.));
#2015=DIRECTION('',(0.701238976116888,8.58770067538914E-17,0.712926292385503));
#2016=DIRECTION('center_axis',(0.,0.,-1.));
#2017=DIRECTION('ref_axis',(1.,0.,0.));
#2018=DIRECTION('center_axis',(0.,0.,1.));
#2019=DIRECTION('ref_axis',(1.,0.,0.));
#2020=DIRECTION('',(0.,0.,1.));
#2021=DIRECTION('center_axis',(0.,0.,-1.));
#2022=DIRECTION('ref_axis',(1.,0.,0.));
#2023=DIRECTION('center_axis',(0.,0.,-1.));
#2024=DIRECTION('ref_axis',(1.,0.,0.));
#2025=DIRECTION('center_axis',(0.,0.,1.));
#2026=DIRECTION('ref_axis',(1.,0.,0.));
#2027=DIRECTION('',(0.701238976116888,8.58770067538914E-17,0.712926292385503));
#2028=DIRECTION('center_axis',(0.,0.,-1.));
#2029=DIRECTION('ref_axis',(1.,0.,0.));
#2030=DIRECTION('center_axis',(0.,0.,1.));
#2031=DIRECTION('ref_axis',(1.,0.,0.));
#2032=DIRECTION('',(0.,0.,1.));
#2033=DIRECTION('center_axis',(0.,0.,-1.));
#2034=DIRECTION('ref_axis',(1.,0.,0.));
#2035=DIRECTION('center_axis',(0.,0.,1.));
#2036=DIRECTION('ref_axis',(1.,0.,0.));
#2037=DIRECTION('',(0.,0.,1.));
#2038=DIRECTION('center_axis',(0.,0.,-1.));
#2039=DIRECTION('ref_axis',(1.,0.,0.));
#2040=DIRECTION('center_axis',(0.,0.,-1.));
#2041=DIRECTION('ref_axis',(1.,0.,0.));
#2042=DIRECTION('center_axis',(0.,0.,1.));
#2043=DIRECTION('ref_axis',(1.,0.,0.));
#2044=DIRECTION('',(0.701238976116888,8.58770067538914E-17,0.712926292385503));
#2045=DIRECTION('center_axis',(0.,0.,-1.));
#2046=DIRECTION('ref_axis',(1.,0.,0.));
#2047=DIRECTION('center_axis',(0.,0.,1.));
#2048=DIRECTION('ref_axis',(1.,0.,0.));
#2049=DIRECTION('',(0.,0.,1.));
#2050=DIRECTION('center_axis',(0.,0.,-1.));
#2051=DIRECTION('ref_axis',(1.,0.,0.));
#2052=DIRECTION('center_axis',(0.,0.,-1.));
#2053=DIRECTION('ref_axis',(1.,0.,0.));
#2054=DIRECTION('center_axis',(0.,0.,1.));
#2055=DIRECTION('ref_axis',(1.,0.,0.));
#2056=DIRECTION('',(0.701238976116888,8.58770067538914E-17,0.712926292385503));
#2057=DIRECTION('center_axis',(0.,0.,-1.));
#2058=DIRECTION('ref_axis',(1.,0.,0.));
#2059=DIRECTION('center_axis',(0.,0.,1.));
#2060=DIRECTION('ref_axis',(1.,0.,0.));
#2061=DIRECTION('',(0.,0.,1.));
#2062=DIRECTION('center_axis',(0.,0.,-1.));
#2063=DIRECTION('ref_axis',(1.,0.,0.));
#2064=DIRECTION('center_axis',(0.,0.,1.));
#2065=DIRECTION('ref_axis',(1.,0.,0.));
#2066=DIRECTION('',(0.,0.,1.));
#2067=DIRECTION('center_axis',(0.,0.,-1.));
#2068=DIRECTION('ref_axis',(1.,0.,0.));
#2069=DIRECTION('center_axis',(0.,0.,-1.));
#2070=DIRECTION('ref_axis',(1.,0.,0.));
#2071=DIRECTION('center_axis',(0.,0.,1.));
#2072=DIRECTION('ref_axis',(1.,0.,0.));
#2073=DIRECTION('',(0.701238976116888,8.58770067538914E-17,0.712926292385503));
#2074=DIRECTION('center_axis',(0.,0.,-1.));
#2075=DIRECTION('ref_axis',(1.,0.,0.));
#2076=DIRECTION('center_axis',(0.,0.,1.));
#2077=DIRECTION('ref_axis',(1.,0.,0.));
#2078=DIRECTION('center_axis',(0.,0.,1.));
#2079=DIRECTION('ref_axis',(1.,0.,0.));
#2080=DIRECTION('',(0.,0.,1.));
#2081=DIRECTION('center_axis',(0.,0.,-1.));
#2082=DIRECTION('ref_axis',(1.,0.,0.));
#2083=DIRECTION('center_axis',(0.,0.,-1.));
#2084=DIRECTION('ref_axis',(1.,0.,0.));
#2085=DIRECTION('center_axis',(0.,0.,1.));
#2086=DIRECTION('ref_axis',(1.,0.,0.));
#2087=DIRECTION('',(0.701238976116888,8.58770067538914E-17,0.712926292385503));
#2088=DIRECTION('center_axis',(0.,0.,-1.));
#2089=DIRECTION('ref_axis',(1.,0.,0.));
#2090=DIRECTION('center_axis',(0.,0.,1.));
#2091=DIRECTION('ref_axis',(1.,0.,0.));
#2092=DIRECTION('',(0.,0.,1.));
#2093=DIRECTION('center_axis',(0.,0.,-1.));
#2094=DIRECTION('ref_axis',(1.,0.,0.));
#2095=DIRECTION('center_axis',(0.,0.,-1.));
#2096=DIRECTION('ref_axis',(1.,0.,0.));
#2097=DIRECTION('center_axis',(0.,0.,1.));
#2098=DIRECTION('ref_axis',(1.,0.,0.));
#2099=DIRECTION('',(0.701238976116888,8.58770067538914E-17,0.712926292385503));
#2100=DIRECTION('center_axis',(0.,0.,-1.));
#2101=DIRECTION('ref_axis',(1.,0.,0.));
#2102=DIRECTION('center_axis',(0.,0.,1.));
#2103=DIRECTION('ref_axis',(1.,0.,0.));
#2104=DIRECTION('',(0.,0.,1.));
#2105=DIRECTION('center_axis',(0.,0.,-1.));
#2106=DIRECTION('ref_axis',(1.,0.,0.));
#2107=DIRECTION('center_axis',(0.,0.,1.));
#2108=DIRECTION('ref_axis',(1.,0.,0.));
#2109=DIRECTION('',(0.,0.,1.));
#2110=DIRECTION('center_axis',(0.,0.,-1.));
#2111=DIRECTION('ref_axis',(1.,0.,0.));
#2112=DIRECTION('center_axis',(0.,0.,-1.));
#2113=DIRECTION('ref_axis',(1.,0.,0.));
#2114=DIRECTION('center_axis',(0.,0.,1.));
#2115=DIRECTION('ref_axis',(1.,0.,0.));
#2116=DIRECTION('',(0.701238976116888,8.58770067538914E-17,0.712926292385503));
#2117=DIRECTION('center_axis',(0.,0.,-1.));
#2118=DIRECTION('ref_axis',(1.,0.,0.));
#2119=DIRECTION('center_axis',(0.,0.,1.));
#2120=DIRECTION('ref_axis',(1.,0.,0.));
#2121=DIRECTION('',(0.,0.,1.));
#2122=DIRECTION('center_axis',(0.,0.,-1.));
#2123=DIRECTION('ref_axis',(1.,0.,0.));
#2124=DIRECTION('center_axis',(0.,0.,-1.));
#2125=DIRECTION('ref_axis',(1.,0.,0.));
#2126=DIRECTION('center_axis',(0.,0.,1.));
#2127=DIRECTION('ref_axis',(1.,0.,0.));
#2128=DIRECTION('',(0.701238976116888,8.58770067538914E-17,0.712926292385503));
#2129=DIRECTION('center_axis',(0.,0.,-1.));
#2130=DIRECTION('ref_axis',(1.,0.,0.));
#2131=DIRECTION('center_axis',(0.,0.,1.));
#2132=DIRECTION('ref_axis',(1.,0.,0.));
#2133=DIRECTION('',(0.,0.,1.));
#2134=DIRECTION('center_axis',(0.,0.,-1.));
#2135=DIRECTION('ref_axis',(1.,0.,0.));
#2136=DIRECTION('center_axis',(0.,0.,1.));
#2137=DIRECTION('ref_axis',(1.,0.,0.));
#2138=DIRECTION('',(0.,0.,1.));
#2139=DIRECTION('center_axis',(0.,0.,-1.));
#2140=DIRECTION('ref_axis',(1.,0.,0.));
#2141=DIRECTION('center_axis',(0.,0.,-1.));
#2142=DIRECTION('ref_axis',(1.,0.,0.));
#2143=DIRECTION('center_axis',(0.,0.,1.));
#2144=DIRECTION('ref_axis',(1.,0.,0.));
#2145=DIRECTION('',(0.701238976116888,8.58770067538914E-17,0.712926292385503));
#2146=DIRECTION('center_axis',(0.,0.,-1.));
#2147=DIRECTION('ref_axis',(1.,0.,0.));
#2148=DIRECTION('center_axis',(0.,0.,1.));
#2149=DIRECTION('ref_axis',(1.,0.,0.));
#2150=DIRECTION('center_axis',(0.,0.,1.));
#2151=DIRECTION('ref_axis',(1.,0.,0.));
#2152=DIRECTION('',(0.,0.,1.));
#2153=DIRECTION('center_axis',(0.,0.,-1.));
#2154=DIRECTION('ref_axis',(1.,0.,0.));
#2155=DIRECTION('center_axis',(0.,0.,-1.));
#2156=DIRECTION('ref_axis',(1.,0.,0.));
#2157=DIRECTION('center_axis',(0.,0.,1.));
#2158=DIRECTION('ref_axis',(1.,0.,0.));
#2159=DIRECTION('',(0.701238976116888,8.58770067538914E-17,0.712926292385503));
#2160=DIRECTION('center_axis',(0.,0.,-1.));
#2161=DIRECTION('ref_axis',(1.,0.,0.));
#2162=DIRECTION('center_axis',(0.,0.,1.));
#2163=DIRECTION('ref_axis',(1.,0.,0.));
#2164=DIRECTION('',(0.,0.,1.));
#2165=DIRECTION('center_axis',(0.,0.,-1.));
#2166=DIRECTION('ref_axis',(1.,0.,0.));
#2167=DIRECTION('center_axis',(0.,0.,-1.));
#2168=DIRECTION('ref_axis',(1.,0.,0.));
#2169=DIRECTION('center_axis',(0.,0.,1.));
#2170=DIRECTION('ref_axis',(1.,0.,0.));
#2171=DIRECTION('',(0.701238976116888,8.58770067538914E-17,0.712926292385503));
#2172=DIRECTION('center_axis',(0.,0.,-1.));
#2173=DIRECTION('ref_axis',(1.,0.,0.));
#2174=DIRECTION('center_axis',(0.,0.,1.));
#2175=DIRECTION('ref_axis',(1.,0.,0.));
#2176=DIRECTION('',(0.,0.,1.));
#2177=DIRECTION('center_axis',(0.,0.,-1.));
#2178=DIRECTION('ref_axis',(1.,0.,0.));
#2179=DIRECTION('center_axis',(0.,0.,1.));
#2180=DIRECTION('ref_axis',(1.,0.,0.));
#2181=DIRECTION('',(0.,0.,1.));
#2182=DIRECTION('center_axis',(0.,0.,-1.));
#2183=DIRECTION('ref_axis',(1.,0.,0.));
#2184=DIRECTION('center_axis',(0.,0.,1.));
#2185=DIRECTION('ref_axis',(1.,0.,0.));
#2186=DIRECTION('center_axis',(0.,0.,-1.));
#2187=DIRECTION('ref_axis',(1.,0.,0.));
#2188=DIRECTION('',(0.,0.,1.));
#2189=DIRECTION('center_axis',(0.,0.,-1.));
#2190=DIRECTION('ref_axis',(1.,0.,0.));
#2191=DIRECTION('center_axis',(0.,0.,-1.));
#2192=DIRECTION('ref_axis',(-1.,0.,0.));
#2193=DIRECTION('center_axis',(0.,0.,1.));
#2194=DIRECTION('ref_axis',(1.,0.,0.));
#2195=DIRECTION('center_axis',(0.,0.,1.));
#2196=DIRECTION('ref_axis',(1.,0.,0.));
#2197=DIRECTION('',(0.,0.,-1.));
#2198=DIRECTION('center_axis',(0.,0.,-1.));
#2199=DIRECTION('ref_axis',(1.,0.,0.));
#2200=DIRECTION('center_axis',(0.,0.,-1.));
#2201=DIRECTION('ref_axis',(-1.,0.,0.));
#2202=DIRECTION('center_axis',(0.,0.,1.));
#2203=DIRECTION('ref_axis',(1.,0.,0.));
#2204=CARTESIAN_POINT('',(0.,0.,0.));
#2205=CARTESIAN_POINT('Origin',(16.5,-28.5788383248865,0.5));
#2206=CARTESIAN_POINT('',(13.8010172211508,-26.7683157595824,0.));
#2207=CARTESIAN_POINT('',(13.2978693113977,-28.0230874336487,0.));
#2208=CARTESIAN_POINT('Ctrl Pts',(13.8010172211508,-26.7683157595824,1.73472347597681E-17));
#2209=CARTESIAN_POINT('Ctrl Pts',(13.6771764500675,-26.9529277135444,0.0872378428250406));
#2210=CARTESIAN_POINT('Ctrl Pts',(13.567843873041,-27.158858470447,0.13661842007328));
#2211=CARTESIAN_POINT('Ctrl Pts',(13.3991144306191,-27.5796431360058,0.13661842007328));
#2212=CARTESIAN_POINT('Ctrl Pts',(13.3358829877915,-27.8040598770829,0.0872378428250384));
#2213=CARTESIAN_POINT('Ctrl Pts',(13.2978693113977,-28.0230874336487,-8.67361737988404E-16));
#2214=CARTESIAN_POINT('',(16.2815328537463,-25.3361893913743,0.));
#2215=CARTESIAN_POINT('Origin',(16.5,-28.5788383248865,0.));
#2216=CARTESIAN_POINT('',(17.6197709543134,-25.5278363567003,0.));
#2217=CARTESIAN_POINT('Ctrl Pts',(17.6197709543134,-25.5278363567003,3.38271077815477E-16));
#2218=CARTESIAN_POINT('Ctrl Pts',(17.4110806880017,-25.4512433878656,0.0872378428250392));
#2219=CARTESIAN_POINT('Ctrl Pts',(17.1851143677806,-25.3937950531336,0.136618420073281));
#2220=CARTESIAN_POINT('Ctrl Pts',(16.7363394366728,-25.329526703858,0.13661842007328));
#2221=CARTESIAN_POINT('Ctrl Pts',(16.5033318812613,-25.3212461145729,0.0872378428250423));
#2222=CARTESIAN_POINT('Ctrl Pts',(16.2815328537463,-25.3361893913743,1.32706345912226E-15));
#2223=CARTESIAN_POINT('',(13.25,-28.5788383248865,-8.32667268468867E-16));
#2224=CARTESIAN_POINT('Origin',(16.5,-28.5788383248865,0.));
#2225=CARTESIAN_POINT('',(13.25,-28.5788383248865,2.));
#2226=CARTESIAN_POINT('',(13.25,-28.5788383248865,0.5));
#2227=CARTESIAN_POINT('Origin',(16.5,-28.5788383248865,2.));
#2228=CARTESIAN_POINT('Origin',(16.5,-28.5788383248865,0.));
#2229=CARTESIAN_POINT('Origin',(16.5,-28.5788383248865,2.));
#2230=CARTESIAN_POINT('',(14.9,-28.5788383248865,2.));
#2231=CARTESIAN_POINT('Origin',(16.5,-28.5788383248865,2.));
#2232=CARTESIAN_POINT('Origin',(17.4577144520445,-21.8912815091048,0.295));
#2233=CARTESIAN_POINT('',(13.8175505176183,-21.8912815091048,-1.70002900645727E-15));
#2234=CARTESIAN_POINT('Origin',(17.4577144520445,-21.8912815091048,0.));
#2235=CARTESIAN_POINT('',(14.4077144520445,-21.8912815091048,0.6));
#2236=CARTESIAN_POINT('',(14.1077144520445,-21.8912815091048,0.295));
#2237=CARTESIAN_POINT('Origin',(17.4577144520445,-21.8912815091048,0.6));
#2238=CARTESIAN_POINT('Origin',(17.4577144520445,-21.8912815091048,0.));
#2239=CARTESIAN_POINT('Origin',(-16.5,-28.5788383248865,0.5));
#2240=CARTESIAN_POINT('',(-16.8453027467866,-25.3472340772934,2.));
#2241=CARTESIAN_POINT('',(-16.8453027467866,-25.3472340772934,0.6));
#2242=CARTESIAN_POINT('',(-16.8453027467866,-25.3472340772934,0.5));
#2243=CARTESIAN_POINT('',(-13.5286972532134,-27.2620771518037,2.));
#2244=CARTESIAN_POINT('Origin',(-16.5,-28.5788383248865,2.));
#2245=CARTESIAN_POINT('',(-13.5286972532134,-27.2620771518037,0.6));
#2246=CARTESIAN_POINT('',(-13.5286972532134,-27.2620771518037,0.5));
#2247=CARTESIAN_POINT('',(-13.3378851384509,-27.8281522371172,0.));
#2248=CARTESIAN_POINT('Ctrl Pts',(-13.3378851384509,-27.8281522371172,2.22044604925031E-15));
#2249=CARTESIAN_POINT('Ctrl Pts',(-13.3821130366816,-27.6418510699995,0.194425384157445));
#2250=CARTESIAN_POINT('Ctrl Pts',(-13.4456227265247,-27.4495367871454,0.398654094923783));
#2251=CARTESIAN_POINT('Ctrl Pts',(-13.5286972532134,-27.2620771518037,0.599999999999996));
#2252=CARTESIAN_POINT('',(-17.4309442084989,-25.465023481216,0.));
#2253=CARTESIAN_POINT('Origin',(-16.5,-28.5788383248865,0.));
#2254=CARTESIAN_POINT('Ctrl Pts',(-16.8453027467866,-25.3472340772934,0.600000000000001));
#2255=CARTESIAN_POINT('Ctrl Pts',(-17.0491810685455,-25.3690188439665,0.398657796276957));
#2256=CARTESIAN_POINT('Ctrl Pts',(-17.2474859720582,-25.410174560747,0.194428292074871));
#2257=CARTESIAN_POINT('Ctrl Pts',(-17.4309442084989,-25.465023481216,2.77555756156289E-16));
#2258=CARTESIAN_POINT('Origin',(-16.5,-28.5788383248865,2.));
#2259=CARTESIAN_POINT('Origin',(-14.,-24.2487113059643,2.));
#2260=CARTESIAN_POINT('',(-18.1,-28.5788383248865,2.));
#2261=CARTESIAN_POINT('Origin',(-16.5,-28.5788383248865,2.));
#2262=CARTESIAN_POINT('Origin',(-14.,-24.2487113059643,0.295));
#2263=CARTESIAN_POINT('Origin',(-14.,-24.2487113059643,0.));
#2264=CARTESIAN_POINT('',(-17.05,-24.2487113059643,0.6));
#2265=CARTESIAN_POINT('Origin',(-14.,-24.2487113059643,0.6));
#2266=CARTESIAN_POINT('Origin',(-14.,-24.2487113059643,0.6));
#2267=CARTESIAN_POINT('Origin',(-33.,4.04133443718627E-15,0.5));
#2268=CARTESIAN_POINT('',(-30.0825500748971,1.43212636820815,0.));
#2269=CARTESIAN_POINT('',(-30.9176402657111,2.49525107694843,0.));
#2270=CARTESIAN_POINT('Ctrl Pts',(-30.0825500748971,1.43212636820815,-1.34441069388203E-15));
#2271=CARTESIAN_POINT('Ctrl Pts',(-30.1805083313289,1.63168159897149,0.0872378428250345));
#2272=CARTESIAN_POINT('Ctrl Pts',(-30.3041833097138,1.82933176658897,0.136618420073273));
#2273=CARTESIAN_POINT('Ctrl Pts',(-30.5842287983996,2.18584808287213,0.136618420073273));
#2274=CARTESIAN_POINT('Ctrl Pts',(-30.7469636757932,2.35281648921728,0.0872378428250367));
#2275=CARTESIAN_POINT('Ctrl Pts',(-30.9176402657111,2.49525107694843,4.25007251614318E-16));
#2276=CARTESIAN_POINT('',(-30.0825500748971,-1.43212636820811,0.));
#2277=CARTESIAN_POINT('Origin',(-33.,4.04133443718627E-15,0.));
#2278=CARTESIAN_POINT('',(-30.9176402657111,-2.49525107694844,0.));
#2279=CARTESIAN_POINT('Ctrl Pts',(-30.9176402657111,-2.49525107694844,-1.99493199737333E-16));
#2280=CARTESIAN_POINT('Ctrl Pts',(-30.7469636757932,-2.35281648921728,0.087237842825041));
#2281=CARTESIAN_POINT('Ctrl Pts',(-30.5842287983996,-2.18584808287212,0.136618420073283));
#2282=CARTESIAN_POINT('Ctrl Pts',(-30.3041833097138,-1.82933176658895,0.136618420073284));
#2283=CARTESIAN_POINT('Ctrl Pts',(-30.1805083313288,-1.63168159897147,0.0872378428250418));
#2284=CARTESIAN_POINT('Ctrl Pts',(-30.0825500748971,-1.43212636820812,6.07153216591882E-17));
#2285=CARTESIAN_POINT('',(-36.25,3.64332422746338E-15,-1.2490009027033E-15));
#2286=CARTESIAN_POINT('Origin',(-33.,4.04133443718627E-15,0.));
#2287=CARTESIAN_POINT('',(-36.25,3.64332422746338E-15,2.));
#2288=CARTESIAN_POINT('',(-36.25,3.64332422746338E-15,0.5));
#2289=CARTESIAN_POINT('Origin',(-33.,4.04133443718627E-15,2.));
#2290=CARTESIAN_POINT('Origin',(-33.,4.04133443718627E-15,0.));
#2291=CARTESIAN_POINT('Origin',(-33.,4.04133443718627E-15,2.));
#2292=CARTESIAN_POINT('',(-34.6,4.23727792504984E-15,2.));
#2293=CARTESIAN_POINT('Origin',(-33.,4.04133443718627E-15,2.));
#2294=CARTESIAN_POINT('Origin',(-27.6872631343036,-4.17318345293287,0.295));
#2295=CARTESIAN_POINT('',(-31.3274270687298,-4.17318345293287,-8.32667268468867E-16));
#2296=CARTESIAN_POINT('Origin',(-27.6872631343036,-4.17318345293287,0.));
#2297=CARTESIAN_POINT('',(-30.7372631343036,-4.17318345293287,0.6));
#2298=CARTESIAN_POINT('',(-31.0372631343036,-4.17318345293287,0.295));
#2299=CARTESIAN_POINT('Origin',(-27.6872631343036,-4.17318345293287,0.6));
#2300=CARTESIAN_POINT('Origin',(-27.6872631343036,-4.17318345293287,0.));
#2301=CARTESIAN_POINT('Origin',(-16.5,28.5788383248865,0.5));
#2302=CARTESIAN_POINT('',(-13.5286972532134,27.2620771518037,2.));
#2303=CARTESIAN_POINT('',(-13.5286972532134,27.2620771518037,0.6));
#2304=CARTESIAN_POINT('',(-13.5286972532134,27.2620771518037,0.5));
#2305=CARTESIAN_POINT('',(-16.8453027467866,25.3472340772934,2.));
#2306=CARTESIAN_POINT('Origin',(-16.5,28.5788383248865,2.));
#2307=CARTESIAN_POINT('',(-16.8453027467866,25.3472340772934,0.6));
#2308=CARTESIAN_POINT('',(-16.8453027467866,25.3472340772934,0.5));
#2309=CARTESIAN_POINT('',(-17.4309442084988,25.465023481216,0.));
#2310=CARTESIAN_POINT('Ctrl Pts',(-17.4309442084988,25.465023481216,-6.59194920871187E-16));
#2311=CARTESIAN_POINT('Ctrl Pts',(-17.2474887159048,25.4101753810809,0.194425384157447));
#2312=CARTESIAN_POINT('Ctrl Pts',(-17.0491848165211,25.3690192444444,0.398654094923786));
#2313=CARTESIAN_POINT('Ctrl Pts',(-16.8453027467866,25.3472340772934,0.599999999999999));
#2314=CARTESIAN_POINT('',(-13.3378851384509,27.8281522371173,0.));
#2315=CARTESIAN_POINT('Origin',(-16.5,28.5788383248865,0.));
#2316=CARTESIAN_POINT('Ctrl Pts',(-13.5286972532134,27.2620771518037,0.599999999999998));
#2317=CARTESIAN_POINT('Ctrl Pts',(-13.4456242536884,27.4495333410643,0.398657796276953));
#2318=CARTESIAN_POINT('Ctrl Pts',(-13.3821136981749,27.6418482835917,0.194428292074868));
#2319=CARTESIAN_POINT('Ctrl Pts',(-13.3378851384509,27.8281522371173,7.28583859910259E-16));
#2320=CARTESIAN_POINT('Origin',(-16.5,28.5788383248865,2.));
#2321=CARTESIAN_POINT('Origin',(-14.,24.2487113059643,2.));
#2322=CARTESIAN_POINT('',(-18.1,28.5788383248865,2.));
#2323=CARTESIAN_POINT('Origin',(-16.5,28.5788383248865,2.));
#2324=CARTESIAN_POINT('Origin',(-14.,24.2487113059643,0.295));
#2325=CARTESIAN_POINT('Origin',(-14.,24.2487113059643,0.));
#2326=CARTESIAN_POINT('',(-17.05,24.2487113059643,0.6));
#2327=CARTESIAN_POINT('Origin',(-14.,24.2487113059643,0.6));
#2328=CARTESIAN_POINT('Origin',(-14.,24.2487113059643,0.6));
#2329=CARTESIAN_POINT('Origin',(16.5,28.5788383248865,0.5));
#2330=CARTESIAN_POINT('',(16.2815328537463,25.3361893913743,0.));
#2331=CARTESIAN_POINT('',(17.6197709543134,25.5278363567003,0.));
#2332=CARTESIAN_POINT('Ctrl Pts',(16.2815328537463,25.3361893913743,0.));
#2333=CARTESIAN_POINT('Ctrl Pts',(16.5033318812613,25.3212461145729,0.0872378428250387));
#2334=CARTESIAN_POINT('Ctrl Pts',(16.7363394366728,25.329526703858,0.136618420073276));
#2335=CARTESIAN_POINT('Ctrl Pts',(17.1851143677806,25.3937950531336,0.136618420073275));
#2336=CARTESIAN_POINT('Ctrl Pts',(17.4110806880017,25.4512433878656,0.0872378428250364));
#2337=CARTESIAN_POINT('Ctrl Pts',(17.6197709543134,25.5278363567003,-1.57859836313889E-15));
#2338=CARTESIAN_POINT('',(13.8010172211507,26.7683157595824,0.));
#2339=CARTESIAN_POINT('Origin',(16.5,28.5788383248865,0.));
#2340=CARTESIAN_POINT('',(13.2978693113977,28.0230874336487,0.));
#2341=CARTESIAN_POINT('Ctrl Pts',(13.2978693113977,28.0230874336487,-1.94289029309402E-15));
#2342=CARTESIAN_POINT('Ctrl Pts',(13.3358829877915,27.8040598770829,0.0872378428250349));
#2343=CARTESIAN_POINT('Ctrl Pts',(13.3991144306191,27.5796431360058,0.136618420073272));
#2344=CARTESIAN_POINT('Ctrl Pts',(13.567843873041,27.158858470447,0.136618420073272));
#2345=CARTESIAN_POINT('Ctrl Pts',(13.6771764500675,26.9529277135444,0.0872378428250347));
#2346=CARTESIAN_POINT('Ctrl Pts',(13.8010172211508,26.7683157595824,-1.04950770296597E-15));
#2347=CARTESIAN_POINT('',(13.25,28.5788383248865,-1.94289029309402E-15));
#2348=CARTESIAN_POINT('Origin',(16.5,28.5788383248865,0.));
#2349=CARTESIAN_POINT('',(13.25,28.5788383248865,2.));
#2350=CARTESIAN_POINT('',(13.25,28.5788383248865,0.5));
#2351=CARTESIAN_POINT('Origin',(16.5,28.5788383248865,2.));
#2352=CARTESIAN_POINT('Origin',(16.5,28.5788383248865,0.));
#2353=CARTESIAN_POINT('Origin',(16.5,28.5788383248865,2.));
#2354=CARTESIAN_POINT('',(14.9,28.5788383248865,2.));
#2355=CARTESIAN_POINT('Origin',(16.5,28.5788383248865,2.));
#2356=CARTESIAN_POINT('Origin',(10.2295486822591,26.0644649620377,0.295));
#2357=CARTESIAN_POINT('',(6.58938474783283,26.0644649620377,-2.4980018054066E-15));
#2358=CARTESIAN_POINT('Origin',(10.2295486822591,26.0644649620377,0.));
#2359=CARTESIAN_POINT('',(7.17954868225906,26.0644649620377,0.6));
#2360=CARTESIAN_POINT('',(6.87954868225906,26.0644649620377,0.295));
#2361=CARTESIAN_POINT('Origin',(10.2295486822591,26.0644649620377,0.6));
#2362=CARTESIAN_POINT('Origin',(10.2295486822591,26.0644649620377,0.));
#2363=CARTESIAN_POINT('Origin',(33.,0.,0.5));
#2364=CARTESIAN_POINT('',(30.374,-1.91484307451029,2.));
#2365=CARTESIAN_POINT('',(30.374,-1.91484307451028,0.6));
#2366=CARTESIAN_POINT('',(30.374,-1.91484307451029,0.5));
#2367=CARTESIAN_POINT('',(30.374,1.91484307451029,2.));
#2368=CARTESIAN_POINT('Origin',(33.,0.,2.));
#2369=CARTESIAN_POINT('',(30.374,1.91484307451028,0.6));
#2370=CARTESIAN_POINT('',(30.374,1.91484307451029,0.5));
#2371=CARTESIAN_POINT('',(30.7688293469497,2.36312875590123,0.));
#2372=CARTESIAN_POINT('Ctrl Pts',(30.7688293469497,2.36312875590123,-1.80411241501588E-15));
#2373=CARTESIAN_POINT('Ctrl Pts',(30.6296017525864,2.23167568891853,0.194425384157443));
#2374=CARTESIAN_POINT('Ctrl Pts',(30.4948075430457,2.08051754270096,0.398654094923784));
#2375=CARTESIAN_POINT('Ctrl Pts',(30.374,1.91484307451028,0.599999999999999));
#2376=CARTESIAN_POINT('',(30.7688293469497,-2.36312875590123,0.));
#2377=CARTESIAN_POINT('Origin',(33.,0.,0.));
#2378=CARTESIAN_POINT('Ctrl Pts',(30.374,-1.91484307451028,0.6));
#2379=CARTESIAN_POINT('Ctrl Pts',(30.4948053222338,-2.08051449709783,0.398657796276956));
#2380=CARTESIAN_POINT('Ctrl Pts',(30.6295996702331,-2.23167372284468,0.194428292074868));
#2381=CARTESIAN_POINT('Ctrl Pts',(30.7688293469497,-2.36312875590123,-7.28583859910259E-16));
#2382=CARTESIAN_POINT('Origin',(33.,0.,2.));
#2383=CARTESIAN_POINT('Origin',(28.,0.,2.));
#2384=CARTESIAN_POINT('',(31.4,1.95943487863577E-16,2.));
#2385=CARTESIAN_POINT('Origin',(33.,0.,2.));
#2386=CARTESIAN_POINT('Origin',(28.,0.,0.295));
#2387=CARTESIAN_POINT('Origin',(28.,0.,0.));
#2388=CARTESIAN_POINT('',(24.95,-3.73517273739943E-16,0.6));
#2389=CARTESIAN_POINT('Origin',(28.,0.,0.6));
#2390=CARTESIAN_POINT('Origin',(28.,0.,0.6));
#2391=CARTESIAN_POINT('Origin',(16.5,-28.5788383248865,9.25));
#2392=CARTESIAN_POINT('',(14.9,-28.5788383248865,18.5));
#2393=CARTESIAN_POINT('',(14.9,-28.5788383248865,9.25));
#2394=CARTESIAN_POINT('Origin',(16.5,-28.5788383248865,18.5));
#2395=CARTESIAN_POINT('Origin',(-16.5,-28.5788383248865,9.25));
#2396=CARTESIAN_POINT('',(-18.1,-28.5788383248865,18.5));
#2397=CARTESIAN_POINT('',(-18.1,-28.5788383248865,9.25));
#2398=CARTESIAN_POINT('Origin',(-16.5,-28.5788383248865,18.5));
#2399=CARTESIAN_POINT('Origin',(-33.,4.04133443718627E-15,9.25));
#2400=CARTESIAN_POINT('',(-34.6,4.23727792504984E-15,18.5));
#2401=CARTESIAN_POINT('',(-34.6,3.84539094932269E-15,9.25));
#2402=CARTESIAN_POINT('Origin',(-33.,4.04133443718627E-15,18.5));
#2403=CARTESIAN_POINT('Origin',(-16.5,28.5788383248865,9.25));
#2404=CARTESIAN_POINT('',(-18.1,28.5788383248865,18.5));
#2405=CARTESIAN_POINT('',(-18.1,28.5788383248865,9.25));
#2406=CARTESIAN_POINT('Origin',(-16.5,28.5788383248865,18.5));
#2407=CARTESIAN_POINT('Origin',(16.5,28.5788383248865,9.25));
#2408=CARTESIAN_POINT('',(14.9,28.5788383248865,18.5));
#2409=CARTESIAN_POINT('',(14.9,28.5788383248865,9.25));
#2410=CARTESIAN_POINT('Origin',(16.5,28.5788383248865,18.5));
#2411=CARTESIAN_POINT('Origin',(33.,0.,9.25));
#2412=CARTESIAN_POINT('',(31.4,1.95943487863577E-16,18.5));
#2413=CARTESIAN_POINT('',(31.4,-1.95943487863577E-16,9.25));
#2414=CARTESIAN_POINT('Origin',(33.,0.,18.5));
#2415=CARTESIAN_POINT('Origin',(-15.5,-15.5,3.3));
#2416=CARTESIAN_POINT('',(-18.5,-15.5,1.5));
#2417=CARTESIAN_POINT('Origin',(-15.5,-15.5,1.5));
#2418=CARTESIAN_POINT('',(-18.5,-15.5,5.));
#2419=CARTESIAN_POINT('',(-18.5,-15.5,3.3));
#2420=CARTESIAN_POINT('Origin',(-15.5,-15.5,5.));
#2421=CARTESIAN_POINT('Origin',(-15.5,-15.5,1.5));
#2422=CARTESIAN_POINT('',(-17.2,-15.5,1.5));
#2423=CARTESIAN_POINT('Origin',(-15.5,-15.5,1.5));
#2424=CARTESIAN_POINT('Origin',(-15.5,-15.5,2.05));
#2425=CARTESIAN_POINT('',(-17.2,-15.5,0.));
#2426=CARTESIAN_POINT('Origin',(-15.5,-15.5,0.));
#2427=CARTESIAN_POINT('',(-17.2,-15.5,2.05));
#2428=CARTESIAN_POINT('Origin',(-15.5,15.5,3.3));
#2429=CARTESIAN_POINT('',(-18.5,15.5,1.5));
#2430=CARTESIAN_POINT('Origin',(-15.5,15.5,1.5));
#2431=CARTESIAN_POINT('',(-18.5,15.5,5.));
#2432=CARTESIAN_POINT('',(-18.5,15.5,3.3));
#2433=CARTESIAN_POINT('Origin',(-15.5,15.5,5.));
#2434=CARTESIAN_POINT('Origin',(-15.5,15.5,1.5));
#2435=CARTESIAN_POINT('',(-17.2,15.5,1.5));
#2436=CARTESIAN_POINT('Origin',(-15.5,15.5,1.5));
#2437=CARTESIAN_POINT('Origin',(-15.5,15.5,2.05));
#2438=CARTESIAN_POINT('',(-17.2,15.5,0.));
#2439=CARTESIAN_POINT('Origin',(-15.5,15.5,0.));
#2440=CARTESIAN_POINT('',(-17.2,15.5,2.05));
#2441=CARTESIAN_POINT('Origin',(15.5,-15.5,3.3));
#2442=CARTESIAN_POINT('',(12.5,-15.5,1.5));
#2443=CARTESIAN_POINT('Origin',(15.5,-15.5,1.5));
#2444=CARTESIAN_POINT('',(12.5,-15.5,5.));
#2445=CARTESIAN_POINT('',(12.5,-15.5,3.3));
#2446=CARTESIAN_POINT('Origin',(15.5,-15.5,5.));
#2447=CARTESIAN_POINT('Origin',(15.5,-15.5,1.5));
#2448=CARTESIAN_POINT('',(13.8,-15.5,1.5));
#2449=CARTESIAN_POINT('Origin',(15.5,-15.5,1.5));
#2450=CARTESIAN_POINT('Origin',(15.5,-15.5,2.05));
#2451=CARTESIAN_POINT('',(13.8,-15.5,0.));
#2452=CARTESIAN_POINT('Origin',(15.5,-15.5,0.));
#2453=CARTESIAN_POINT('',(13.8,-15.5,2.05));
#2454=CARTESIAN_POINT('Origin',(15.5,15.5,3.3));
#2455=CARTESIAN_POINT('',(12.5,15.5,1.5));
#2456=CARTESIAN_POINT('Origin',(15.5,15.5,1.5));
#2457=CARTESIAN_POINT('',(12.5,15.5,5.));
#2458=CARTESIAN_POINT('',(12.5,15.5,3.3));
#2459=CARTESIAN_POINT('Origin',(15.5,15.5,5.));
#2460=CARTESIAN_POINT('Origin',(15.5,15.5,1.5));
#2461=CARTESIAN_POINT('',(13.8,15.5,1.5));
#2462=CARTESIAN_POINT('Origin',(15.5,15.5,1.5));
#2463=CARTESIAN_POINT('Origin',(15.5,15.5,2.05));
#2464=CARTESIAN_POINT('',(13.8,15.5,0.));
#2465=CARTESIAN_POINT('Origin',(15.5,15.5,0.));
#2466=CARTESIAN_POINT('',(13.8,15.5,2.05));
#2467=CARTESIAN_POINT('Origin',(0.,0.,2.05));
#2468=CARTESIAN_POINT('',(-7.,-8.57252759403147E-16,2.2));
#2469=CARTESIAN_POINT('Origin',(0.,0.,2.2));
#2470=CARTESIAN_POINT('',(-7.,8.57252759403147E-16,5.));
#2471=CARTESIAN_POINT('',(-7.,-8.57252759403147E-16,2.05));
#2472=CARTESIAN_POINT('Origin',(0.,0.,5.));
#2473=CARTESIAN_POINT('Origin',(0.,0.,0.6));
#2474=CARTESIAN_POINT('',(-11.25,-1.37772764904077E-15,0.));
#2475=CARTESIAN_POINT('Origin',(0.,0.,0.));
#2476=CARTESIAN_POINT('',(-11.25,-1.37772764904077E-15,2.2));
#2477=CARTESIAN_POINT('',(-11.25,-1.37772764904077E-15,0.6));
#2478=CARTESIAN_POINT('Origin',(0.,0.,2.2));
#2479=CARTESIAN_POINT('Origin',(0.,0.,2.2));
#2480=CARTESIAN_POINT('Origin',(26.7560385620119,-8.25314488350533,0.295));
#2481=CARTESIAN_POINT('',(23.1158746275857,-8.25314488350533,0.));
#2482=CARTESIAN_POINT('Origin',(26.7560385620119,-8.25314488350533,0.));
#2483=CARTESIAN_POINT('',(23.7060385620119,-8.25314488350533,0.6));
#2484=CARTESIAN_POINT('',(23.4060385620119,-8.25314488350533,0.295));
#2485=CARTESIAN_POINT('Origin',(26.7560385620119,-8.25314488350533,0.6));
#2486=CARTESIAN_POINT('Origin',(26.7560385620119,-8.25314488350533,2.05));
#2487=CARTESIAN_POINT('',(23.7060385620119,-8.25314488350533,5.));
#2488=CARTESIAN_POINT('',(23.7060385620119,-8.25314488350533,2.05));
#2489=CARTESIAN_POINT('Origin',(26.7560385620119,-8.25314488350533,5.));
#2490=CARTESIAN_POINT('Origin',(23.1346856808478,-15.7729616257814,0.295));
#2491=CARTESIAN_POINT('',(19.4945217464216,-15.7729616257814,0.));
#2492=CARTESIAN_POINT('Origin',(23.1346856808478,-15.7729616257814,0.));
#2493=CARTESIAN_POINT('',(20.0846856808478,-15.7729616257814,0.6));
#2494=CARTESIAN_POINT('',(19.7846856808478,-15.7729616257814,0.295));
#2495=CARTESIAN_POINT('Origin',(23.1346856808478,-15.7729616257814,0.6));
#2496=CARTESIAN_POINT('Origin',(23.1346856808478,-15.7729616257814,2.05));
#2497=CARTESIAN_POINT('',(20.0846856808478,-15.7729616257814,5.));
#2498=CARTESIAN_POINT('',(20.0846856808478,-15.7729616257814,2.05));
#2499=CARTESIAN_POINT('Origin',(23.1346856808478,-15.7729616257814,5.));
#2500=CARTESIAN_POINT('Origin',(17.4577144520445,-21.8912815091048,2.05));
#2501=CARTESIAN_POINT('',(14.4077144520445,-21.8912815091048,5.));
#2502=CARTESIAN_POINT('',(14.4077144520445,-21.8912815091048,2.05));
#2503=CARTESIAN_POINT('Origin',(17.4577144520445,-21.8912815091048,5.));
#2504=CARTESIAN_POINT('Origin',(10.2295486822591,-26.0644649620377,0.295));
#2505=CARTESIAN_POINT('',(6.58938474783284,-26.0644649620377,-1.04083408558608E-15));
#2506=CARTESIAN_POINT('Origin',(10.2295486822591,-26.0644649620377,0.));
#2507=CARTESIAN_POINT('',(7.17954868225907,-26.0644649620377,0.6));
#2508=CARTESIAN_POINT('',(6.87954868225907,-26.0644649620377,0.295));
#2509=CARTESIAN_POINT('Origin',(10.2295486822591,-26.0644649620377,0.6));
#2510=CARTESIAN_POINT('Origin',(10.2295486822591,-26.0644649620377,0.));
#2511=CARTESIAN_POINT('Origin',(10.2295486822591,-26.0644649620377,2.05));
#2512=CARTESIAN_POINT('',(7.17954868225907,-26.0644649620377,5.));
#2513=CARTESIAN_POINT('',(7.17954868225907,-26.0644649620377,2.05));
#2514=CARTESIAN_POINT('Origin',(10.2295486822591,-26.0644649620377,5.));
#2515=CARTESIAN_POINT('Origin',(2.09244262041988,-27.921706321073,0.295));
#2516=CARTESIAN_POINT('',(-1.54772131400635,-27.921706321073,0.));
#2517=CARTESIAN_POINT('Origin',(2.09244262041988,-27.921706321073,0.));
#2518=CARTESIAN_POINT('',(-0.957557379580117,-27.921706321073,0.6));
#2519=CARTESIAN_POINT('',(-1.25755737958012,-27.921706321073,0.295));
#2520=CARTESIAN_POINT('Origin',(2.09244262041988,-27.921706321073,0.6));
#2521=CARTESIAN_POINT('Origin',(2.09244262041988,-27.921706321073,2.05));
#2522=CARTESIAN_POINT('',(-0.957557379580118,-27.921706321073,5.));
#2523=CARTESIAN_POINT('',(-0.957557379580118,-27.921706321073,2.05));
#2524=CARTESIAN_POINT('Origin',(2.09244262041988,-27.921706321073,5.));
#2525=CARTESIAN_POINT('Origin',(-6.23058615077681,-27.2979815410911,0.295));
#2526=CARTESIAN_POINT('',(-9.87075008520304,-27.2979815410911,0.));
#2527=CARTESIAN_POINT('Origin',(-6.23058615077681,-27.2979815410911,0.));
#2528=CARTESIAN_POINT('',(-9.28058615077681,-27.2979815410911,0.6));
#2529=CARTESIAN_POINT('',(-9.58058615077681,-27.2979815410911,0.295));
#2530=CARTESIAN_POINT('Origin',(-6.23058615077681,-27.2979815410911,0.6));
#2531=CARTESIAN_POINT('Origin',(-6.23058615077681,-27.2979815410911,2.05));
#2532=CARTESIAN_POINT('',(-9.28058615077681,-27.2979815410911,5.));
#2533=CARTESIAN_POINT('',(-9.28058615077681,-27.2979815410911,2.05));
#2534=CARTESIAN_POINT('Origin',(-6.23058615077681,-27.2979815410911,5.));
#2535=CARTESIAN_POINT('Origin',(-14.,-24.2487113059643,2.05));
#2536=CARTESIAN_POINT('',(-17.05,-24.2487113059643,5.));
#2537=CARTESIAN_POINT('',(-17.05,-24.2487113059643,2.05));
#2538=CARTESIAN_POINT('Origin',(-14.,-24.2487113059643,5.));
#2539=CARTESIAN_POINT('Origin',(-20.5254524112351,-19.0448366575857,0.295));
#2540=CARTESIAN_POINT('',(-24.1656163456614,-19.0448366575857,0.));
#2541=CARTESIAN_POINT('Origin',(-20.5254524112351,-19.0448366575857,0.));
#2542=CARTESIAN_POINT('',(-23.5754524112351,-19.0448366575857,0.6));
#2543=CARTESIAN_POINT('',(-23.8754524112351,-19.0448366575857,0.295));
#2544=CARTESIAN_POINT('Origin',(-20.5254524112351,-19.0448366575857,0.6));
#2545=CARTESIAN_POINT('Origin',(-20.5254524112351,-19.0448366575857,2.05));
#2546=CARTESIAN_POINT('',(-23.5754524112351,-19.0448366575857,5.));
#2547=CARTESIAN_POINT('',(-23.5754524112351,-19.0448366575857,2.05));
#2548=CARTESIAN_POINT('Origin',(-20.5254524112351,-19.0448366575857,5.));
#2549=CARTESIAN_POINT('Origin',(-25.2271283012677,-12.1487446952916,0.295));
#2550=CARTESIAN_POINT('',(-28.867292235694,-12.1487446952916,0.));
#2551=CARTESIAN_POINT('Origin',(-25.2271283012677,-12.1487446952916,0.));
#2552=CARTESIAN_POINT('',(-28.2771283012677,-12.1487446952916,0.6));
#2553=CARTESIAN_POINT('',(-28.5771283012677,-12.1487446952916,0.295));
#2554=CARTESIAN_POINT('Origin',(-25.2271283012677,-12.1487446952916,0.6));
#2555=CARTESIAN_POINT('Origin',(-25.2271283012677,-12.1487446952916,2.05));
#2556=CARTESIAN_POINT('',(-28.2771283012677,-12.1487446952916,5.));
#2557=CARTESIAN_POINT('',(-28.2771283012677,-12.1487446952916,2.05));
#2558=CARTESIAN_POINT('Origin',(-25.2271283012677,-12.1487446952916,5.));
#2559=CARTESIAN_POINT('Origin',(-27.6872631343036,-4.17318345293287,2.05));
#2560=CARTESIAN_POINT('',(-30.7372631343036,-4.17318345293287,5.));
#2561=CARTESIAN_POINT('',(-30.7372631343036,-4.17318345293287,2.05));
#2562=CARTESIAN_POINT('Origin',(-27.6872631343036,-4.17318345293287,5.));
#2563=CARTESIAN_POINT('Origin',(-27.6872631343036,4.17318345293289,0.295));
#2564=CARTESIAN_POINT('',(-31.3274270687298,4.17318345293289,-1.28369537222284E-15));
#2565=CARTESIAN_POINT('Origin',(-27.6872631343036,4.17318345293289,0.));
#2566=CARTESIAN_POINT('',(-30.7372631343036,4.17318345293289,0.6));
#2567=CARTESIAN_POINT('',(-31.0372631343036,4.17318345293289,0.295));
#2568=CARTESIAN_POINT('Origin',(-27.6872631343036,4.17318345293289,0.6));
#2569=CARTESIAN_POINT('Origin',(-27.6872631343036,4.17318345293289,0.));
#2570=CARTESIAN_POINT('Origin',(-27.6872631343036,4.17318345293289,2.05));
#2571=CARTESIAN_POINT('',(-30.7372631343036,4.17318345293289,5.));
#2572=CARTESIAN_POINT('',(-30.7372631343036,4.17318345293289,2.05));
#2573=CARTESIAN_POINT('Origin',(-27.6872631343036,4.17318345293289,5.));
#2574=CARTESIAN_POINT('Origin',(-25.2271283012677,12.1487446952916,0.295));
#2575=CARTESIAN_POINT('',(-28.867292235694,12.1487446952916,0.));
#2576=CARTESIAN_POINT('Origin',(-25.2271283012677,12.1487446952916,0.));
#2577=CARTESIAN_POINT('',(-28.2771283012677,12.1487446952916,0.6));
#2578=CARTESIAN_POINT('',(-28.5771283012677,12.1487446952916,0.295));
#2579=CARTESIAN_POINT('Origin',(-25.2271283012677,12.1487446952916,0.6));
#2580=CARTESIAN_POINT('Origin',(-25.2271283012677,12.1487446952916,2.05));
#2581=CARTESIAN_POINT('',(-28.2771283012677,12.1487446952916,5.));
#2582=CARTESIAN_POINT('',(-28.2771283012677,12.1487446952916,2.05));
#2583=CARTESIAN_POINT('Origin',(-25.2271283012677,12.1487446952916,5.));
#2584=CARTESIAN_POINT('Origin',(-20.5254524112351,19.0448366575857,0.295));
#2585=CARTESIAN_POINT('',(-24.1656163456614,19.0448366575857,0.));
#2586=CARTESIAN_POINT('Origin',(-20.5254524112351,19.0448366575857,0.));
#2587=CARTESIAN_POINT('',(-23.5754524112351,19.0448366575857,0.6));
#2588=CARTESIAN_POINT('',(-23.8754524112351,19.0448366575857,0.295));
#2589=CARTESIAN_POINT('Origin',(-20.5254524112351,19.0448366575857,0.6));
#2590=CARTESIAN_POINT('Origin',(-20.5254524112351,19.0448366575857,2.05));
#2591=CARTESIAN_POINT('',(-23.5754524112351,19.0448366575857,5.));
#2592=CARTESIAN_POINT('',(-23.5754524112351,19.0448366575857,2.05));
#2593=CARTESIAN_POINT('Origin',(-20.5254524112351,19.0448366575857,5.));
#2594=CARTESIAN_POINT('Origin',(-14.,24.2487113059643,2.05));
#2595=CARTESIAN_POINT('',(-17.05,24.2487113059643,5.));
#2596=CARTESIAN_POINT('',(-17.05,24.2487113059643,2.05));
#2597=CARTESIAN_POINT('Origin',(-14.,24.2487113059643,5.));
#2598=CARTESIAN_POINT('Origin',(-6.2305861507768,27.2979815410911,0.295));
#2599=CARTESIAN_POINT('',(-9.87075008520303,27.2979815410911,0.));
#2600=CARTESIAN_POINT('Origin',(-6.2305861507768,27.2979815410911,0.));
#2601=CARTESIAN_POINT('',(-9.2805861507768,27.2979815410911,0.6));
#2602=CARTESIAN_POINT('',(-9.5805861507768,27.2979815410911,0.295));
#2603=CARTESIAN_POINT('Origin',(-6.2305861507768,27.2979815410911,0.6));
#2604=CARTESIAN_POINT('Origin',(-6.2305861507768,27.2979815410911,2.05));
#2605=CARTESIAN_POINT('',(-9.2805861507768,27.2979815410911,5.));
#2606=CARTESIAN_POINT('',(-9.2805861507768,27.2979815410911,2.05));
#2607=CARTESIAN_POINT('Origin',(-6.2305861507768,27.2979815410911,5.));
#2608=CARTESIAN_POINT('Origin',(2.09244262041988,27.921706321073,0.295));
#2609=CARTESIAN_POINT('',(-1.54772131400635,27.921706321073,0.));
#2610=CARTESIAN_POINT('Origin',(2.09244262041988,27.921706321073,0.));
#2611=CARTESIAN_POINT('',(-0.957557379580116,27.921706321073,0.6));
#2612=CARTESIAN_POINT('',(-1.25755737958012,27.921706321073,0.295));
#2613=CARTESIAN_POINT('Origin',(2.09244262041988,27.921706321073,0.6));
#2614=CARTESIAN_POINT('Origin',(2.09244262041988,27.921706321073,2.05));
#2615=CARTESIAN_POINT('',(-0.957557379580117,27.921706321073,5.));
#2616=CARTESIAN_POINT('',(-0.957557379580117,27.921706321073,2.05));
#2617=CARTESIAN_POINT('Origin',(2.09244262041988,27.921706321073,5.));
#2618=CARTESIAN_POINT('Origin',(10.2295486822591,26.0644649620377,2.05));
#2619=CARTESIAN_POINT('',(7.17954868225906,26.0644649620377,5.));
#2620=CARTESIAN_POINT('',(7.17954868225906,26.0644649620377,2.05));
#2621=CARTESIAN_POINT('Origin',(10.2295486822591,26.0644649620377,5.));
#2622=CARTESIAN_POINT('Origin',(17.4577144520445,21.8912815091048,0.295));
#2623=CARTESIAN_POINT('',(13.8175505176183,21.8912815091048,-1.04083408558608E-15));
#2624=CARTESIAN_POINT('Origin',(17.4577144520445,21.8912815091048,0.));
#2625=CARTESIAN_POINT('',(14.4077144520445,21.8912815091048,0.6));
#2626=CARTESIAN_POINT('',(14.1077144520445,21.8912815091048,0.295));
#2627=CARTESIAN_POINT('Origin',(17.4577144520445,21.8912815091048,0.6));
#2628=CARTESIAN_POINT('Origin',(17.4577144520445,21.8912815091048,0.));
#2629=CARTESIAN_POINT('Origin',(17.4577144520445,21.8912815091048,2.05));
#2630=CARTESIAN_POINT('',(14.4077144520445,21.8912815091048,5.));
#2631=CARTESIAN_POINT('',(14.4077144520445,21.8912815091048,2.05));
#2632=CARTESIAN_POINT('Origin',(17.4577144520445,21.8912815091048,5.));
#2633=CARTESIAN_POINT('Origin',(23.1346856808479,15.7729616257814,0.295));
#2634=CARTESIAN_POINT('',(19.4945217464216,15.7729616257814,0.));
#2635=CARTESIAN_POINT('Origin',(23.1346856808479,15.7729616257814,0.));
#2636=CARTESIAN_POINT('',(20.0846856808479,15.7729616257814,0.6));
#2637=CARTESIAN_POINT('',(19.7846856808479,15.7729616257814,0.295));
#2638=CARTESIAN_POINT('Origin',(23.1346856808479,15.7729616257814,0.6));
#2639=CARTESIAN_POINT('Origin',(23.1346856808479,15.7729616257814,2.05));
#2640=CARTESIAN_POINT('',(20.0846856808479,15.7729616257814,5.));
#2641=CARTESIAN_POINT('',(20.0846856808479,15.7729616257814,2.05));
#2642=CARTESIAN_POINT('Origin',(23.1346856808479,15.7729616257814,5.));
#2643=CARTESIAN_POINT('Origin',(26.7560385620119,8.25314488350532,0.295));
#2644=CARTESIAN_POINT('',(23.1158746275857,8.25314488350532,0.));
#2645=CARTESIAN_POINT('Origin',(26.7560385620119,8.25314488350532,0.));
#2646=CARTESIAN_POINT('',(23.7060385620119,8.25314488350532,0.6));
#2647=CARTESIAN_POINT('',(23.4060385620119,8.25314488350532,0.295));
#2648=CARTESIAN_POINT('Origin',(26.7560385620119,8.25314488350532,0.6));
#2649=CARTESIAN_POINT('Origin',(26.7560385620119,8.25314488350532,2.05));
#2650=CARTESIAN_POINT('',(23.7060385620119,8.25314488350532,5.));
#2651=CARTESIAN_POINT('',(23.7060385620119,8.25314488350532,2.05));
#2652=CARTESIAN_POINT('Origin',(26.7560385620119,8.25314488350532,5.));
#2653=CARTESIAN_POINT('Origin',(28.,0.,2.05));
#2654=CARTESIAN_POINT('',(24.95,3.73517273739943E-16,5.));
#2655=CARTESIAN_POINT('',(24.95,-3.73517273739943E-16,2.05));
#2656=CARTESIAN_POINT('Origin',(28.,0.,5.));
#2657=CARTESIAN_POINT('Origin',(0.,0.,12.25));
#2658=CARTESIAN_POINT('',(-31.25,-3.82702124733548E-15,5.));
#2659=CARTESIAN_POINT('Origin',(0.,0.,5.));
#2660=CARTESIAN_POINT('',(-31.25,3.82702124733548E-15,18.5));
#2661=CARTESIAN_POINT('',(-31.25,-3.82702124733548E-15,12.25));
#2662=CARTESIAN_POINT('Origin',(0.,0.,18.5));
#2663=CARTESIAN_POINT('Origin',(0.,0.,5.));
#2664=CARTESIAN_POINT('Origin',(0.,0.,9.25));
#2665=CARTESIAN_POINT('',(-38.,-4.65365783675994E-15,18.5));
#2666=CARTESIAN_POINT('Origin',(0.,0.,18.5));
#2667=CARTESIAN_POINT('',(-38.,-4.65365783675994E-15,0.));
#2668=CARTESIAN_POINT('',(-38.,-4.65365783675994E-15,9.25));
#2669=CARTESIAN_POINT('Origin',(0.,0.,0.));
#2670=CARTESIAN_POINT('Origin',(0.,0.,0.));
#2671=CARTESIAN_POINT('Origin',(0.,0.,18.5));
#2672=UNCERTAINTY_MEASURE_WITH_UNIT(LENGTH_MEASURE(0.01),#2676,
'DISTANCE_ACCURACY_VALUE',
'Maximum model space distance between geometric entities at asserted c
onnectivities');
#2673=UNCERTAINTY_MEASURE_WITH_UNIT(LENGTH_MEASURE(0.01),#2676,
'DISTANCE_ACCURACY_VALUE',
'Maximum model space distance between geometric entities at asserted c
onnectivities');
#2674=(
GEOMETRIC_REPRESENTATION_CONTEXT(3)
GLOBAL_UNCERTAINTY_ASSIGNED_CONTEXT((#2672))
GLOBAL_UNIT_ASSIGNED_CONTEXT((#2676,#2678,#2679))
REPRESENTATION_CONTEXT('','3D')
);
#2675=(
GEOMETRIC_REPRESENTATION_CONTEXT(3)
GLOBAL_UNCERTAINTY_ASSIGNED_CONTEXT((#2673))
GLOBAL_UNIT_ASSIGNED_CONTEXT((#2676,#2678,#2679))
REPRESENTATION_CONTEXT('','3D')
);
#2676=(
LENGTH_UNIT()
NAMED_UNIT(*)
SI_UNIT(.MILLI.,.METRE.)
);
#2677=(
LENGTH_UNIT()
NAMED_UNIT(*)
SI_UNIT($,.METRE.)
);
#2678=(
NAMED_UNIT(*)
PLANE_ANGLE_UNIT()
SI_UNIT($,.RADIAN.)
);
#2679=(
NAMED_UNIT(*)
SI_UNIT($,.STERADIAN.)
SOLID_ANGLE_UNIT()
);
#2680=SHAPE_DEFINITION_REPRESENTATION(#2681,#2682);
#2681=PRODUCT_DEFINITION_SHAPE('',$,#2684);
#2682=SHAPE_REPRESENTATION('',(#1508),#2674);
#2683=PRODUCT_DEFINITION_CONTEXT('part definition',#2688,'design');
#2684=PRODUCT_DEFINITION('rt_cyc20_cup','rt_cyc20_cup',#2685,#2683);
#2685=PRODUCT_DEFINITION_FORMATION('',$,#2690);
#2686=PRODUCT_RELATED_PRODUCT_CATEGORY('rt_cyc20_cup','rt_cyc20_cup',(#2690));
#2687=APPLICATION_PROTOCOL_DEFINITION('international standard',
'automotive_design',2009,#2688);
#2688=APPLICATION_CONTEXT(
'Core Data for Automotive Mechanical Design Process');
#2689=PRODUCT_CONTEXT('part definition',#2688,'mechanical');
#2690=PRODUCT('rt_cyc20_cup','rt_cyc20_cup',$,(#2689));
#2691=PRESENTATION_STYLE_ASSIGNMENT((#2692));
#2692=SURFACE_STYLE_USAGE(.BOTH.,#2693);
#2693=SURFACE_SIDE_STYLE('',(#2694));
#2694=SURFACE_STYLE_FILL_AREA(#2695);
#2695=FILL_AREA_STYLE('Steel - Satin',(#2696));
#2696=FILL_AREA_STYLE_COLOUR('Steel - Satin',#2697);
#2697=COLOUR_RGB('Steel - Satin',0.627450980392157,0.627450980392157,0.627450980392157);
ENDSEC;
END-ISO-10303-21;
